OPIS Truckstop ID,Truckstop Name,Address,City,State,Rack ID,Retail Price,lat,lng
7,WOODSHED OF BIG CABIN,"I-44, EXIT 283 & US-69",Big Cabin,OK,307,3.00733333,36.537602,-95.229368
9,KWIK TRIP #796,"I-94, EXIT 143 & US-12 & SR-21",Tomah,WI,420,3.28733333,43.987927,-90.501437
20,PILOT TRAVEL CENTER #1243,"I-8, EXIT 119 & SR-85",Gila Bend,AZ,930,3.899,32.966242,-112.715465
20,PILOT #1243,"I-8, EXIT 119 & SR-85",Gila Bend,AZ,930,3.899,32.966242,-112.715465
28,LITTLEFIELD EXPRESS #2,"I-540, EXIT 12 & US-71",Fort Smith,AR,645,3.399,35.349276,-94.370883
35,ACI TRUCK STOP,US-46,Columbia,NJ,90,3.079,40.925868,-75.094062
36,SHENANDOAH TRUCK CENTER,"I-81, EXIT 273 & SR-703/SR-292",Mount Jackson,VA,60,2.899,38.738878,-78.650918
44,CIRCLE K #2612042,"I-35,  EXIT 271",Jarrell,TX,595,2.919,30.810264,-97.615122
46,PETRO STOPPING CENTER #348,"I-85,  EXIT 22 & CR-138",Shorter,AL,720,3.154,32.411501,-85.972808
49,TA SEYMOUR TRAVEL CENTER,"I-65, EXIT 50 & US-50 & US-31",Seymour,IN,415,3.959,38.946847,-85.889180
50,TA COUNCIL BLUFFS TRAVEL CENTER,"I-29 & I-80, EXIT 3",Council Bluffs,IA,319,3.72566666,41.236585,-95.852805
56,TOPS TRUCK STOP,"I-94, EXIT 182 & US-83",Sterling,ND,390,3.51566666,46.851260,-100.267087
75,Good 2 Go #709,US-50,Montrose,CO,810,3.424,38.468783,-107.858959
77,OASIS TRAVEL PLAZA,US-13,Laurel,DE,243,3.229,38.571457,-75.571134
79,DELAWARE TRUCK PLAZA,US-13 & US-40,New Castle,DE,243,3.249,39.670017,-75.566519
81,One9 #89,"I-75, EXIT 224",Ellenton,FL,225,3.439,27.526580,-82.526683
91,MOLLYS FOOD & FUEL,"I-20 & ST 22, EXIT 55",Crawfordville,GA,135,3.499,33.554641,-82.896695
105,TA SAGINAW I 75 TRAVEL CENTER,"I-75, EXIT 144-B",Bridgeport,MI,260,3.269,43.370815,-83.881964
105,TA SAGINAW I 75 TRAVEL CENTER,"I-75, EXIT 144-B",Bridgeport,MI,260,3.339,43.370815,-83.881964
105,TA SAGINAW I 75 TRAVEL CENTER,"I-75, EXIT 144-B",Bridgeport,MI,260,3.429,43.370815,-83.881964
105,TA SAGINAW I 75 TRAVEL CENTER,"I-75, EXIT 144-B",Bridgeport,MI,260,3.289,43.370815,-83.881964
105,TA SAGINAW I 75 TRAVEL CENTER,"I-75, EXIT 144-B",Bridgeport,MI,260,3.399,43.370815,-83.881964
105,TA SAGINAW I 75 TRAVEL CENTER,"I-75, EXIT 144-B",Bridgeport,MI,260,3.299,43.370815,-83.881964
118,Lupton Truck Stop #567,"I-40, EXIT 359",Lupton,AZ,580,3.299,35.354743,-109.052817
121,PETRO STOPPING CENTER #306,"I-10, EXIT 200",Eloy,AZ,930,3.474,32.741255,-111.594015
127,CIRCLE K #4700095,US-41,Henderson,KY,340,3.609,37.838416,-87.580971
128,THE EFFINGHAM CHROME SHOP,"I-57 & I-70, EXIT 159",Effingham,IL,510,3.399,39.120662,-88.550859
128,THE EFFINGHAM CHROME SHOP,"I-57 & I-70, EXIT 159",Effingham,IL,510,3.349,39.120662,-88.550859
128,THE EFFINGHAM CHROME SHOP,"I-57 & I-70, EXIT 159",Effingham,IL,510,3.549,39.120662,-88.550859
135,LOVES TRAVEL STOP #766,"I-80, EXIT 27",Atkinson,IL,290,3.589,41.413245,-90.005345
135,LOVES TRAVEL STOP #766,"I-80, EXIT 27",Atkinson,IL,290,3.389,41.413245,-90.005345
135,LOVES TRAVEL STOP #766,"I-80, EXIT 27",Atkinson,IL,290,3.449,41.413245,-90.005345
147,SPEEDWAY #8039,"I-69, EXIT 234 & SR-67",Daleville,IN,375,3.624,40.118872,-85.556247
149,RAYS TRUCK WASH,"I-69, EXIT 309 & US-30",Fort Wayne,IN,370,3.59233333,41.088193,-85.142791
151,CUBBYS #2101,"I-80, EXIT 211 & SR-47",Gothenburg,NE,475,3.13233333,40.924676,-100.153929
159,PILOT TRAVEL CENTER #87,"I-10, EXIT 343",Jacksonville,FL,75,3.859,30.336864,-81.661603
159,PILOT TRAVEL CENTERS #87,"I-10, EXIT 343",Jacksonville,FL,75,3.859,30.336864,-81.661603
160,PILOT TRAVEL CENTERS #79,"I-12, EXIT 10 AT MILE 10",Denham Springs,LA,600,3.23233333,30.474329,-90.959027
164,FLYING J TRAVEL PLAZA #650,"I-94, EXIT 15 B",Lake Station,IN,365,3.809,41.576735,-87.252878
167,FLYING J TRAVEL PLAZA #653,RT 2 & I-65 EXIT 240,Hebron,IN,365,3.43566666,41.325085,-87.201916
174,Hop-In Food Stores,US-59 & SR-224,Nacogdoches,TX,618,2.859,31.612364,-94.652046
184,SAPP BROS TRAVEL CENTER,"I-29 & I-80, EXIT 1B",Council Bluffs,IA,486,3.719,41.236585,-95.852805
186,COFFEE CUP FUEL STOP #5,"I-90, EXIT 154 & US-16",Moorcroft,WY,822,3.239,44.264483,-104.947564
187,DUDLEYS CORNER,"I-35, EXIT 165 & SR-3",Latimer,IA,433,3.23233333,42.762921,-93.365518
191,KUM & GO #0302,"I-35, EXIT 193 & SR 106",Clear Lake,IA,433,3.18566666,43.135090,-93.373651
192,Brew Stuart Truckstop,"I-80, EXIT 93",Stuart,IA,320,3.099,41.500464,-94.318105
195,PETRO STOPPING CENTER #311,"I-40 & I-55, EXIT 280",West Memphis,AR,435,3.36733333,35.149554,-90.199266
198,SINCLAIR,"I-76, EXIT 115",Atwood,CO,800,3.299,40.550485,-103.274631
199,PETRO STOPPING CENTER #366,"I-70, EXIT 252",Salina,KS,523,3.80566666,38.813085,-97.614477
203,PILOT TRAVEL CENTER #31,"I-80/94, EXIT 2",Highland,IN,365,3.829,38.046149,-87.561715
203,PILOT TRAVEL CENTERS #31,"I-80/94, EXIT 2",Highland,IN,365,3.799,38.046149,-87.561715
207,MARATHON,SR-32,Sardinia,OH,300,3.56566666,39.007113,-83.802101
216,CIRCLE K #2721593,"I-10, EXIT 50",Ocean Springs,MS,715,3.41566666,30.402704,-88.788647
217,NORTH 9TH 24/7,"I-70, EXIT 252",Salina,KS,523,3.02566666,38.813085,-97.614477
231,DERBY CITYS TRUCK PLAZA,"I-75, EXIT 62 & US-25",Mount Vernon,KY,410,2.999,37.357071,-84.332869
235,PILOT TRAVEL CENTERS #92,"I-75, EXIT 358",Ocala,FL,225,3.359,29.177510,-82.151025
235,PILOT TRAVEL CENTER #92,"I-75, EXIT 358",Ocala,FL,225,3.41233333,29.177510,-82.151025
240,LA 1 SOUTH TRUCKSTOP,"I-10, EXIT 153 & SR-1",Port Allen,LA,600,3.039,30.443835,-91.207410
243,SAVE,US-41 & SR-10,Lake Village,IN,399,3.179,41.130830,-87.439024
244,BIG D TRUCK TRAVEL PLAZA,"I-10, EXIT 92 & SR-95",Duson,LA,725,2.98233333,30.238360,-92.189070
248,Mardi Gras Truck Stop,"I-10, EXIT 236",New Orleans,LA,725,3.729,30.053420,-89.934502
250,GOLDEN OX TRUCK STOP,"I-70/US-40, EXIT 159 & US-183",Hays,KS,523,3.499,38.882156,-99.321975
253,LOVES TRAVEL STOP #450,"I-40, EXIT 280 & I-55, EXIT 4",West Memphis,AR,435,3.32566666,35.149554,-90.199266
256,BFS FOODS #66,"I-68/US-40, EXIT 22 & US-219",Grantsville,MD,165,3.899,39.696916,-79.152849
257,PILOT TRAVEL CENTER #917- TOWN PUMP,I-15 & 31ST STREET EXIT 277,Great Falls,MT,815,3.63566666,47.502518,-111.299970
263,CASEYS #3956,I-94 EXIT 16,Bridgman,MI,465,3.559,41.935169,-86.567110
267,CORNER MARKET #117,SR-154 & SR-129,Dodge City,KS,357,3.399,37.760670,-100.017863
269,PILOT TRAVEL CENTERS #24,"I-75, EXIT 15",Monroe,MI,325,3.299,41.916586,-83.384324
269,PILOT TRAVEL CENTERS #24,"I-75, EXIT 15",Monroe,MI,325,3.249,41.916586,-83.384324
269,PILOT TRAVEL CENTERS #24,"I-75, EXIT 15",Monroe,MI,325,3.439,41.916586,-83.384324
269,PILOT TRAVEL CENTERS #24,"I-75, EXIT 15",Monroe,MI,325,3.349,41.916586,-83.384324
269,PILOT TRAVEL CENTERS #24,"I-75, EXIT 15",Monroe,MI,325,3.559,41.916586,-83.384324
278,CARLISLE PLAZA,US-41,Carlisle,IN,510,3.499,38.960778,-87.401424
281,CIRCLE K #4700065,"I-65, EXIT 76 & US-31",Taylorsville,IN,375,3.399,39.296476,-85.950274
289,LOVES TRAVEL STOP #173,"I-70, MM 209",Lawrence,KS,553,3.229,38.959551,-95.265468
292,PETES #56,US-169 & CR-5000,Cherryvale,KS,307,3.23233333,37.269148,-95.553354
293,LOVES TRAVEL STOP #176,"I-35, MILE MARKER 97",Matfield Green,KS,336,3.25566666,38.159651,-96.562014
304,FL Roberts,"I-91, EXIT 4",Springfield,MA,100,3.599,42.115454,-72.539978
309,QUIKTRIP #231,"I-635, EXIT 3",Kansas City,KS,400,3.199,39.122539,-94.741781
323,SAPP BROS TRAVEL CENTER,"I-80, EXIT 126",Ogallala,NE,475,3.46566666,41.129595,-101.720677
326,FLYING J TRAVEL PLAZA #748,"I-15, EXIT 357",Willard,UT,835,3.749,41.403172,-112.042539
347,7-ELEVEN #40514,I-90/80-IN TOLL RD MM 22E,Portage,IN,365,3.99066666,41.588490,-87.179456
358,TA BINGHAMTON TRAVELCENTER,"I-81N, EXIT 2W & I-81S, EXIT 3",Binghamton,NY,32,3.769,42.101331,-75.909369
358,TA BINGHAMTON TRAVELCENTER,"I-81N, EXIT 2W & I-81S, EXIT 3",Binghamton,NY,32,3.689,42.101331,-75.909369
358,TA BINGHAMTON TRAVELCENTER,"I-81N, EXIT 2W & I-81S, EXIT 3",Binghamton,NY,32,3.699,42.101331,-75.909369
358,TA BINGHAMTON TRAVELCENTER,"I-81N, EXIT 2W & I-81S, EXIT 3",Binghamton,NY,32,3.739,42.101331,-75.909369
361,CIRCLE K #2726293,"I-295, EXIT 25",Jacksonville,FL,75,3.31566666,30.336864,-81.661603
372,GAS DEPOT,"I-94, EXIT 5",Hammond,IN,365,3.999,41.618736,-87.494949
381,7-Eleven #41830,US-69 & US-135,Jacksonville,TX,630,2.91566666,31.959514,-95.265705
387,Circle K #2709664,"I-8, EXIT 12",Yuma,AZ,930,3.489,32.516286,-114.521782
388,Pilot Travel Centers #14,"I-71, EXIT 131",Sunbury,OH,315,3.719,40.242041,-82.870763
391,PILOT TRAVEL CENTERS #13,"I-71, EXIT 209",Seville,OH,305,3.699,41.020726,-81.867136
403,TRUCKOMAT OF HEBRON,"I-70, EXIT 126 & SR-37",Hebron,OH,315,3.429,39.965248,-82.486506
407,FUEL MART #641,"I-80 & I-280, EXIT 71",Perrysburg,OH,550,3.499,41.538986,-83.644132
421,PETRO STOPPING CENTER #316,"I-40 & I-35, EXIT 127",Oklahoma City,OK,483,3.30233333,35.467079,-97.513657
424,E EXPRESS,"I-40, EXIT 166",Choctaw,OK,483,2.899,35.484983,-97.269942
425,Neighbors Express,"I-16, EXIT 51",Dublin,GA,85,3.299,32.535471,-82.928807
442,WESTERN COOP,US-385 & SR-2,Alliance,NE,795,3.324,42.102567,-102.876188
456,THE COUNTRY OASIS,US-24,Woodburn,IN,370,3.399,41.128114,-84.850513
458,HAPPY HILLS GAS & COFFEE,I-29 EXIT 110,Rock Port,MO,400,3.399,40.410911,-95.533087
460,TRUCK STOP 44,I-20 EXIT 44,Gilbert,SC,135,3.079,33.924111,-81.391042
461,SPINX #271,"I-26, EXIT 145 & US-601",Orangeburg,SC,42,3.26233333,33.493596,-80.866880
469,LOAF N JUG #750010,US-160 & SR-17,Alamosa,CO,803,3.259,37.474528,-105.876956
474,KEWANEE 1 STOP,"I-20, EXIT 169 & US-80",Toomsuba,MS,705,3.299,32.430282,-88.507088
478,GASTRAK OF PEMBINA,"I-29, EXIT 215",Pembina,ND,355,3.299,48.967087,-97.246861
483,ALLSUPS #2387,US-54/SR-136/SR-3 & US-64,Guymon,OK,585,2.97566666,36.690101,-101.477046
486,LA NORIA CONV STORES,"I-35 N, EXIT 4",Laredo,TX,693,3.299,27.560379,-99.489181
489,EDDIES CORNER,US-87 & US-191,Moore,MT,815,3.749,46.974956,-109.695113
496,PILOT TRAVEL CENTERS #270,"I-40 & I-75, EXIT 374",Knoxville,TN,405,3.439,35.970680,-83.949270
509,LOVES TRAVEL STOPS #256,"I-10, EXIT 140B",Van Horn,TX,640,3.649,31.040670,-104.834156
509,LOVES TRAVEL STOP #256,"I-10, EXIT 140B",Van Horn,TX,640,3.649,31.040670,-104.834156
522,GO MART FOOD STORE #57,"I-70 & ST-285, EXIT 186",Lore City,OH,430,3.179,39.983203,-81.460077
523,CIRCLE K #2723322,"I-985, EXIT 20 & SR-60",Gainesville,GA,18,3.26566666,34.290100,-83.829106
525,FASTBREAK,US-45 ALT,West Point,MS,705,3.059,33.606236,-88.657568
546,PLAZA 30,US-30,Wanatah,IN,365,3.499,41.430561,-86.892347
557,SAPP BROS TRAVEL CENTER,"I-80, EXIT 73",Peru,IL,290,3.389,41.357929,-89.139390
557,SAPP BROS TRAVEL CENTER,"I-80, EXIT 73",Peru,IL,290,3.589,41.357929,-89.139390
557,SAPP BROS TRAVEL CENTER,"I-80, EXIT 73",Peru,IL,290,3.449,41.357929,-89.139390
557,SAPP BROS TRAVEL CENTER,"I-80, EXIT 73",Peru,IL,290,3.289,41.357929,-89.139390
559,SHELL MORGAN ROAD TRUCK STOP,"I-40, EXIT 142",Maumelle,AR,695,3.20733333,34.852344,-92.399995
566,TA GARY TRAVEL CENTER,"I-80/I-94, EXIT 6",Gary,IN,365,3.83066666,41.590740,-87.347113
567,TA ELOY TRAVEL CENTER,"I-10 & I-8, EXIT 203",Eloy,AZ,930,3.459,32.741255,-111.594015
572,PILOT TRAVEL CENTER #881,"I-69, EXIT 309A",Fort Wayne,IN,370,3.899,41.088193,-85.142791
572,PILOT TRAVEL CENTERS #881,"I-69, EXIT 309A",Fort Wayne,IN,370,3.879,41.088193,-85.142791
576,PETRO STOPPING CENTER #343,"I-10, EXIT 76",Egan,LA,600,3.624,30.245515,-92.511594
578,LOVES TRAVEL STOP #449,"I-84, EXIT 17",Troutdale,OR,935,3.779,45.539220,-122.392673
579,FLYING J TRAVEL PLAZA #764,"I-80, EXIT 104 & US-191",Rock Springs,WY,835,3.67066666,41.594705,-109.220921
586,AMERISTAR TRAVEL PLAZA #120,"I-82, EXIT 80",Prosser,WA,925,4.399,46.209022,-119.767753
586,AMERISTAR TRAVEL PLAZA #120,"I-82, EXIT 80",Prosser,WA,925,4.559,46.209022,-119.767753
588,TA TUSCALOOSA TRAVEL CENTER,"I-20/I-59, EXIT 77",Cottondale,AL,615,2.964,33.193047,-87.454861
591,TA Concordia Travel Plaza,"I-70, EXIT 58 & SR-23",Concordia,MO,400,3.22566666,38.987513,-93.569227
599,Sapp Bros Travel Center,"I-80, EXIT 59 & SR-17J",Sidney,NE,475,3.50066666,41.133633,-102.969540
602,JIFFY MART EXIT 18 TRUCK STOP,"I-89/SR-120, EXIT 18 & SR-120",Lebanon,NH,12,3.599,43.635428,-72.253837
614,TA MAYBROOK TRAVEL CENTER,"I-84, EXIT 5",Montgomery,NY,120,4.359,41.521266,-74.238661
628,KWIK FILL #227,"I-90,  EXIT 218",Geneva,OH,305,3.15233333,41.800749,-80.946251
636,UNION 76,"I-5, EXIT 233 E",Albany,OR,935,3.379,44.626928,-123.096741
651,ONE9 #1366,"I-40, EXIT 126 & US-641",Holladay,TN,460,2.98566666,35.871950,-88.144936
652,TA KNOXVILLE EAST TRAVEL CENTER,"I-40 & I-75, EXIT 374",Knoxville,TN,405,3.42566666,35.970680,-83.949270
669,PETRO STOPPING CENTER #350,"I-10,  EXIT 4",Canutillo,TX,640,3.499,31.918485,-106.601062
672,CROWN POINT TRUCK STOP,"I-295/US-130,EXIT 22",Thorofare,NJ,150,3.549,39.854728,-75.198685
680,TA EXPRESS SUMMIT,"I-29, EXIT 207 & US-12",Summit,SD,566,3.20566666,45.305573,-97.039106
684,7-ELEVEN #35101,"I-86/SR-17, EXIT 16",Randolph,NY,38,4.499,42.162290,-78.979690
689,FLYING EAGLE,"I-235, EXIT 4",Wichita,KS,570,3.499,37.690638,-97.345836
692,BP,US-63,Ottumwa,IA,489,3.399,41.022251,-92.423263
739,Arco #364420,US-23,Greenup,KY,255,3.649,38.566502,-82.823620
748,QUIKTRIP #4231,US-85,Evans,CO,800,3.17233333,40.350165,-104.748355
769,AYERCO #26,US-61/US-136,Alexandria,MO,345,3.01566666,40.359890,-91.459391
815,Kwik Trip #1508,"US-18/SR-151, EXIT 58",Barneveld,WI,420,3.489,43.012213,-89.898168
855,SPEEDWAY #7459,US-41 & SR-137,North Chicago,IL,293,3.379,42.316696,-87.859201
855,SPEEDWAY #7459,US-41 & SR-137,North Chicago,IL,293,3.499,42.316696,-87.859201
855,SPEEDWAY #7459,US-41 & SR-137,North Chicago,IL,293,3.289,42.316696,-87.859201
863,Ocean Fuel,US-301/SR-73,Sylvania,GA,195,3.499,32.747226,-81.640693
906,PILOT TRAVEL CENTERS #429,"I-40, EXIT 280",West Memphis,AR,435,3.499,35.149554,-90.199266
906,PILOT TRAVEL CENTER #429,"I-40, EXIT 280",West Memphis,AR,435,3.291,35.149554,-90.199266
908,CIRCLE K #2704888,"I-65, EXIT 246 & SR-119",Pelham,AL,615,3.46566666,33.321830,-86.742197
912,PETRO STOPPING CENTER #319,"I-20/59,  EXIT 100",Mc Calla,AL,615,3.12566666,33.303112,-87.026660
936,CASEYS #4254,"I-40, EXIT 129",Conway,AR,695,3.03233333,35.074404,-92.467004
970,CIRCLE K #2702885,"I-17/SR-60, EXIT 199A",Phoenix,AZ,930,3.39233333,33.572154,-112.090132
977,PILOT TRAVEL CENTER #328,"I-10, EXIT 17",Quartzsite,AZ,930,3.959,33.667507,-114.217041
977,PILOT TRAVEL CENTERS #328,"I-10, EXIT 17",Quartzsite,AZ,930,3.959,33.667507,-114.217041
981,STINKER #85,"I-15, EXIT 93",Blackfoot,ID,825,3.53233333,43.194595,-112.346811
982,CIRCLE K #2701948,"I-8, EXIT 7 & SR-195",Yuma,AZ,900,3.56566666,32.516286,-114.521782
1028,FOUR STATES TRUCK STOP,"I-495, EXIT 4 & SR-9",New Castle,DE,243,3.449,39.670017,-75.566519
1028,FOUR STATES TRUCK STOP,"I-495, EXIT 4 & SR-9",New Castle,DE,243,3.399,39.670017,-75.566519
1042,Union 76,US-441 & SR-100A,Lake City,FL,75,3.56233333,30.188638,-82.642246
1043,ONE9 #1401,I-75 EXIT 414  & US-41,Lake City,FL,75,3.259,30.188638,-82.642246
1043,SHELL DBA ONE9 #1401,I-75 EXIT 414  & US-41,Lake City,FL,75,3.244,30.188638,-82.642246
1047,TA MARIANNA TRAVEL CENTER,"I-10/SR-8, EXIT 142 & SR-71",Marianna,FL,20,3.60733333,30.794456,-85.228410
1075,PILOT TRAVEL CENTER #68,"I-16 /SR-404, EXIT 51 & US-441",Dublin,GA,85,3.43233333,32.535471,-82.928807
1075,PILOT TRAVEL CENTERS #68,"I-16 /SR-404, EXIT 51 & US-441",Dublin,GA,85,3.399,32.535471,-82.928807
1106,CIRCLE K #2705367,"I-20, EXIT 172",Thomson,GA,16,3.399,33.469270,-82.495116
1112,BC AMPRIDE TRUCK PLAZA,US-59/SR-141,Denison,IA,527,3.399,42.015886,-95.352404
1115,KWIK STAR #704,SR-57/SR-14,Parkersburg,IA,565,3.58233333,42.573851,-92.778450
1121,TRAVELERS OASIS,"I-84, EXIT 182",Eden,ID,787,3.799,42.605309,-114.209087
1128,TA CHICAGO NORTH TRAVEL CENTER,"I-94/US-41, EXIT 1",Wadsworth,IL,444,3.819,42.450687,-87.925147
1128,TA CHICAGO NORTH TRAVEL CENTER,"I-94/US-41, EXIT 1",Wadsworth,IL,444,3.879,42.450687,-87.925147
1128,TA CHICAGO NORTH TRAVEL CENTER,"I-94/US-41, EXIT 1",Wadsworth,IL,444,3.779,42.450687,-87.925147
1128,TA CHICAGO NORTH TRAVEL CENTER,"I-94/US-41, EXIT 1",Wadsworth,IL,444,3.769,42.450687,-87.925147
1132,SPEEDWAY #7423,"I-57, EXIT 83",Ina,IL,293,3.249,38.149892,-88.904019
1136,PILOT TRAVEL CENTER #171,"I-74, EXIT 206",Oakwood,IL,280,3.399,40.110126,-87.776925
1136,PILOT TRAVEL CENTER #171,"I-74, EXIT 206",Oakwood,IL,280,3.499,40.110126,-87.776925
1136,PILOT TRAVEL CENTER #171,"I-74, EXIT 206",Oakwood,IL,280,3.599,40.110126,-87.776925
1140,CIRCLE K #4701398,"I-55, EXIT 82 & SR-104",Divernon,IL,280,3.499,39.570431,-89.653638
1149,PILOT TRAVEL CENTER #30,"I-70, EXIT 96",Greenfield,IN,375,3.959,39.793283,-85.772548
1149,PILOT TRAVEL CENTERS #30,"I-70, EXIT 96",Greenfield,IN,375,3.959,39.793283,-85.772548
1151,SPEEDWAY #8061,"I-70, EXIT 115 & SR-109",Knightstown,IN,375,3.759,39.795537,-85.530811
1154,CIRCLE K #2704691,SR-71 & CR-214,Cedar Creek,TX,595,3.199,30.082341,-97.511120
1156,CIRCLE K #4700028,"I-74/US-421, EXIT 116 & SR-44",Shelbyville,IN,375,3.599,39.546597,-85.776841
1157,One9 #297,"I-70, EXIT 11 & SR-46",Terre Haute,IN,510,3.43566666,39.464152,-87.376036
1158,PILOT TRAVEL CENTERS #36,US-30  & SR-49,Valparaiso,IN,365,3.869,41.479812,-87.052273
1158,PILOT TRAVEL CENTER #36,US-30  & SR-49,Valparaiso,IN,365,3.859,41.479812,-87.052273
1163,SHORT STOP #13,US-54,Emporia,KS,553,2.839,38.401860,-96.191654
1176,PILOT TRAVEL CENTERS #353,"I-75, EXIT 129",Georgetown,KY,410,3.20566666,38.260181,-84.534921
1179,PILOT TRAVEL CENTERS #399,"I-65, EXIT 105",Lebanon Junction,KY,415,3.609,37.835239,-85.722355
1196,SOUTHERN BELLE TRUCK STOP,US-61 & SR-964,Saint Francisville,LA,725,3.384,30.784234,-91.376417
1199,ALLTOWN MARKETS #306,"I-190, EXIT 7",Leominster,MA,178,3.68233333,42.520876,-71.770611
1202,ONE9 #290,"I-95, EXIT 93 & SR-222",Perryville,MD,22,3.599,39.572968,-76.064923
1204,PETRO STOPPING CENTER #321,"I-70 & I-57, EXIT 159",Effingham,IL,574,3.549,39.120662,-88.550859
1204,PETRO STOPPING CENTER #321,"I-70 & I-57, EXIT 159",Effingham,IL,574,3.349,39.120662,-88.550859
1204,PETRO STOPPING CENTER #321,"I-70 & I-57, EXIT 159",Effingham,IL,574,3.439,39.120662,-88.550859
1204,PETRO STOPPING CENTER #321,"I-70 & I-57, EXIT 159",Effingham,IL,574,3.399,39.120662,-88.550859
1208,D AVENUE FUEL PLAZA,US-131,Kalamazoo,MI,465,3.499,42.275163,-85.588501
1208,D AVENUE FUEL PLAZA,US-131,Kalamazoo,MI,465,3.099,42.275163,-85.588501
1210,ROADHAWK TRAVEL CENTER,"I-94, EXIT 56 & SR-51",Paw Paw,MI,465,3.599,42.214235,-85.892177
1210,ROADHAWK TRAVEL CENTER,"I-94, EXIT 56 & SR-51",Paw Paw,MI,465,3.559,42.214235,-85.892177
1217,KWIK TRIP #250,"I-90, EXIT 179",Austin,MN,515,3.374,43.672098,-92.977863
1218,CASEYS #3658,SR-210,Pillager,MN,522,3.299,46.330621,-94.477351
1225,AYERCO #35,US-61 & US-61 BUS,Bowling Green,MO,494,3.01566666,39.344774,-91.202488
1234,Lamar Travel Plaza,US-71 & US-160,Lamar,MO,416,3.199,37.493918,-94.278428
1236,AYERCO #44,US-36 & US-24,Palmyra,MO,494,3.01566666,39.797910,-91.526558
1240,TEMP STOP #103,US-65,Sedalia,MO,400,3.199,38.705239,-93.235819
1247,SNAPPY MART #11,US-63 & SR-14,West Plains,MO,535,3.299,36.737430,-91.867957
1251,MAPCO #3009,US-72,Corinth,MS,435,3.154,34.948353,-88.513618
1256,DOUBLE QUICK #89,US-82/US-278,Greenville,MS,655,3.25566666,33.383461,-91.052314
1265,JOE JOES TRAVEL CENTER,US-78 & RED BANKS RD S,Red Banks,MS,435,2.97233333,34.834689,-89.563407
1304,LOVES TRAVEL STOP #667,"I-85, EXIT 152",Mebane,NC,65,3.94733333,36.081679,-79.276742
1315,CIRCLE K #2720218,US-421 BUS & US-15/US-501/US-1,Sanford,NC,177,3.08233333,35.493776,-79.176464
1325,SCOTCHMAN #3303,US-421 & US-74,Wilmington,NC,245,3.629,34.209225,-77.885767
1326,SPEEDWAY #7949,US-301/US-264 ALT & CR-1674,Wilson,NC,205,3.199,35.731488,-77.930750
1333,PUMP & PANTRY #15,US-30,Grand Island,NE,330,3.30733333,40.921352,-98.358559
1340,BORDENTOWN VALERO,"NJ TNPK, EXIT 7 & US-206",Bordentown,NJ,230,3.499,40.149693,-74.707679
1342,Delta,"I-80, EXIT 47B",Fairfield,NJ,115,3.20233333,39.372316,-75.238721
1344,BOLLA TRUCK STOP #193,US-202 & SR-17,Mahwah,NJ,115,3.53233333,41.082067,-74.183061
1348,GLOBAL,SR-73,Palmyra,NJ,150,3.359,40.003099,-75.035889
1356,LOVES TRAVEL STOP #257,"I-40 & HORIZON, EXIT 79",Milan,NM,580,3.59066666,35.196782,-107.892371
1364,7- ELEVEN #40507,"I-80/I-90, MM 56 WB",Rolling Prairie,IN,465,3.98233333,41.674467,-86.619898
1372,PILOT TRAVEL CENTER #469,"I-77, EXIT 101 & SR-627",Canton,OH,249,3.62233333,40.807650,-81.367228
1376,FUEL MART #782,"I-75, EXIT 118",Lima,OH,411,3.08566666,40.740679,-84.112091
1379,TA LODI TRAVEL CENTER,"I-71, EXIT 209 & I-76/US-224, EXIT 1",Seville,OH,305,3.739,41.020726,-81.867136
1384,SUNOCO,"I-80/I-90, EXIT 13 & US-20ALT/SR-15",Montpelier,OH,550,3.41566666,41.584246,-84.591569
1391,ONCUE EXPRESS #2045,"I-35, EXIT 203 & SR-15",Billings,OK,500,3.21566666,36.537595,-97.441749
1395,DOMINO FOOD AND FUEL #1,"I-40, EXIT 66",Clinton,OK,483,3.099,35.507101,-98.970503
1404,ONE9 #339,"I-74, EXIT 4 & SR-63",Covington,IN,375,3.26233333,40.140506,-87.391020
1424,GETTYSBURG TRAVEL PLAZA,US-15 & SR-394,Gettysburg,PA,70,3.899,39.830597,-77.234147
1428,CIRCLE K #4702408,"I-65, EXIT 168 & SR-38/SR-25",Lafayette,IN,375,3.43233333,40.399410,-86.862806
1432,KWIK FILL #259,"I-81, EXIT 57",Mechanicsburg,PA,70,4.049,40.211404,-77.005930
1444,PILOT TRAVEL CENTERS #346,"I-20, EXIT 92 & US-601",Lugoff,SC,135,3.43233333,34.211948,-80.697601
1445,PILOT TRAVEL CENTERS #402,"I-80, EXIT 367",Cheyenne,WY,795,3.709,41.128275,-104.799155
1447,HOT SPOT #3005,US-221,Chesnee,SC,210,3.199,35.146269,-81.863031
1453,EXPRESS STOP,US-278/SR-101/SR-6 & SR-113,Rockmart,GA,193,3.319,34.008306,-85.044978
1455,PETRO FLORENCE,"I-95, EXIT 169",Florence,SC,46,3.32566666,34.178923,-79.792217
1461,CIRCLE K #2705370,"I-26, EXIT 15 & US-176",Inman,SC,210,3.099,35.046134,-82.089808
1464,CIRCLE K #2723254,"I-20, EXIT 55 & SR-6",Lexington,SC,135,3.199,33.992877,-81.221797
1470,CIRCLE K #2705348,US-1,Beech Island,SC,135,3.159,33.428596,-81.890318
1479,TA SPARTANBURG TRAVEL CENTER,"I-85, EXIT 63 & SR-290",Duncan,SC,210,3.43233333,34.930707,-82.143754
1487,ROADRUNNER MARKET #6019,"I-81, EXIT 36 NORTH",Greeneville,TN,405,3.499,36.168016,-82.819669
1492,MAPCO #3538,"I-24, EXIT 174",Chattanooga,TN,285,2.899,35.065958,-85.248386
1507,CIRCLE K #4703941,"I-55, EXIT 5A",Memphis,TN,435,3.189,35.109164,-89.968511
1516,LOVES TRAVEL STOP #261,I-27 EXIT 116,Amarillo,TX,585,3.23233333,35.199903,-101.830194
1531,CircleK #4702365,"I-74, EXIT 112 & SR-9",Shelbyville,IN,375,3.509,39.546597,-85.776841
1533,YESWAY #1157,US-62,Brownfield,TX,700,2.99233333,33.175514,-102.273429
1546,SHELL,"I-35, EXIT 86 & SR-85",Dilley,TX,740,3.099,28.667517,-99.176465
1548,TOOT N TOTUM #107,US-287,Dumas,TX,585,3.03233333,35.862020,-101.964972
1552,STRIPES #40911,US-59 & SR-16,Freer,TX,625,3.099,27.882178,-98.617385
1555,SEIBERT TRAVEL PLAZA,"I-70, EXIT 405 & SR-59",Seibert,CO,800,3.499,39.297967,-102.869524
1562,I MART #108,"I-40, EXIT 108",Wildersville,TN,435,3.099,35.776654,-88.356143
1567,KUM & GO #4110,"I-235, EXIT 11",Des Moines,IA,320,3.02733333,41.572590,-93.610243
1579,FLYING J TRAVEL PLAZA #924- TOWN PUMP,"I-15, EXIT 122 & I-90 MM220",Butte,MT,816,3.56566666,45.962550,-112.533520
1582,LOVES TRAVEL STOP #250,I-40 EXIT 60,Amarillo,TX,585,3.314,35.199903,-101.830194
1585,Stripes 7Fleet #42498,US-385 & CR-1910,Andrews,TX,710,3.369,32.321336,-102.551846
1590,ROAD RANGER #240,"I-80 & I-94, EXIT 15-A",Lake Station,IN,365,3.559,41.576735,-87.252878
1596,FLYING J #305,"I-40, EXIT 39",Jamestown,NM,580,3.44233333,35.469295,-108.439555
1597,7-ELEVEN #36156,"I-70 & SR-519, EXIT 25/333",Eighty Four,PA,165,4.999,40.177698,-80.130298
1599,ONVO TRAVEL PLAZA,"I-81, EXIT 10",Mc Graw,NY,220,3.439,42.593765,-76.097502
1599,ONVO TRAVEL PLAZA,"I-81, EXIT 10",Mc Graw,NY,220,3.459,42.593765,-76.097502
1602,CIRCLE K #2723387,US-98,Beaumont,MS,620,3.56566666,31.167543,-88.928356
1606,DONNAS TRAVEL PLAZA,"I-5, EXIT 202",Marysville,WA,962,4.559,48.080214,-122.154312
1610,TA BALTIMORE TRAVEL CENTER,"I-95, EXIT 57",Baltimore,MD,22,4.759,39.300032,-76.610476
1618,GO MART FOOD STORE #33,US-33,Ripley,WV,44,3.499,38.821616,-81.709312
1621,CIRCLE K #2709337,"I-65, EXIT 262B",Birmingham,AL,615,3.489,33.527174,-86.797036
1622,RACEWAY #6973,US-380 & SR-114/SR-101,Bridgeport,TX,630,2.78233333,33.210449,-97.772466
1623,SAPP BROS TRAVEL CENTER,"I-70 & I-270, EXIT 278",Commerce City,CO,800,3.389,39.882792,-104.794908
1625,PILOT TRAVEL CENTERS #60,"I-26, EXIT 159",Bowman,SC,42,3.43233333,33.348302,-80.684293
1632,PILOT TRAVEL CENTERS #266,"I-10, EXIT 139 & SR-292",Las Cruces,NM,640,3.19066666,32.326444,-106.789695
1633,7-ELEVEN #36302,"I-35, EXIT 144",Von Ormy,TX,740,3.109,29.277391,-98.657373
1634,PILOT TRAVEL CENTERS #40,"I-94, EXIT 322",Oak Creek,WI,444,3.889,42.878693,-87.898676
1644,ALLSUPS CONVENIENCE STORE #2414,"I-20, EXIT 235",Roscoe,TX,575,2.929,32.441934,-100.532231
1646,SPEEDWAY #8310,US-6  & US-31,Plymouth,IN,465,3.609,41.348770,-86.319336
1647,SPEEDWAY #8305,US-41 & SR-312,Hammond,IN,290,3.76566666,41.618736,-87.494949
1653,ROAD RANGER #187,"I-55, EXIT 289",Chicago,IL,520,3.569,41.837045,-87.684939
1653,ROAD RANGER #187,"I-55, EXIT 289",Chicago,IL,520,3.599,41.837045,-87.684939
1654,CEFCO #3,US-77/US190/SR-36,Cameron,TX,670,2.989,30.860768,-96.976198
1661,CHEVRON,"I-20, EXIT 101 & SR-151",Calhoun,LA,590,3.159,32.515309,-92.353926
1669,BETTY BEAVERS TRUCKSTOP,"I-90, EXIT 28",Fultonville,NY,12,3.149,42.946229,-74.369778
1669,BETTY BEAVERS TRUCKSTOP,"I-90, EXIT 28",Fultonville,NY,12,3.189,42.946229,-74.369778
1670,Petro Stopping Center #54,"I-44, EXIT 4 & SR-3",Joplin,MO,277,3.449,37.075218,-94.501259
1671,LOVES TRAVEL STOP #412,"I-95, EXIT 77",Dunn,NC,205,3.699,35.311635,-78.612962
1672,HANA TRAVEL PLAZA,"I-40,  EXIT 77",Amarillo,TX,585,2.899,35.199903,-101.830194
1699,ALLENS FOOD MART280,US-280/US-231/SR-53/SR-38 & CR-8/CR-34,Sylacauga,AL,615,3.799,33.188670,-86.274799
1700,TOPPS FUEL STOPS,US-259/SR-49,Daingerfield,TX,723,3.109,33.030488,-94.725880
1720,TOOT N TOTUM #120,US-54 & S WESTERN AVE,Liberal,KS,585,3.01566666,37.046108,-100.927706
1749,HIGHWAY 96 FUEL STOP,US-96 & SR-62/FM-1004,Buna,TX,610,3.149,30.442708,-93.960657
1753,PWI #169,"I-35/US-77, EXIT 359 & CR-1304",Abbott,TX,765,2.899,31.885139,-97.074106
1773,M-46 AUTO TRUCK PLAZA,"US-131, EXIT 120 & SR-46",Howard City,MI,344,3.199,43.393266,-85.466107
1773,M-46 AUTO TRUCK PLAZA,"US-131, EXIT 120 & SR-46",Howard City,MI,344,3.599,43.393266,-85.466107
1773,M-46 AUTO TRUCK PLAZA,"US-131, EXIT 120 & SR-46",Howard City,MI,344,3.099,43.393266,-85.466107
1791,PILOT TRAVEL CENTERS #257,"I-20, EXIT 126 & FM-1788",Midland,TX,710,3.56566666,32.024642,-102.113467
1807,LOVES TRAVEL STOP #229,I-40 EXIT 96 & SR-207,Panhandle,TX,585,3.314,35.346300,-101.380508
1810,KENT KWIK #804,US-83,Perryton,TX,585,2.999,36.392868,-100.797656
1829,PILOT TRAVEL CENTERS #96,"SR- 60 & FL TURNPIKE, EXIT 193",Okeechobee,FL,143,3.719,27.241608,-80.829311
1829,PILOT TRAVEL CENTER #96,"SR- 60 & FL TURNPIKE, EXIT 193",Okeechobee,FL,143,3.699,27.241608,-80.829311
1832,CORNER FUEL CENTER,US-49,Hattiesburg,MS,620,3.299,31.307305,-89.317434
1834,PUMP N PANTRY #15,"I-20, EXIT 617 & US-59",Marshall,TX,766,2.899,32.539159,-94.353173
1849,Stripes #42457,US-67/US-277,San Angelo,TX,740,3.244,31.441078,-100.450499
1855,EXIT 76 AUTO TRUCK PLAZA,US-131,Byron Center,MI,344,3.499,42.809460,-85.726365
1858,FLYING J TRAVEL PLAZA #737,"I-10, EXIT 583",San Antonio,TX,740,3.224,29.462809,-98.524635
1859,GO MART FOOD STORE #44,"I-79, EXIT 67 & US-19/SR-4",Sutton,WV,44,3.559,38.667772,-80.713461
1860,MR FUEL #278,"I-75/71, EXIT 175 & SR-338",Walton,KY,300,3.019,38.862427,-84.615043
1861,PETRO STOPPING CENTER #315,"I-40, EXIT 66",Kingman,AZ,910,3.899,35.216992,-114.010529
1866,PRI MART FUEL CENTER,"I-94, EXIT 29",Benton Harbor,MI,465,3.799,42.113495,-86.447250
1866,PRI MART FUEL CENTER,"I-94, EXIT 29",Benton Harbor,MI,465,3.499,42.113495,-86.447250
1873,JDS TRUCKSTOP,"US-12 & US-31, EXIT 3",Niles,MI,465,3.749,41.834539,-86.247851
1873,JDS TRUCKSTOP,"US-12 & US-31, EXIT 3",Niles,MI,465,3.849,41.834539,-86.247851
1874,CIRCLE K #2744529,US-175,Seagoville,TX,630,2.95066666,32.653383,-96.545058
1879,HOLIDAY STATIONSTORE #3552,"I-35, EXIT 81 & SR-70",Lakeville,MN,448,3.549,44.676134,-93.251743
1888,STRIPES 7FLEET #42449,US-87,Sterling City,TX,710,3.28066666,31.839175,-100.985878
1889,TOOT N TOTUM #105,US-54 & US-287,Stratford,TX,585,2.96566666,36.337568,-102.076030
1893,MIKE MCDONALD TRUCK STOP,"I-20, EXIT 509",Terrell,TX,637,2.87066666,32.725827,-96.298003
1894,CIRCLE K #2741544,"I-37 & SR-72, EXIT 69",Three Rivers,TX,747,3.06566666,28.466853,-98.177947
1897,YESWAY #1077,"I-20/US-84, EXIT 278",Tye,TX,575,2.87566666,32.452233,-99.866585
1905,LUCKY TRUCK STOP,US-82,Whitesboro,TX,630,2.88566666,33.659580,-96.903694
1909,RALLYSTOP #1,"I-15, EXIT 62",Cedar City,UT,791,3.459,37.683847,-113.095566
1914,LOVES TRAVEL STOP #792,"I-70, EXIT 160",Green River,UT,835,3.709,38.993460,-110.173424
1921,BELL TRUCK STOP,"I-80, EXIT 146",Park City,UT,835,3.45233333,40.657328,-111.493756
1923,SCENIC QUIK STOP,"I-70, EXIT 54 & US-89",Salina,UT,835,3.459,38.938839,-111.865209
1930,CASEYS #3058,"I-35, EXIT 19 & US-160 E",Wellington,KS,570,3.299,37.278109,-97.406672
1931,RBS ONE STOP,"I-15, EXIT 320",Woods Cross,UT,835,3.459,40.873190,-111.917773
1934,CIRCLE K #2723710,"I-77, EXIT 24",Austinville,VA,185,3.24066666,36.851018,-80.914507
1936,QUICK STOP MARKET #36,"I-81, EXIT 10 & US-11",Bristol,VA,185,3.399,36.616954,-82.157564
1940,7-ELEVEN #40063,"I-81, EXIT 98 & SR-100",Dublin,VA,65,3.199,37.105503,-80.689700
1950,7-ELEVEN #34515,"I-81, EXIT 205",King George,VA,180,3.399,38.279436,-77.184308
1951,CIRCLE K #2723713,"I-81, EXIT 205",Staunton,VA,185,3.38566666,38.157978,-79.061876
1953,FAS MART #3555,"I-64, EXIT 136 & US-15",Gordonsville,VA,180,3.699,38.135552,-78.187406
1954,Joe's Kwik Mart #8409,US-58 & CR-645,Suffolk,VA,130,3.03233333,36.697157,-76.634781
1956,PILOT TRAVEL CENTER #4642,"I-81, EXIT 291",Toms Brook,VA,60,3.659,38.946542,-78.440046
1958,SPEEDWAY #4618,"I-81 & I-77, EXIT 77",Wytheville,VA,185,3.41233333,36.953385,-81.088438
1960,MAPLEWOOD IRVING,"I-89, EXIT 7",Montpelier,VT,170,3.699,44.266448,-72.571524
1962,SUPER QUIK,"I-64, EXIT 172 & SR-1/SR-7",Grayson,KY,255,3.799,38.333895,-82.935811
1976,One9 #963,"I-90, EXIT 276",Spokane,WA,970,3.989,47.666935,-117.433322
1976,One9 #963,"I-90, EXIT 276",Spokane,WA,970,3.959,47.666935,-117.433322
1977,GEE CEES TRUCK STOP,"I-5, EXIT 57",Toledo,WA,977,3.839,46.444721,-122.852230
1983,KWIK TRIP #427,"US-53, EXIT 110 & SR-40",Bloomer,WI,295,3.41566666,45.102828,-91.491540
1985,Camp Douglas BP,"I-90 & I-94, EXIT 55",Camp Douglas,WI,420,3.154,43.919721,-90.269703
2000,RIVER CITY TRAVEL PLAZA,US-41,Marinette,WI,360,3.399,45.086794,-87.632443
2002,KWIK TRIP #222,US-53/US-2,Superior,WI,334,3.339,46.648749,-92.108872
2009,KWIK TRIP #139,"I-43, EXIT 120 & CR-V/CR-OK",Sheboygan,WI,444,3.29066666,43.738713,-87.731531
2020,BFS FOODS #72,"I-68, EXIT 23 & SR-26",Bruceton Mills,WV,165,3.499,39.659396,-79.640606
2021,GO MART FOOD STORE #59,"I-64, EXIT 15 & US-60",Huntington,WV,255,3.499,38.410651,-82.434689
2029,HOMAX SERVICE,"I-25, EXIT 188",Mills,WY,790,3.169,42.849882,-106.390830
2030,GHOST TOWN FUEL STOP,US-26/US-20,Casper,WY,790,3.429,42.842120,-106.321282
2034,TA CHEYENNE TRAVEL CENTER,"I-80, EXIT 377 & SR-217/CR-140",Cheyenne,WY,795,3.699,41.128275,-104.799155
2040,Fast Stop Travel Centers #1133,"I-25, EXIT 126 & US-18/20",Douglas,WY,790,3.499,42.754773,-105.397802
2041,PINE BLUFFS SINCLAIR,"I-80, EXIT 401 & US-30",Pine Bluffs,WY,795,3.699,41.180212,-104.074782
2044,One9 #1251,"I-80, EXIT 173",Wamsutter,WY,795,3.499,41.667977,-107.979142
2074,STRIPES #40522,"I-10, EXIT 550",San Antonio,TX,740,3.059,29.462809,-98.524635
2076,ALLSUPS CONVENIENCE STORE #2159,US-283 BUS/US-277 BUS & SR-422,Seymour,TX,770,3.299,33.595355,-99.258500
2078,ALLSUPS CONVENIENCE STORE #2366,US-84 & CR-3300,Slaton,TX,700,2.969,33.445472,-101.650919
2084,Main Street Market #112,"I-20, EXIT 73",Wickett,TX,710,2.879,31.567325,-103.005948
2087,LWS TRUCK STOP,SR-30,Logan,UT,835,3.42566666,41.740256,-111.841764
2088,FLYING J TRAVEL PLAZA #773,"I-70, EXIT 40",Richfield,UT,835,3.699,38.761317,-112.092855
2089,FLYING J TRAVEL PLAZA #774,"I-84, EXIT 7",Snowville,UT,835,3.749,41.972822,-112.716407
2115,KWIK TRIP #838,SR-23/SR-33,Reedsburg,WI,420,3.194,43.535051,-89.995509
2125,BIG D #44,"I-80, EXIT 311 & SR-130",Laramie,WY,795,3.249,41.311544,-105.606884
2144,Mountain View Truck Stop,US-15,Thurmont,MD,60,4.099,39.619976,-77.407695
2152,SPEEDWAY #4709,"I-90, EXIT 102",Fairmont,MN,425,3.299,43.644789,-94.464015
2167,PILOT TRAVEL CENTERS #134,"I-94, EXIT 171 (CR 75)",Saint Cloud,MN,451,3.28733333,45.526658,-94.171007
2194,A AND A TRUCKSTOP,US-35 & CR-41,Jackson,OH,315,3.799,39.044460,-82.644658
2196,Certified Oil #400410,I-76 EXIT 43,Ravenna,OH,249,3.31566666,41.161567,-81.242058
2204,NATURAL BRIDGE SHELL,US-278 & SR-5,Lynn,AL,615,3.68233333,34.057591,-87.548643
2209,Roadrunner #471,"I-40/US-65, EXIT 142 & SR-365",North Little Rock,AR,695,3.03233333,34.781752,-92.235057
2219,PILOT TRAVEL CENTER #66,"I-85, EXIT 129",Braselton,GA,16,3.27233333,34.107616,-83.812908
2219,PILOT TRAVEL CENTERS #66,"I-85, EXIT 129",Braselton,GA,16,3.27233333,34.107616,-83.812908
2223,PO JOS GAS N GO,"I-16 SR-404, EXIT 116 & US-301/SR-73",Register,GA,195,3.23233333,32.364530,-81.880493
2227,SPEEDWAY #7448,SR-59,Naperville,IL,293,3.299,41.749173,-88.162019
2227,SPEEDWAY #7448,SR-59,Naperville,IL,293,3.359,41.749173,-88.162019
2231,QUIKTRIP #605,"I-270, EXIT 33",Saint Louis,MO,540,2.899,38.635699,-90.244582
2255,S&G #36,"I-280, EXIT 2 & SR-795",Millbury,OH,550,3.49233333,41.564731,-83.425516
2267,Circle K #4703917,"I-65, EXIT 112 & SR-25",Cross Plains,TN,460,2.949,36.541247,-86.676636
2283,CIRCLE K #2707321,SR-60,Bartow,FL,225,3.52233333,27.887064,-81.821777
2287,SAC SHOP #511,"I-76/I-70, EXIT 146 & I-99/US-220 EXIT 1",Bedford,PA,14,4.099,40.015115,-78.503017
2306,SCOTCHMAN #3894,"I-77, EXIT 73 & SR-901",Rock Hill,SC,210,3.079,34.938216,-81.019177
2310,MAPCO #3686,"I-24, EXIT 175",Chattanooga,TN,285,2.889,35.065958,-85.248386
2311,SHELL,"I-24 & EPPS MILL RD, EXIT 89",Christiana,TN,460,3.13233333,35.719269,-86.412922
2331,PINNERS POINT,SR-135,Portsmouth,VA,130,3.499,36.859339,-76.356973
2336,FLYING J TRAVEL PLAZA #754,"I-77 & I-81, EXIT 77",Wytheville,VA,185,3.549,36.953385,-81.088438
2340,RSTORE #4478,SR-8 & SR-13,Prentice,WI,395,3.039,45.541224,-90.292805
2557,PWI #106,"I-30, EXIT 77B",Royse City,TX,630,2.899,32.972680,-96.318340
2602,PILOT TRAVEL CENTERS #9,"I-75, EXIT 36",Franklin,OH,407,3.35233333,39.554951,-84.295728
2623,TA JANESVILLE TRAVEL CENTER,"I-90/I-39, EXIT 171B & US-14",Janesville,WI,420,3.299,42.684698,-89.013170
2626,WEST END SINCLAIR,"I-80, EXIT 211",Rawlins,WY,838,3.319,41.785130,-107.224653
2629,PILOT TRAVEL CENTERS #253,"I-295 & NJ TRNPK,  EXIT 2B",Penns Grove,NJ,243,3.989,39.727704,-75.469035
2635,FLYING J #584,"I-5, EXIT 278",Aurora,OR,935,3.859,45.228317,-122.757227
2638,PIT STOP TRAVEL CENTER,US-789,Riverton,WY,790,4.399,43.026256,-108.381303
2640,LITTLE NASHVILLE,"I-64, EXIT 50 & SR-127",Nashville,IL,540,3.399,38.344542,-89.390983
2640,LITTLE NASHVILLE,"I-64, EXIT 50 & SR-127",Nashville,IL,540,3.299,38.344542,-89.390983
2644,FREDERICKS TRAVEL CENTER,"I-25/US-87, EXIT 235 & SR-52",Erie,CO,800,3.499,40.040287,-105.038310
2761,PONY EXPRESS SERVICE CENTER,US-36 & SR-148,Hanover,KS,316,2.95566666,39.893170,-96.875067
2764,LOVES TRAVEL STOP #046,US-64/54 & SR-94,Hooker,OK,585,3.56233333,36.861360,-101.216256
2765,LOVES TRAVEL STOP #023,US-50 & US-287,Lamar,CO,525,3.46233333,38.075971,-102.614723
2772,PILOT TRAVEL CENTERS #29,"I- 80, EXIT 144; I-69, EXIT 357",Fremont,IN,465,3.899,41.727622,-84.938855
2772,PILOT TRAVEL CENTER #29,"I- 80, EXIT 144; I-69, EXIT 357",Fremont,IN,465,3.899,41.727622,-84.938855
2779,Stinker #121,I-84 & EXIT 208,Heyburn,ID,787,3.56066666,42.559982,-113.762067
2788,JIFFY MART #451,"I-91, EXIT 17 & SR-302",Wells River,VT,39,3.569,44.156476,-72.067979
2805,Fast Stop Travel Centers #1145,"I-15,  EXIT 31",Downey,ID,825,3.799,42.428917,-112.123320
2807,SUDDEN SERVICE #25,"I-24, EXIT 11",Clarksville,TN,460,3.30733333,36.566430,-87.345216
2811,KWIK FILL #22,"I-90, EXIT 40 & SR-34/SR-31",Weedsport,NY,220,3.899,43.048124,-76.563607
2817,Chevron #382354,"I-5/US-12, EXIT 72",Chehalis,WA,977,4.299,46.664176,-122.965425
2848,TA TONOPAH TRAVEL CENTER,"I-10, EXIT 103",Tonopah,AZ,930,3.939,33.487986,-112.930811
2851,SPEEDWAY #2958,"I-8, EXIT 12",Yuma,AZ,900,3.479,32.516286,-114.521782
2862,TA TALLULAH TRAVEL CENTER,"I-20, EXIT 171 & US-65",Tallulah,LA,760,3.209,32.406696,-91.191700
2864,KUM & GO #0493,I-49 BUS/SR-59,Neosho,MO,535,3.059,36.845458,-94.376438
2875,CIRCLE K #2744138,"I-25, EXIT 101 & US-50/SR-47",Pueblo,CO,803,3.399,38.269228,-104.610816
2883,PILOT TRAVEL CENTER #293,"I-75, EXIT 341 & CR-484",Ocala,FL,140,3.41233333,29.177510,-82.151025
2883,PILOT TRAVEL CENTERS #293,"I-75, EXIT 341 & CR-484",Ocala,FL,140,3.359,29.177510,-82.151025
2885,SP Truckstop & Travel Center,US-84/SR-38,Bainbridge,GA,20,3.599,30.904933,-84.573047
2889,MOULTON COWBOYS,SR-157,Moulton,AL,615,3.099,34.488301,-87.282707
2891,PETRO STOPPING CENTER #338,"I-80, EXIT 21",Sparks,NV,966,3.949,39.574341,-119.715154
2895,EAGLE TRUCK STOP,I-77 EXIT 81,New Philadelphia,OH,249,3.31566666,40.486484,-81.440151
2896,NORTH LEWISTON DYNAMART,US-12 & SR 128,Lewiston,ID,970,3.669,46.393130,-116.993472
2897,GAS N GO #15,"I-80, EXIT 41",Lyman,WY,827,3.46566666,41.327540,-110.297449
2910,FLYING J TRAVEL PLAZA #685,"I-29 & I- 94, EXIT 349",Fargo,ND,341,3.569,46.864700,-96.829080
2913,ONE9#226,"I-40, EXIT 417 & SR-92",Dandridge,TN,405,3.259,36.030124,-83.429831
2915,TP TRUCK STOP,"I-15, EXIT 80",Fort Hall,ID,825,3.519,43.014547,-112.457870
2917,GOLDYS TRUCK PLAZA,US-29,Rustburg,VA,185,3.519,37.272189,-79.100105
2922,LOVES TRAVEL STOP #210,"I-40, EXIT 158",Albuquerque,NM,580,3.52066666,35.104780,-106.646809
2924,HWY 190 FUEL STOP,US-190,Jasper,TX,610,3.13233333,30.922681,-93.993251
2926,EXIT 77 TRAVEL PLAZA,"I-81, EXIT 77 & SR-39",Harrisburg,PA,70,3.499,40.275891,-76.885020
2929,TA EXPRESS STEELE,"I-94, EXIT 200 & SR- 3",Steele,ND,390,3.599,46.856801,-99.918126
2935,CIRCLE K #2726163,"I-295, EXIT 22",Jacksonville,FL,75,3.299,30.336864,-81.661603
2937,FLYING J TRAVEL PLAZA #664,"I-75, EXIT 171",Walton,KY,300,3.08566666,38.862427,-84.615043
2956,PILOT TRAVEL CENTERS #275,"I-85, EXIT 39 I-77, EXIT 13",Charlotte,NC,46,3.55233333,35.209045,-80.830990
2963,SUPERPUMPER #26,"I-94, EXIT 258 & US-281",Jamestown,ND,390,3.629,46.905851,-98.693579
2967,PETRO STOPPING CENTER #317,"I-57, EXIT 71",Perrysburg,OH,550,3.78566666,41.538986,-83.644132
2968,E-Z MART #4460,"I-20,  EXIT 124",Monroe,LA,719,3.129,32.518986,-92.077180
2977,DISCOUNT FUEL,"I-90, EXIT 150 & SR-73",Kadoka,SD,506,3.229,43.828613,-101.501241
3003,CHEVRON,"I-20, EXIT 186",Delta,LA,760,2.994,32.322201,-90.958549
3008,BUSY BEE,"I-10, EXIT 283 & US-129",Live Oak,FL,10,3.779,30.295650,-82.985117
3022,TA GREENCASTLE TRAVEL CENTER,"I-81, EXIT 5",Greencastle,PA,70,3.959,39.790670,-77.726674
3030,Mr Ts Riverside,US-412,Cardwell,MO,435,3.199,36.047480,-90.290905
3064,PORTS TO PLAINS TRAVEL PLAZA,US-50 & US-287,Lamar,CO,800,3.399,38.075971,-102.614723
3086,SPEEDWAY #4638,US-29,Madison Heights,VA,185,3.49566666,37.450301,-79.108210
3093,RSTORE #4488,US-51,Merrill,WI,395,3.24066666,45.180635,-89.700339
3096,HOBO PANTRY #6,US-431/SR-210,Dothan,AL,20,3.959,31.233698,-85.406823
3118,MOBIL,"I-87, EXIT 42 & US-11",Champlain,NY,39,3.799,44.988281,-73.432429
3128,TA ATLANTA SOUTH TRAVEL CENTER,"I-75, EXIT 201 & SR-36",Jackson,GA,18,3.334,33.292359,-83.967846
3138,TA EXPRESS #6264,"I-70, EXIT 26 & US-50",Grand Junction,CO,800,4.049,39.089062,-108.567452
3139,CHEROKEE TRAVEL MART,"I-40,  EXIT 108",Calumet,OK,483,3.10566666,35.601385,-98.124786
3148,YESWAY #1038,US-60 & SR-86,Neosho,MO,307,3.059,36.845458,-94.376438
3155,QUIK MART #18,US-72/SR-157,Tuscumbia,AL,615,3.00733333,34.718502,-87.702586
3163,QUIKTRIP #71,"I-44, EXIT 238",Tulsa,OK,560,3.039,36.127949,-95.902316
3164,QUIKTRIP #102,"I-44, EXIT 222A",Tulsa,OK,560,3.039,36.127949,-95.902316
3165,LOVES TRAVEL STOP #213,"I-35, EXIT 211",Tonkawa,OK,500,3.584,36.670589,-97.315028
3167,JASPER FOOD MART,US-78,Jasper,AL,615,3.229,33.851110,-87.268348
3171,One9 #265,"I-40, EXIT 287 & SR-136",Cookeville,TN,405,3.084,36.146926,-85.512653
3176,BP,US-6 & SR-15,New Paris,IN,365,3.65733333,41.501906,-85.825507
3178,ERNIES FUEL STOP #1605,SR-167,Kent,WA,977,4.599,47.390008,-122.213528
3179,MR FUEL #1020,"I-80 & I-94, EXIT 15B",Lake Station,IN,365,3.56566666,41.576735,-87.252878
3191,BUSY CORNER TRUCK STOP AND MARKET,"I-24, EXIT 105 & US-41/SR-2",Manchester,TN,460,3.049,35.464125,-86.072895
3205,CROSSROADS TRUCK STOP STATION,"I-29 & SR 34, MM 109",Colman,SD,530,3.159,43.983473,-96.814745
3206,PERHAM OASIS,US-10 & SR-78,Perham,MN,250,3.499,46.599611,-95.577104
3215,SHELL TRUCKSTOP,"I-4, EXIT 44",Polk City,FL,225,3.449,28.180471,-81.830032
3216,MAXS #124,"I-24, EXIT 86 & US-41",Oak Grove,KY,460,3.04233333,36.673774,-87.422506
3221,Pilot #1440,"US-67, EXIT 55 & US-64/US-167 & SR-367",Bald Knob,AR,695,3.399,35.312539,-91.571253
3221,Southern Travel Plaza,"US-67, EXIT 55 & US-64/US-167 & SR-367",Bald Knob,AR,695,3.391,35.312539,-91.571253
3222,POMPANO TRUCK STOP,"I-95, EXIT 36B",Pompano Beach,FL,95,3.759,26.241622,-80.133851
3226,ONE9 #245,"I-81, EXIT 77 & SR-39",Harrisburg,PA,70,3.609,40.275891,-76.885020
3227,ONE9 MR FUEL #64,"I-26 & US-17, EXIT 199",Summerville,SC,42,3.219,33.005836,-80.179306
3227,MR FUEL DBA ONE9 #64,"I-26 & US-17, EXIT 199",Summerville,SC,42,3.219,33.005836,-80.179306
3230,STRIPES #40815,US-281 & US-285,Falfurrias,TX,625,3.299,27.224410,-98.145191
3264,TA WEST MEMPHIS TRAVEL CENTER,"I-40/US-63, EXIT 260 & SR-149",Earle,AR,435,3.36733333,35.273379,-90.464304
3280,OUTPOST TRUCK STOP,US-85 & US-18/US-20,Lusk,WY,790,3.689,42.761259,-104.458403
3281,AMERICAN TRUCK PLAZA,I-80 EXIT 215 & SR-254,Milton,PA,138,3.799,41.002297,-76.851007
3284,CASEYS #4390,"I-49/US-71, EXIT 77 & US-160",Lamar,MO,416,3.199,37.493918,-94.278428
3297,SAPP BROS TRAVEL CENTER,"I-80, EXIT 370",Cheyenne,WY,795,3.70066666,41.128275,-104.799155
3316,TRUCKOMAT OF N LITTLE ROCK,"I-40, EXIT 161 & SR-391",North Little Rock,AR,695,3.249,34.781752,-92.235057
3326,MIRABITO #61,"I-81, EXIT 32",Central Square,NY,12,4.299,43.285986,-76.141879
3330,TA # 211 GREENLAND TRAVEL CENTER,"I-95, EXIT 3A & US-101",Greenland,NH,34,3.759,43.039699,-70.845643
3349,QUEEN CITY TRUCK STOP,"I-20 & I-59, EXIT150",Meridian,MS,705,2.939,32.384170,-88.689448
3383,E-Express at Central Truck Stop,"I-35, EXIT 137",Oklahoma City,OK,483,2.879,35.467079,-97.513657
3386,LONGMONT TRUCK STOP,"I-25/US-87, EXIT 240 & SR-119",Longmont,CO,800,3.239,40.168199,-105.100522
3401,POPS Mart #333,"I-77, EXIT 48 & SR-200",Winnsboro,SC,46,3.09066666,34.370540,-81.094821
3413,COUNTRY GIRL TRUCK STOP,US-167 & SR-156,Winnfield,LA,590,3.319,31.923969,-92.642475
3415,JAYS EL CHEAPO FUEL STOP,"I-16, EXIT 104",Metter,GA,195,3.249,32.394510,-82.062432
3418,Par Mar Store #164,"I-79, EXIT 105 & CR-7",Jane Lew,WV,165,3.999,39.110783,-80.408009
3421,ERNIES TRUCK STOP,"I-5, EXIT 142",Federal Way,WA,977,4.599,47.311596,-122.337757
3422,PWI #167,"I-10, EXIT 601",Seguin,TX,740,2.889,29.590227,-97.968607
3427,JOHNNYS MARKET,"I-69, EXIT 357",Fremont,IN,465,3.699,41.727622,-84.938855
3432,PILOT TRAVEL CENTER #34,"I-65, EXIT 201 & US-231",Remington,IN,365,3.709,40.769405,-87.129724
3432,PILOT TRAVEL CENTERS #34,"I-65, EXIT 201 & US-231",Remington,IN,365,3.659,40.769405,-87.129724
3435,PWI #168,"I-35, EXIT 266 & SR-195",Georgetown,TX,740,2.799,30.668136,-97.698744
3444,Acme Truck Stop,US-441/SR-500,Orlando,FL,140,3.449,28.472818,-81.320242
3460,CHROME TRUCK STOP,US-18 & US-169,Algona,IA,433,3.499,43.076345,-94.231746
3464,BOISE PETROLEUM LLC,"I-84,  EXIT 71",Boise,ID,785,3.379,43.598050,-116.231596
3471,MR FUEL DBA ONE9 #72,"I-16, EXIT 160",Savannah,GA,195,3.13233333,32.012457,-81.194157
3471,ONE9 MR FUEL #72,"I-16, EXIT 160",Savannah,GA,195,3.119,32.012457,-81.194157
3475,PILOT TRAVEL CENTERS #56,"I-85, EXIT 63",Kannapolis,NC,46,3.499,35.479904,-80.647499
3477,CIRCLE K #4707404,"I-91, EXIT 7",Springfield,VT,170,3.699,43.296641,-72.481870
3479,FAST MARKET #4550,"I-75/SR-401, EXIT 136 & US-341",Perry,GA,85,3.099,32.473708,-83.727809
3493,CIRCLE K #2723675,"I-75, EXIT 290 & SR-20",Cartersville,GA,18,3.08566666,34.164579,-84.801704
3519,PILOT TRAVEL CENTERS #431,"I-10, EXIT 873",Orange,TX,610,3.309,30.123528,-93.754548
3522,SUNMART #308,US-59,Livingston,TX,610,2.859,30.710043,-94.937930
3526,JOE STOP 99,"I-75, EXIT 99 & SR-119",Anna,OH,411,3.064,40.395364,-84.175659
3530,SPARKYS ONE STOP #22,"I-35, EXIT 111B & US-30",Jefferson,IA,320,3.23233333,42.017743,-94.379422
3536,PETRO STOPPING CENTER #307,I-40 EAST & S LAKESIDE Dr,Amarillo,TX,585,3.279,35.199903,-101.830194
3539,Bigs 211,"I-10, EXIT 620 & SR-123",Seguin,TX,740,3.099,29.590227,-97.968607
3545,STOCKMENS TRUCK PLAZA,"I-494, EXIT 64A",South Saint Paul,MN,450,3.499,44.888027,-93.040497
3580,STINKER I 80 TRAVEL PLAZA,"I-80, EXIT 221 & SR-76",Sinclair,WY,838,3.759,41.776084,-107.119940
3585,CHEVRON,"I-80, EXIT 129",Lovelock,NV,966,3.499,40.178738,-118.477442
3588,BINGO TRUCK STOP,"I-10, EXIT 829 & SR-124",Winnie,TX,610,2.999,29.816716,-94.380673
3592,TA BRIDGER TRAVEL CENTER #188,"I-80, EXIT 30 & CR-202",Fort Bridger,WY,835,3.71566666,41.318335,-110.389387
3593,TA Parowan Travel Center,"I-15, EXIT 78",Parowan,UT,910,3.70566666,37.832697,-112.830382
3605,SPEEDYS #6,"I-35, EXIT 33",Saint Joseph,MO,400,3.169,39.759460,-94.821143
3608,FUEL MART #787,"I-57, EXIT 212 & US-36",Tuscola,IL,280,3.199,39.795912,-88.275483
3614,PILOT TRAVEL CENTERS #35,"I-80/90, EXIT 72 & US-31",South Bend,IN,465,3.799,41.676643,-86.268809
3614,PILOT TRAVEL CENTER #35,"I-80/90, EXIT 72 & US-31",South Bend,IN,465,3.799,41.676643,-86.268809
3616,PILOT TRAVEL CENTERS #15,"I-75, EXIT 210",Toledo,OH,550,3.77233333,41.664071,-83.581861
3619,ROAD RANGER #141,"I-70, EXIT 23",Brazil,IN,375,3.659,39.522449,-87.124479
3620,One9 #16,"I-71 & US-68, EXIT 50",Wilmington,OH,315,3.14233333,39.429125,-83.816172
3645,SNOW SHOE TRAVEL PLAZA,"I-80, EXIT 147 & SR-144",Snow Shoe,PA,14,3.469,41.027650,-77.949720
3678,TIMES MARKET #299,US-281 BUS,Alice,TX,625,3.099,27.755616,-98.065812
3688,SPEEDWAY #2314,"I-94, EXIT 243 & SR-29",New Baltimore,MI,342,3.559,42.685306,-82.737649
3688,SPEEDWAY #2314,"I-94, EXIT 243 & SR-29",New Baltimore,MI,342,3.579,42.685306,-82.737649
3692,CHARLOTTE TRAVEL PLAZA,"I-77,  EXIT 16B",Charlotte,NC,46,3.53233333,35.209045,-80.830990
3699,WARREN TRAVEL PLAZA,"I-69, EXIT 278 & SR-5",Warren,IN,375,3.399,40.687688,-85.424650
3707,SPEEDWAY #4704,"I-90, EXIT 154",Albert Lea,MN,425,3.299,43.654293,-93.364148
3718,SPEEDWAY #4706,"I-90, EXIT 265",Chamberlain,SD,455,3.299,43.798718,-99.329604
3719,KEYSTONE TRUCK STOP,US-22 & SR-164,Loretto,PA,14,3.999,40.508398,-78.635148
3725,GENEVA TRUCK STOP,"I-79, EXIT 35/141",Cochranton,PA,240,3.81566666,41.519097,-80.046991
3728,PLAZA 23 TRUCK STOP,"I-787, EXIT 2",Albany,NY,12,3.799,42.665745,-73.798353
3745,PILOT TRAVEL CENTER #906-TOWN PUMP,"I-90, EXIT 408 & SR-78",Columbus,MT,780,3.58066666,45.635966,-109.248784
3759,EXXON,US-67 & SR-18,Newport,AR,695,4.13233333,35.623772,-91.231682
3767,SIMMONS TRAVEL CENTER,"I-95, EXIT 8 & US-301",Emporia,VA,180,3.099,36.696182,-77.535975
3772,Brake Time Corner Market,"I-25, EXIT 240",Burlington,CO,800,3.499,39.304169,-102.271412
3774,SINCLAIR,"I-70, EXIT 438",Burlington,CO,796,3.889,39.304169,-102.271412
3781,REATTA TRAVEL STOP,"I-76, EXIT 149 & SR-55/CR-81",Crook,CO,475,3.38233333,40.858782,-102.801380
3783,CIRCLE K #2744095,"I-25, EXIT 215",Denver,CO,800,3.299,39.761850,-104.881105
3794,SPEEDWAY #4701,"I-90, EXIT 73",Jackson,MN,425,3.299,43.625680,-94.988585
3817,FAST MARKET,"I-25, EXIT 158",Colorado Springs,CO,803,3.159,38.867255,-104.760749
3843,ONCUE EXPRESS #61,"I-35, EXIT 185 & US-77",Perry,OK,500,3.21566666,36.280149,-97.308190
3868,SHORE STOP #279,US-13,Greenwood,DE,194,3.239,38.807163,-75.589996
3868,SHORE STOP #279,US-13,Greenwood,DE,194,3.259,38.807163,-75.589996
3888,Fics Plaza,"I-90, EXIT 184",Deer Lodge,MT,816,3.519,46.398301,-112.733226
3889,CIRCLE K #2701686,"I-75, EXIT 220",Bradenton,FL,225,3.439,27.489798,-82.576804
3907,SUNOCO,US-46 & SR-93,Palisades Park,NJ,105,3.279,40.847017,-73.997061
3908,SEMINOLE TRUCK STOP,"I-75, EXIT 354",Fort Lauderdale,FL,95,3.699,26.141227,-80.146731
3927,MICCOSUKEE SERVICE PLAZA,"I-75, EXIT 49 & SR-84",Fort Lauderdale,FL,95,3.66566666,26.141227,-80.146731
3936,Uncle Petes Truck  Stop,"I-40, EXIT 239 & US-70/SR-26",Lebanon,TN,460,2.989,36.199381,-86.344634
3946,Fast Lane,US-24 & US-63,Moberly,MO,310,3.469,39.418112,-92.436544
3949,SUNSTOP #337,"I-10/SR-8, EXIT 303 & US-441",Lake City,FL,75,3.699,30.188638,-82.642246
3956,CIRCLE K #2707451,US-27/SR-25 & SR-70,Lake Placid,FL,225,3.399,27.302605,-81.371476
3964,SPEEDWAY #6604,"I-94, EXIT 66",Mattawan,MI,465,3.489,42.215635,-85.795760
3964,SPEEDWAY #6604,"I-94, EXIT 66",Mattawan,MI,465,3.499,42.215635,-85.795760
3970,EXXON - Pilot #1293,"I-30, EXIT 61",Garland,TX,630,2.84233333,32.909826,-96.630334
3973,LOVES TRAVEL STOP #205,"I-35 & I-44, EXIT 137",Oklahoma City,OK,483,3.319,35.467079,-97.513657
3974,LOVES TRAVEL STOP #201,I-40 EXIT 41,Elk City,OK,483,3.12566666,35.389612,-99.428749
3975,SUNSTOP #334,"I-10, EXIT 335 & SR-121",Macclenny,FL,75,3.459,30.280699,-82.125634
3979,PETRO GARY 369,"I-80 & I-94, EXIT 9",Gary,IN,365,3.83066666,41.590740,-87.347113
4006,MISSILE MART #1,US-167 & SR-7,El Dorado,AR,635,3.499,33.218982,-92.664071
4008,BALDWIN TRAVEL PLAZA,"I-94, EXIT 19 & US HWY 63",Baldwin,WI,295,3.503,44.954096,-92.371826
4025,BP,"I-85, EXIT 21  & US-178",Anderson,SC,30,2.909,34.521487,-82.643517
4035,PILOT TRAVEL CENTER #430,"I-40,  EXIT 84",Russellville,AR,695,3.375,35.276876,-93.137515
4035,PILOT TRAVEL CENTERS #430,"I-40,  EXIT 84",Russellville,AR,695,3.399,35.276876,-93.137515
4062,DUDLEYS TRUCK STOP RESTAURANT,US-220,Rocky Mount,VA,185,3.299,37.004398,-79.884762
4063,STUCKEY'S,"I-59, EXIT 67 & US-49",Hattiesburg,MS,620,2.999,31.307305,-89.317434
4080,SHELL DBA PILOT DEALER #874,US-41,Miami,FL,176,3.699,25.775163,-80.208615
4080,PILOT TRAVEL CENTERS #874,US-41,Miami,FL,176,3.699,25.775163,-80.208615
4113,ASAP GENERAL STORE #330,US-412/SR-15,Enid,OK,500,3.08233333,36.406702,-97.869861
4115,QUIKTRIP #707,"I-85 , EXIT 96",Atlanta,GA,18,3.34066666,33.762909,-84.422675
4119,JET FOOD STORE #82,US-441 & CR-13,Douglas,GA,10,3.44066666,31.506114,-82.854335
4156,PETRO STOPPING CENTER #305,"I-10, EXIT 582",San Antonio,TX,740,3.20733333,29.462809,-98.524635
4161,EL CHEAPO,I-95 & EXIT 76,Midway,GA,195,3.52566666,31.801003,-81.416664
4164,CIRCLE K #2723897,"I-75, EXIT 138",Thomasville,GA,20,3.23566666,30.839422,-83.978781
4169,TA KINGMAN TRAVEL CENTER,"I-40, EXIT 48 & US-93",Kingman,AZ,910,3.899,35.216992,-114.010529
4171,PETRO SERVE USA #11,US-2 & US-71,Bemidji,MN,355,3.499,47.487034,-94.882690
4172,FLYING J TRAVEL PLAZA #639,"I-90, EXIT 2",Post Falls,ID,970,3.76233333,47.725559,-116.944167
4179,CIRCLE K #2705352,"I-95/SR-405, EXIT 109 & SR-30/SR-21",Port Wentworth,GA,195,3.099,32.192015,-81.205725
4187,FLYING J TRAVEL PLAZA #632,"I-75, EXIT 320",Resaca,GA,285,3.29566666,34.579365,-84.943824
4193,TIGER MART #63,"I-20, EXIT 454",Grand Prairie,TX,630,3.599,32.678930,-97.020743
4199,PWI #574,"I-70, EXIT 193/US-40",Bunker Hill,KS,357,2.959,38.875298,-98.698938
4220,KENNETT TRUCK STOP,"I-275, EXIT 16",Lawrenceburg,IN,300,3.424,39.107388,-84.875772
4222,Circle K #4703906,"I-24, EXIT 24 & SR-49",Pleasant View,TN,460,2.899,36.389266,-87.045493
4223,TA PEMBROKE TRAVEL CENTER,"I-90, EXIT 48A",Corfu,NY,38,3.939,42.961163,-78.402610
4223,TA PEMBROKE TRAVEL CENTER,"I-90, EXIT 48A",Corfu,NY,38,3.889,42.961163,-78.402610
4223,TA PEMBROKE TRAVEL CENTER,"I-90, EXIT 48A",Corfu,NY,38,3.829,42.961163,-78.402610
4223,TA PEMBROKE TRAVEL CENTER,"I-90, EXIT 48A",Corfu,NY,38,3.839,42.961163,-78.402610
4227,LOVES TRAVEL STOP #203,"I-40, EXIT 140",Oklahoma City,OK,483,3.35566666,35.467079,-97.513657
4233,QUIKTRIP #7220,"I-20, EXIT 8",Shreveport,LA,745,2.89233333,32.466879,-93.792193
4239,SPEEDWAY #8256,"I-64, EXIT 94 & SR-1958 & US-60",Winchester,KY,410,2.92233333,38.002364,-84.190586
4241,EXXON,"I-285, EXIT 53",Conley,GA,18,3.999,33.642273,-84.334334
4267,CONOCO,US-30 & SR-41,Gap,PA,160,3.799,39.989889,-76.021247
4292,KUM & GO #0032,"I-80/US-6, EXIT 155 & SR-117",Colfax,IA,320,3.08233333,41.679795,-93.236279
4301,TIGER DISCOUNT TRUCKSTOP,"I-94, EXIT 64 & I-94 BUS",Dickinson,ND,807,3.51566666,46.892780,-102.795960
4311,Saveway Truck Plaza,"I-65, EXIT 164 & US-31",Hope Hull,AL,720,3.139,32.198998,-86.344383
4331,KWIK STOP C STORES,US-61/US-151,Dubuque,IA,335,3.559,42.498901,-90.707258
4332,PILOT TRAVEL CENTER #468,"I-57, EXIT 283 & US-24",Gilman,IL,280,3.399,40.763498,-88.002080
4332,PILOT TRAVEL CENTER #468,"I-57, EXIT 283 & US-24",Gilman,IL,280,3.559,40.763498,-88.002080
4332,PILOT TRAVEL CENTER #468,"I-57, EXIT 283 & US-24",Gilman,IL,280,3.439,40.763498,-88.002080
4332,PILOT TRAVEL CENTERS #468,"I-57, EXIT 283 & US-24",Gilman,IL,280,3.459,40.763498,-88.002080
4335,HIGHWAY 20  AUTO TRUCK PLAZA,US-20,Peosta,IA,335,3.489,42.447214,-90.841426
4339,ROAD RANGER #273,I-69E/US-77 & SR-107,Combes,TX,639,3.049,26.246514,-97.726766
4349,ROAD RANGER #144,"I-380, EXIT 68US-20, EXIT 68",Evansdale,IA,565,3.729,42.465698,-92.269402
4363,EL CHEAPO #4,"I-95, EXIT 87",Richmond Hill,GA,195,3.09566666,31.900191,-81.310077
4372,GRADYS TRUCKSTOP,"I-16, EXIT 111",Pulaski,GA,195,3.46566666,32.390651,-81.953437
4373,KUM & GO #0043,"I-35, EXIT 43 & SR-207/CRG76",New Virginia,IA,320,3.114,41.181764,-93.731070
4389,TAYLOR QUIK-PIK,"I-29, EXIT 75 & US-30",Missouri Valley,IA,486,3.399,41.559319,-95.902635
4395,BREAK TIME #3147,"I-55, EXIT 67 & US-62",Sikeston,MO,275,3.499,36.883729,-89.587199
4417,TA MORIARITY TRAVEL CENTER,"I-40, EXIT 194",Moriarty,NM,580,3.21733333,35.003368,-106.044427
4419,CASEYS #3081,"I-35, EXIT 92 & US-136",Bethany,MO,400,3.06066666,40.268164,-94.029822
4427,CASEYS #2654,"I-80/US-6, EXIT 93 & CR-P28",Stuart,IA,320,3.099,41.500464,-94.318105
4431,CASEYS #2653,"US-63 & US-30, EXIT 202",Toledo,IA,320,3.349,41.990174,-92.580342
4437,UNDERWOOD TRUCK STOP I 80,"I-80, EXIT 17",Underwood,IA,319,3.00066666,41.380243,-95.682510
4441,PILOT TRAVEL CENTERS #51,"I-81 BAILEYTON RD, EXIT 36",Greeneville,TN,405,3.56233333,36.168016,-82.819669
4442,Minuteman Food Mart #58,US-74/US-76,Delco,NC,245,3.50733333,34.318818,-78.226661
4445,TA Rogers,"I-94/US-52, EXIT 207 & SR-101",Rogers,MN,448,3.274,45.183850,-93.571669
4446,LOVES TRAVEL STOP #200,I-40 EXIT 74,Amarillo,TX,585,3.209,35.199903,-101.830194
4451,PRAIRIE JUNCTION TRUCK STOP,"I-29, EXIT 109 & SR-34",Colman,SD,530,3.099,43.983473,-96.814745
4452,CASEYS #2867,US-63 & US-20,Waterloo,IA,380,3.499,42.492327,-92.351947
4458,KUM & GO #1443,"I-80, EXIT 216",Williamsburg,IA,380,3.13066666,41.668884,-92.013249
4460,EXIT 62 TRUCKSTOP,"I-71, EXIT 62 & US-127",Glencoe,KY,415,3.16566666,38.724990,-84.823276
4463,QUIKTRIP #7901,"I-20, EXIT 556 & US-69",Lindale,TX,710,2.80733333,32.494132,-95.407344
4482,FLYING J TRAVEL PLAZA #777,"I-84, EXIT 54(FEDERAL WAY)",Boise,ID,785,3.809,43.598050,-116.231596
4482,FLYING J FUEL STOP #777,"I-84, EXIT 54(FEDERAL WAY)",Boise,ID,785,3.76566666,43.598050,-116.231596
4492,3 MILE CORNER TRUCK STOP,US-2 & US-95,Bonners Ferry,ID,970,3.734,48.693374,-116.318360
4525,STINKER #42,US-12/US-95 & SR-128,Lewiston,ID,970,3.69733333,46.393130,-116.993472
4528,WENATCHEE VALLEY TRUCK STOP,US-97 ALT,Wenatchee,WA,920,4.199,47.435985,-120.329266
4528,WENATCHEE VALLEY TRUCK STOP,US-97 ALT,Wenatchee,WA,920,4.119,47.435985,-120.329266
4528,WENATCHEE VALLEY TRUCK STOP,US-97 ALT,Wenatchee,WA,920,4.089,47.435985,-120.329266
4533,SPEEDWAY #1449,"I-65, EXIT 262B",Birmingham,AL,615,2.97566666,33.527174,-86.797036
4544,BIG CHARLIES TRUCK PLAZA,"I-64, EXIT 282 & US-13",Virginia Beach,VA,130,3.489,36.779525,-76.029142
4555,PILOT TRAVEL CENTERS #406,"I-65, EXIT 22 & US-31A/SR-11",Cornersville,TN,460,3.799,35.363681,-86.857855
4560,FAST STOP TRAVEL CENTERS #1109,"I-15, EXIT 392",Plymouth,UT,835,3.58233333,41.873587,-112.146778
4563,PILOT TRAVEL CENTERS #299,"I-55/I-74/US-51, EXIT 160 & US-150/SR-9",Bloomington,IL,280,3.599,40.475777,-88.969912
4563,PILOT TRAVEL CENTERS #299,"I-55/I-74/US-51, EXIT 160 & US-150/SR-9",Bloomington,IL,280,3.399,40.475777,-88.969912
4563,PILOT TRAVEL CENTER #299,"I-55/I-74/US-51, EXIT 160 & US-150/SR-9",Bloomington,IL,280,3.399,40.475777,-88.969912
4563,PILOT TRAVEL CENTERS #299,"I-55/I-74/US-51, EXIT 160 & US-150/SR-9",Bloomington,IL,280,3.499,40.475777,-88.969912
4563,PILOT TRAVEL CENTER #299,"I-55/I-74/US-51, EXIT 160 & US-150/SR-9",Bloomington,IL,280,3.499,40.475777,-88.969912
4563,PILOT TRAVEL CENTER #299,"I-55/I-74/US-51, EXIT 160 & US-150/SR-9",Bloomington,IL,280,3.599,40.475777,-88.969912
4568,ONVO TRAVEL PLAZA,"I-90, EXIT 28",Fultonville,NY,12,3.199,42.946229,-74.369778
4568,ONVO TRAVEL PLAZA,"I-90, EXIT 28",Fultonville,NY,12,3.159,42.946229,-74.369778
4569,METROPOLIS TRUCK STOP,"I-24, EXIT 37 & US-45",Metropolis,IL,490,3.599,37.149639,-88.687354
4574,Circle K #4701432,"I-74, EXIT 174",Mahomet,IL,280,3.669,40.190133,-88.389515
4582,BIG CHIEF TRUCK STOP,"I-94/US-52, EXIT 61 & US-59/CR-82",Fergus Falls,MN,250,3.23566666,46.285017,-96.076110
4605,PILOT DEALER #898 SADLERS TRUCK STOP,"I-95, EXIT 11B & US-58",Emporia,VA,180,3.799,36.696182,-77.535975
4618,OUTPOST TRAVEL CENTER,"I-20, EXIT 5 & US-80",Greenwood,LA,745,2.899,32.431470,-93.959889
4620,PILOT TRAVEL CENTERS #95,"I-75, EXIT 329 & SR-44",Wildwood,FL,225,3.22566666,28.805813,-82.007324
4620,PILOT TRAVEL CENTER #95,"I-75, EXIT 329 & SR-44",Wildwood,FL,225,3.319,28.805813,-82.007324
4622,TA LEE HI TRAVEL PLAZA,"I-81,  EXIT 195",Lexington,VA,185,3.659,37.782332,-79.444320
4628,QUARLES #4601,US-29/US-17/US-15,Warrenton,VA,60,3.32233333,38.717817,-77.797316
4637,THORNTONS #369 DBA PILOT TRAVEL CENTER #514,"I-55, EXIT 126 & SR-10",Lincoln,IL,318,3.399,40.150678,-89.370273
4637,THORNTONS #369 DBA PILOT TRAVEL CENTER #514,"I-55, EXIT 126 & SR-10",Lincoln,IL,318,3.499,40.150678,-89.370273
4637,PILOT TRAVEL CENTER #514 - THORNTONS #369,"I-55, EXIT 126 & SR-10",Lincoln,IL,318,3.499,40.150678,-89.370273
4637,PILOT TRAVEL CENTER #514 - THORNTONS #369,"I-55, EXIT 126 & SR-10",Lincoln,IL,318,3.399,40.150678,-89.370273
4642,MARSHAL JUNCTION,"I-70, EXIT 147 & SR-1",Marshall,IL,510,3.199,39.399532,-87.691168
4642,MARSHAL JUNCTION,"I-70, EXIT 147 & SR-1",Marshall,IL,510,3.399,39.399532,-87.691168
4644,CIRCLE K #4706703,"I-80, EXIT 145A",Mokena,IL,290,3.399,41.529863,-87.877710
4644,CIRCLE K #4706703,"I-80, EXIT 145A",Mokena,IL,290,3.339,41.529863,-87.877710
4654,7-ELEVEN #35087,"I-490, EXIT 2 & SR-33 & SR-19",Bergen,NY,190,4.029,43.082601,-77.942458
4655,QUICKLEES TRAVEL CENTER,"I-86, EXIT 30 & CR-20",Belmont,NY,190,3.999,42.220105,-78.030794
4690,PWI #401,"I-20 & I-30, EXIT 1B",Aledo,TX,630,2.799,32.698282,-97.608341
4700,A C TRUCKSTOP,"I-80, EXIT 290",Laramie,WY,795,3.079,41.311544,-105.606884
4704,THE RIDGE,"I-68/US-219, EXIT 14 & US-40",Accident,MD,165,4.199,39.625688,-79.319958
4707,SMITHTON TRUCKSTOP,"I-70, EXIT 39 & SR-3059",Smithton,PA,165,3.899,40.153808,-79.741667
4729,MINIT MART #600244,"I-70, EXIT 131",Straughn,IN,457,3.859,39.808384,-85.290842
4742,FLYING J TRAVEL PLAZA #684,"I-94, EXIT 1 & SR-16",Beach,ND,807,3.96566666,46.918747,-104.005446
4750,BROOKE TRAVEL PLAZA,"I-80, EXIT 259",West Liberty,IA,380,2.98733333,41.572995,-91.262639
4762,TA MONROE TRAVEL CENTER,"I-75, EXIT 15",Monroe,MI,325,3.349,41.916586,-83.384324
4762,TA MONROE TRAVEL CENTER,"I-75, EXIT 15",Monroe,MI,325,3.249,41.916586,-83.384324
4762,TA MONROE TRAVEL CENTER,"I-75, EXIT 15",Monroe,MI,325,3.369,41.916586,-83.384324
4762,TA MONROE TRAVEL CENTER,"I-75, EXIT 15",Monroe,MI,325,3.299,41.916586,-83.384324
4806,TRACK AND TRAVEL,"I-20, EXIT 406",Weatherford,TX,630,2.91733333,32.755397,-97.765731
4818,PILOT TRAVEL CENTER #350,"I-84 & US-20, EXIT 95",Mountain Home,ID,785,3.799,43.131585,-115.697296
4818,PILOT TRAVEL CENTERS #350,"I-84 & US-20, EXIT 95",Mountain Home,ID,785,3.759,43.131585,-115.697296
4819,Alta Convenience #6333,"I-25, EXIT 11",Trinidad,CO,803,3.399,37.173157,-104.490326
4826,I-20 Truck Stop,"I-20, EXIT 165",Lincoln,AL,615,2.999,33.580169,-86.127876
4827,PETRO BEAUMONT #304,"I-10, EXIT 848",Beaumont,TX,610,3.33066666,30.084912,-94.145330
4837,SHELL,US-10 & SR-210,Motley,MN,522,3.399,46.334754,-94.642772
4856,PILOT TRAVEL CENTER #910- TOWN PUMP,"I-90, EXIT 274 & US-287",Three Forks,MT,786,3.59733333,45.889568,-111.552748
4858,PILOT TRAVEL CENTER #1346,"I-135, EXIT 31",Newton,KS,570,3.3115,38.037683,-97.345018
4858,PILOT DEALER #1346,"I-135, EXIT 31",Newton,KS,570,3.409,38.037683,-97.345018
4860,PILOT TRAVEL CENTER #476,"I-74, EXIT 32 & SR-17",Woodhull,IL,270,3.899,41.178433,-90.322179
4860,PILOT TRAVEL CENTERS #476,"I-74, EXIT 32 & SR-17",Woodhull,IL,270,3.899,41.178433,-90.322179
4872,TA COMMERCE TRAVEL CENTER,"I-85, EXIT 149 & US-441",Commerce,GA,16,3.21566666,34.214298,-83.475713
4874,PWI #110,"I-20, EXIT 112 & FM-1936",Odessa,TX,710,3.049,31.880461,-102.345314
4878,SHELL DBA ONE9 #1426,"I-84, EXIT 35",Nampa,ID,785,3.374,43.586441,-116.563890
4881,PETRO STOPPING CENTER #14,"I-295, EXIT 56",Bordentown,NJ,230,4.029,40.149693,-74.707679
4885,LOVES TRAVEL STOP #384,"I-70, EXIT 45",Greenville,IL,540,3.689,38.886602,-89.389425
4885,LOVES TRAVEL STOP #384,"I-70, EXIT 45",Greenville,IL,540,3.749,38.886602,-89.389425
4885,LOVES TRAVEL STOP #384,"I-70, EXIT 45",Greenville,IL,540,3.689,38.886602,-89.389425
4885,LOVES TRAVEL STOP #384,"I-70, EXIT 45",Greenville,IL,540,3.689,38.886602,-89.389425
4885,LOVES TRAVEL STOP #384,"I-70, EXIT 45",Greenville,IL,540,3.689,38.886602,-89.389425
4885,LOVES TRAVEL STOP #384,"I-70, EXIT 45",Greenville,IL,540,3.749,38.886602,-89.389425
4887,SUNOCO,"I-80 & I-90, EXIT 3",Wauseon,OH,550,3.699,41.553441,-84.140136
4894,CLOVERDALE TRAVEL PLAZA,"I-70, EXIT 41 & US-231",Cloverdale,IN,375,3.699,39.521221,-86.798689
4905,HY-MILER #2204,SR-250,Sandusky,OH,550,3.53233333,41.455885,-82.714436
4909,CIRCLE K #2723916,US-441/US-301/US/27/SR-500,Ocala,FL,140,3.459,29.177510,-82.151025
4910,PILOT TRAVEL CENTER #892,"I-70 EXIT 164, & US-50",Green River,UT,835,3.68566666,38.993460,-110.173424
4918,PILOT TRAVEL CENTERS #219,"I-40, EXIT 398",Knoxville,TN,405,3.699,35.970680,-83.949270
4921,PILOT TRAVEL CENTERS #231,"I-75, EXIT 29",Corbin,KY,410,3.609,36.931584,-84.100790
4927,CIRCLE K #2704886,"I-65, EXIT 205 & US-31/SR-22",Clanton,AL,720,3.20733333,32.845572,-86.619494
4933,VILLAGE TRUCK STOP,"I-81, EXIT 18",Rural Retreat,VA,185,3.299,36.905132,-81.277250
4977,KWIK TRIP #331,SR-54,Wisconsin Rapids,WI,395,3.26233333,44.392923,-89.826749
4981,JOHNNYS MARKET,"I-94, EXIT 110 & US-27",Marshall,MI,385,3.499,42.265201,-84.974241
4983,KWIK TRIP #603,"I-94, EXIT 28 & SR-128",Wilson,WI,451,3.549,44.958609,-92.170496
4996,ZIP TRIP #54,"I-90, EXIT 452",Billings,MT,780,3.59066666,45.788538,-108.552475
5003,TRAILWAY TRUCK STOP,US-301/SR-304,Centreville,MD,22,3.259,39.042265,-76.062538
5006,SUNOCO,US-1/US-9,Linden,NJ,79,3.799,40.627337,-74.236310
5024,I 55 MOTOR PLAZA,"I-55,  EXIT 180",Pevely,MO,540,2.99066666,38.288089,-90.400038
5030,YESWAY #1030,US-63 & E MARY ST,Ottumwa,IA,320,3.399,41.022251,-92.423263
5044,TA MOUNT VERNON TRAVEL CENTER,"I-44, EXIT 46 & SR-39/SR265",Mount Vernon,MO,535,3.409,37.104812,-93.818669
5050,ROCK PORT TRUCK PLAZA,"I-29 & US-136, EXIT 110",Rock Port,MO,400,3.099,40.410911,-95.533087
5056,TREX MART #16,"I-35, EXIT, 61 & US-69",Winston,MO,276,3.119,39.869946,-94.141744
5057,PHILLIPS 66,"I-35, EXIT 54 & I-35 BUS/US-36",Cameron,MO,276,3.099,39.743977,-94.232367
5060,CRAZY FREDS TRUCK SHOP,"I-40, EXIT 44 & US-66",Kingman,AZ,910,3.539,35.216992,-114.010529
5064,CLARK OIL #44,"I-59, EXIT 97",Laurel,MS,620,2.879,31.691221,-89.148290
5079,FASTLANE TAYLOR 63,US-61 & SR-6,Taylor,MO,494,3.01566666,37.202861,-93.116892
5085,K AN T TRUCKSTOP,"I-79, EXIT 137 & SR-310",Fairmont,WV,165,3.399,39.476877,-80.149089
5111,CIRCLE K #2723385,"I-59, EXIT 67 & US-49/SR-42",Hattiesburg,MS,620,3.149,31.307305,-89.317434
5117,CIRCLE K #4702361,"I-65, EXIT 130 & SR-334",Whitestown,IN,375,3.29233333,39.971672,-86.371739
5128,CASEYS #2769,"I-80, EXIT 220 & SR-149",Williamsburg,IA,380,3.14233333,41.668884,-92.013249
5131,TRAILS END TRUCK STOP,"I-29, EXIT 110 & US-136",Rock Port,MO,486,3.40566666,40.410911,-95.533087
5132,Travel Centers of America,"I-44, EXIT 208 & SR-19",Cuba,MO,574,3.26566666,38.067095,-91.405733
5160,FUEL MART #727,"I-70, EXIT 193",Quaker City,OH,249,3.16566666,39.969656,-81.297357
5165,ONE9 #046,"I-65, EXIT 6 & SR-100",Franklin,KY,415,3.08566666,36.718029,-86.557576
5167,SPEEDWAY #7575,"I-65, EXIT 255",Hobart,IN,290,3.63233333,41.513530,-87.276399
5183,PETRO STOPPING CENTER #74,I-95 & EXIT 106,Kenly,NC,205,3.709,35.600767,-78.127935
5191,NORTH POINT PLAZA,"I-90 & I-94, EXIT 115",Poynette,WI,420,3.17233333,43.392165,-89.404787
5202,Chevron #306185,US-30,Montpelier,ID,825,3.699,42.325992,-111.298826
5203,OASIS TRAVEL CENTER,"I-10, EXIT 53",Robertsdale,AL,715,3.469,30.557139,-87.704723
5207,JJ TRAVEL PLAZA,"I-70, EXIT 70 & US-83",Oakley,KS,525,3.61566666,39.123486,-100.845153
5227,PILOT TRAVEL CENTERS #900,"I-95, EXIT 75",Dunn,NC,205,3.709,35.311635,-78.612962
5230,ONE9 #496,"I-80, EXIT 265",Atalissa,IA,270,3.01566666,41.571687,-91.166454
5232,CM EUNICE,US-190,Eunice,LA,730,3.399,30.490429,-92.419064
5234,SINCLAIR,SR-37,Monett,MO,277,3.29066666,36.921470,-93.927108
5236,FLYING J #875,"I-95,  EXIT 109",Elkton,MD,243,4.199,39.605776,-75.821686
5245,CASEYS #3842,US-36 & US-283,Norton,KS,357,3.15733333,39.836219,-99.891596
5247,EDGERTON TRAVEL PLAZA,"I-90, EXIT 160 & US-51",Edgerton,WI,420,3.199,42.838947,-89.069571
5249,Taylor's Stateline Travel Center,US-67 & SR-278,Neelyville,MO,275,2.999,36.556292,-90.513676
5255,7-ELEVEN #35788,"I-35, EXIT 215",Olathe,KS,400,3.339,38.882031,-94.820054
5258,PT TRUCK STOP,"I-12, EXIT 42",Hammond,LA,623,3.249,30.505650,-90.456493
5282,CASEYS #3548,US-54 & US-61,Pratt,KS,357,3.14066666,37.698576,-98.765936
5285,TULLO TRUCK STOP,"I-95, EXIT 15E & US-1/US-9",Kearny,NJ,79,3.799,40.752332,-74.123093
5297,ERNIES TRUCK STOP,"I-90,  EXIT 179 & I-90 BUS/SR-17",Moses Lake,WA,920,3.999,47.127850,-119.276384
5297,ERNIES TRUCK STOP,"I-90,  EXIT 179 & I-90 BUS/SR-17",Moses Lake,WA,920,3.949,47.127850,-119.276384
5297,ERNIES TRUCK STOP,"I-90,  EXIT 179 & I-90 BUS/SR-17",Moses Lake,WA,920,4.179,47.127850,-119.276384
5299,Sudden Service #62,"I-65, EXIT 6 & SR-100",Franklin,KY,460,3.084,36.718029,-86.557576
5302,ONE9 #258,"I-81, EXIT 150 & US-220 ALT & US-11",Troutville,VA,185,3.03233333,37.416654,-79.878096
5306,PILOT TRAVEL CENTERS #11,"I-76, EXIT 232",North Lima,OH,573,3.799,40.947372,-80.664007
5309,NEWBORN TRUCK STOP,I-20 EXIT 5,Tallapoosa,GA,48,3.40733333,33.736656,-85.287358
5310,FLYING J #576,"I-35, EXIT 69",Northfield,MN,515,3.859,44.455645,-93.170311
5324,HY-MILER #2245,SR-53,Fremont,OH,550,3.38233333,41.353501,-83.113356
5341,KWIK STAR #1160,"US-75, EXIT 118 & SR-3",Le Mars,IA,408,3.299,42.781514,-96.173311
5349,JET FOOD STORE #17,US-1/SR=4/SR-540 & US-220/SR-47,Wrens,GA,135,3.41566666,33.207434,-82.387583
5363,SPEEDWAY #6767,"I-75, EXIT 20",Manheim,PA,70,4.499,40.163273,-76.395973
5389,FLYING J TRAVEL PLAZA #744,"I-15, EXIT 343",Ogden,UT,835,3.749,41.228391,-111.968147
5391,PWI #605,"I-10, EXIT 378",San Simon,AZ,640,2.959,32.268169,-109.230200
5399,FLYING J TRAVEL PLAZA #750,"I-81 & I-77, EXIT 80",Max Meadows,VA,185,3.549,36.978941,-80.961796
5407,CASEYS #4535,US 81,Concordia,KS,570,2.91233333,39.566870,-97.646785
5414,One9 #1216,"I-10 ,EXIT 200 & SR-84",Eloy,AZ,930,3.199,32.741255,-111.594015
5414,Pride Travel Center dba One9 #1216,"I-10 ,EXIT 200 & SR-84",Eloy,AZ,930,3.199,32.741255,-111.594015
5419,USA TRAVEL CENTER,"I-40, EXIT 48 & US-93",Kingman,AZ,910,3.399,35.216992,-114.010529
5422,K AND H TRUCK PLAZA,"I-57, EXIT 283 & US-24",Gilman,IL,290,3.159,40.763498,-88.002080
5422,K AND H TRUCK PLAZA,"I-57, EXIT 283 & US-24",Gilman,IL,290,3.099,40.763498,-88.002080
5424,WK TRUCK STOP,"US-231 & SR-9001, EXIT 75",Beaver Dam,KY,340,3.399,37.403758,-86.873606
5435,MEADE AUTO AND TRUCK PLAZA,US-54,Meade,KS,525,3.799,37.283612,-100.343022
5436,PARKWAY MARATHON,"US-79, EXIT 94",Caneyville,KY,415,3.73233333,37.422980,-86.499732
5446,PETRO STOPPING CENTER #308,"I-20, EXIT 8 & SR-526",Shreveport,LA,745,3.17566666,32.466879,-93.792193
5462,BOOZER KWIK STOP,"I-15, EXIT 118",Idaho Falls,ID,825,3.44733333,43.489616,-112.035340
5474,One9 #88,"I-95/SR-9, EXIT 201 & SR-520",Cocoa,FL,143,3.37566666,28.376643,-80.763306
5477,CHEVRON #383766,"I-5, EXIT 216",Halsey,OR,935,3.099,44.382845,-123.109487
5479,PILOT TRAVEL CENTERS #94,"I-75, EXIT 161",Punta Gorda,FL,225,3.799,26.897754,-82.065812
5479,PILOT TRAVEL CENTER #94,"I-75, EXIT 161",Punta Gorda,FL,225,3.799,26.897754,-82.065812
5491,49ER FUEL CENTER,"I-75, EXIT 49",East Bernstadt,KY,410,2.999,37.192677,-84.129211
5492,BFS FOODS #68,"I-70, EXIT 3",Hancock,MD,22,4.129,39.704574,-78.163265
5522,ONE9 #301,"I-55,  EXIT 40",Marston,MO,275,3.109,36.517177,-89.605831
5523,TA LIMON TRAVEL CENTER,"I-70, EXIT 359 & US-24",Limon,CO,800,3.92066666,39.265074,-103.685911
5529,FLYING J #549,"I-77, EXIT 100 & 101",Mount Airy,NC,65,3.599,36.508487,-80.614538
5537,HUCKS TRAVEL CENTER #51 DBA FLYING J #889,"I-57/I-64, EXIT 95 & SR-15",Mount Vernon,IL,574,3.459,38.314205,-88.917470
5537,HUCKS TRAVEL CENTER #51 dba FLYING J #889,"I-57/I-64, EXIT 95 & SR-15",Mount Vernon,IL,574,3.499,38.314205,-88.917470
5537,HUCKS TRAVEL CENTER #51 DBA FLYING J #889,"I-57/I-64, EXIT 95 & SR-15",Mount Vernon,IL,574,3.359,38.314205,-88.917470
5537,HUCKS TRAVEL CENTER #51 DBA FLYING J #889,"I-57/I-64, EXIT 95 & SR-15",Mount Vernon,IL,574,3.599,38.314205,-88.917470
5537,HUCKS TRAVEL CENTER #51 dba FLYING J #889,"I-57/I-64, EXIT 95 & SR-15",Mount Vernon,IL,574,3.399,38.314205,-88.917470
5554,Southfork TRUCK STOP,"I-30, EXIT 63 & SR-53",Gurdon,AR,635,3.459,33.916032,-93.153910
5560,MIDWAY TRAVEL PLAZA,I-70 EXIT 121 & US-40,Columbia,MO,310,3.539,38.947290,-92.326387
5569,TA EXPRESS NORWOOD #0450,US-60,Norwood,MO,535,3.449,37.107192,-92.418931
5570,PETRO STOPPING CENTER #310,"I-12, EXIT 40 & US-51 BUS",Hammond,LA,725,3.249,30.505650,-90.456493
5579,SAPP BROS TRAVEL CENTER,US-30,Columbus,NE,486,3.219,41.437087,-97.358615
5592,TA COLUMBIA NORTH,"I-20, EXIT 71 & US-21",Columbia,SC,46,3.439,34.040519,-80.906099
5597,CM LAKE CHARLES FUEL STOP 36,"I-10, EXIT 36 & SR-397",Lake Charles,LA,690,3.299,30.199020,-93.210835
5601,BP,"I-24, EXIT 16",Paducah,KY,490,3.429,37.070892,-88.644477
5603,TA NORTH CANTON TRAVEL CENTER,"I-77, EXIT 111",North Canton,OH,249,3.624,40.874177,-81.397228
5606,FLYING J #511,"I-94, EXIT 147",Mandan,ND,273,3.95233333,46.829484,-100.887060
5607,RICE MART,"I-45 & FM 1603, EXIT 238",Rice,TX,630,3.019,32.239260,-96.497380
5608,SHOP A LOTT  #3,US-84 & US-171,Mansfield,LA,766,3.13566666,32.035341,-93.699665
5613,CHEVRON #381108,"I-82, EXIT 36",Yakima,WA,925,3.999,46.590938,-120.549400
5618,MCCLURE OIL #52,"I-65/US-52, EXIT 140 & SR-32",Lebanon,IN,375,3.584,40.036378,-86.461070
5649,Fast Stop,"I-10, EXIT 182 & SR-22",Sorrento,LA,623,3.699,30.183623,-90.866567
5659,TEX-BEST #526,US-59 & US-281,George West,TX,625,3.299,28.330000,-98.118304
5660,Pride Convenience Store,"I-90, EXIT 51 & I-291",Chicopee,MA,100,3.509,42.177586,-72.570189
5661,TA Express #287,"I-40, EXIT 288 & SR-111",Cookeville,TN,460,3.299,36.146926,-85.512653
5667,PILOT TRAVEL CENTERS #393,"I-40, EXIT 24 & SR-209",Waynesville,NC,210,3.759,35.485709,-82.999115
5669,KWIK TRIP #497,I-90 EXIT 266 & CR-12,Dakota,MN,515,3.474,43.911548,-91.361362
5670,TA MOUNT VERNON TRAVEL CENTER,"I-57 & I-64, EXIT 95",Mount Vernon,IL,574,3.449,38.314205,-88.917470
5670,TA MOUNT VERNON TRAVEL CENTER,"I-57 & I-64, EXIT 95",Mount Vernon,IL,574,3.499,38.314205,-88.917470
5670,TA MOUNT VERNON TRAVEL CENTER,"I-57 & I-64, EXIT 95",Mount Vernon,IL,574,3.539,38.314205,-88.917470
5674,TA MADISON TRAVEL CENTER,"I-20, EXIT 114 & US-441",Madison,GA,16,3.89066666,33.579038,-83.475971
5677,YESWAY #1178,CR-13,Kadoka,SD,506,3.189,43.828613,-101.501241
5691,Pilot Travel Center #666,"I-94, EXIT 30",Benton Harbor,MI,465,3.059,42.113495,-86.447250
5700,BEACON & BRIDGE #18,US-131 BUS,Big Rapids,MI,456,3.559,43.699671,-85.481250
5700,BEACON & BRIDGE #18,US-131 BUS,Big Rapids,MI,456,3.319,43.699671,-85.481250
5700,BEACON & BRIDGE #18,US-131 BUS,Big Rapids,MI,456,3.339,43.699671,-85.481250
5718,TOOT N TOTUM #104,US-287,Dalhart,TX,585,3.199,36.057423,-102.512212
5721,TA BALTIMORE SOUTH TRAVEL CENTER,"I-95, EXIT 41A & SR-175 & US-1",Jessup,MD,22,4.599,39.149094,-76.776388
5729,MENOMONIE FARMERS UNION,"I-94, EXIT 45 & CR-B",Menomonie,WI,295,3.649,44.889200,-91.909570
5730,SCOTTS QUICK STOP,SR-53 & SR-46,Marlette,MI,342,3.399,43.326439,-83.080519
5739,PILOT TRAVEL CENTERS #284,"I-75, EXIT 18",Monroe,MI,325,3.399,41.916586,-83.384324
5739,PILOT TRAVEL CENTERS #284,"I-75, EXIT 18",Monroe,MI,325,3.299,41.916586,-83.384324
5739,PILOT TRAVEL CENTERS #284,"I-75, EXIT 18",Monroe,MI,325,3.559,41.916586,-83.384324
5739,PILOT TRAVEL CENTERS #284,"I-75, EXIT 18",Monroe,MI,325,3.249,41.916586,-83.384324
5739,PILOT TRAVEL CENTERS #284,"I-75, EXIT 18",Monroe,MI,325,3.439,41.916586,-83.384324
5751,TA LAKE PARK TRAVEL CENTER,"I-75,  EXIT 2",Lake Park,GA,20,3.31566666,30.685560,-83.187704
5754,ROAD TRIP OASIS PERRY,"I-69, EXIT 105 & SR-52",Perry,MI,406,3.799,42.832030,-84.220112
5754,ROAD TRIP OASIS PERRY,"I-69, EXIT 105 & SR-52",Perry,MI,406,3.699,42.832030,-84.220112
5758,SPEEDY Q MARKET #8206,"I-94, EXIT 274",Port Huron,MI,325,3.899,42.993766,-82.433743
5770,Kwik Trip # 1281,"I-43, EXIT 107",Belgium,WI,444,3.25566666,43.501807,-87.847551
5774,PJ TRAVEL PLAZA,"I-80, EXIT 192 & SR-880",Loganton,PA,138,3.479,41.034229,-77.302333
5799,STAPLES OIL,"I-90, EXIT 146",Alden,MN,425,3.299,43.667463,-93.569885
5801,TA WYTHEVILLE TRAVEL CENTER,"I-81, EXIT 72 & I-77, EXIT 41",Wytheville,VA,185,3.519,36.953385,-81.088438
5821,TA PORTLAND TRAVEL CENTER,"I-5,  EXIT 278",Aurora,OR,935,4.03233333,45.228317,-122.757227
5823,ENMARKET #863,"I-95, EXIT 8 & SR-88",Hardeeville,SC,195,3.08233333,32.295308,-81.040983
5830,115 TRUCKSTOP #5001,"I-94, EXIT 115",Marshall,MI,431,3.429,42.265201,-84.974241
5830,115 TRUCKSTOP #5001,"I-94, EXIT 115",Marshall,MI,431,3.499,42.265201,-84.974241
5830,115 TRUCKSTOP #5001,"I-94, EXIT 115",Marshall,MI,431,3.589,42.265201,-84.974241
5842,PETRO STOPPING CENTER #6367,"I-57,  EXIT 335",Monee,IL,290,3.459,41.417833,-87.749894
5842,PETRO STOPPING CENTER #6367,"I-57,  EXIT 335",Monee,IL,290,3.499,41.417833,-87.749894
5842,PETRO STOPPING CENTER #6367,"I-57,  EXIT 335",Monee,IL,290,3.399,41.417833,-87.749894
5860,SPEEDWAY #4610,"I-35, EXIT 59 & SR-21",Faribault,MN,448,3.759,44.299709,-93.278946
5873,SOUTHERN VALLEY COOP,ST 14 BYPASS,Mankato,MN,425,3.499,44.171126,-93.975048
5901,ROTHSAY TRUCK STOP,"I-94, EXIT 38",Rothsay,MN,341,3.209,46.473091,-96.284242
5903,Circle K #2746447,I-94/US-52 EXIT 127 & US-71/SR-28,Sauk Centre,MN,250,3.189,45.736472,-94.952729
5907,SPEEDWAY #4035,CR-101,Shakopee,MN,448,3.599,44.771906,-93.475699
5909,SINCLAIR,"I-90, EXIT 233",Saint Charles,MN,515,3.529,43.968774,-92.059860
5927,HARRISONBURG TRAVEL CENTER,"I-81,  EXIT 243 & US-11",Harrisonburg,VA,185,2.899,38.436255,-78.873303
5935,WESTHAMPTON VALERO,I-295 EXIT 47A,Mount Holly,NJ,160,3.329,39.995336,-74.786473
5942,EXPRESS MART TRUCK STOP,"I-55, EXIT 185 & US-67/US-61",Barnhart,MO,540,2.99733333,38.336604,-90.403095
5944,LAKE MILLS TRAVEL PLAZA,"I-94, EXIT 259 & SR- 89/CR-G",Lake Mills,WI,420,3.36066666,43.077639,-88.906411
5946,PILOT TRAVEL CENTERS #918,I-90 EXIT 55,Rapid City,SD,506,3.999,44.071071,-103.217924
5949,EXXON,US-59 & LOOP 151,Texarkana,TX,723,3.16566666,33.449204,-94.085008
5951,ROAD RANGER #157,I-64 EXIT 41,Okawville,IL,540,3.799,38.434417,-89.547978
5963,OZONA ONE STOP,"I-10, EXIT 372",Ozona,TX,710,2.98233333,30.707399,-101.206059
5965,TRUCK TOWNE,I-29 EXIT 47 & SR-46,Beresford,SD,572,3.159,43.079646,-96.780224
5971,WACO TRAVEL CENTER,SR-19,Perry,FL,20,3.699,30.109053,-83.582275
5979,TA LAFAYETTE TRAVEL CENTER,"I-10 & SR-182, EXIT 101",Lafayette,LA,600,3.134,30.205600,-92.028058
5980,THRIFT MART TRUCK PLAZA,"I-85/US-460, EXIT 63A & US-1/US-460 BUS",Petersburg,VA,180,3.199,37.204730,-77.392368
5990,360 TRUCK STOP,US-360,Amelia Court House,VA,180,3.599,37.335858,-77.986639
5996,Fast Stop Travel Centers #1134,"I-80/US-30, EXIT 99 & US-191/SR-373",Rock Springs,WY,827,3.499,41.594705,-109.220921
5999,PILOT TRAVEL STOP #492,"I-30, EXIT 78 & SR-7",Arkadelphia,AR,635,3.559,34.127380,-93.070851
5999,PILOT TRAVEL CENTER #492,"I-30, EXIT 78 & SR-7",Arkadelphia,AR,635,3.499,34.127380,-93.070851
6001,ALLSUPS #2392,US-70 & US-285,Roswell,NM,700,3.199,33.373442,-104.529393
6009,CASEYS #2652,US-65 & US-36,Chillicothe,MO,400,3.289,39.794761,-93.547397
6010,SEGOVIA TRUCK STOP,"I-10, EXIT 465",Junction,TX,739,2.999,30.490759,-99.773222
6018,TA BLOOMINGTON TRAVEL CENTER,"I-55, I-74 & I-39 , EXIT 160",Bloomington,IL,280,3.619,40.475777,-88.969912
6018,TA BLOOMINGTON TRAVEL CENTER,"I-55, I-74 & I-39 , EXIT 160",Bloomington,IL,280,3.649,40.475777,-88.969912
6018,TA BLOOMINGTON TRAVEL CENTER,"I-55, I-74 & I-39 , EXIT 160",Bloomington,IL,280,3.599,40.475777,-88.969912
6018,TA BLOOMINGTON TRAVEL CENTER,"I-55, I-74 & I-39 , EXIT 160",Bloomington,IL,280,3.449,40.475777,-88.969912
6018,TA BLOOMINGTON TRAVEL CENTER,"I-55, I-74 & I-39 , EXIT 160",Bloomington,IL,280,3.539,40.475777,-88.969912
6033,EMERY'S,US-54,Deerfield,MO,277,3.349,37.838652,-94.507702
6037,CRYSTAL OIL,"I-129/US-20/US-75,  EXIT 2",South Sioux City,NE,527,3.549,42.462124,-96.412965
6041,COCKERHAM FUEL CENTER #4,"I-77, EXIT 14 & US-58/US-221",Hillsville,VA,185,3.28233333,36.761614,-80.736704
6047,FAST LANE #26,US-61,Eolia,MO,494,3.099,39.237890,-91.013166
6051,CIRCLE K #2709846,"I-25, EXIT 240",Longmont,CO,800,3.05733333,40.168199,-105.100522
6057,PILOT TRAVEL CENTER #903,"I-70/US-40, EXIT 252",Salina,KS,523,3.759,38.813085,-97.614477
6057,PILOT TRAVEL CENTERS #903,"I-70/US-40, EXIT 252",Salina,KS,523,3.779,38.813085,-97.614477
6058,MOTOR INN AUTO TRUCK STOP,I-75 EXIT 110,Mendon,OH,370,3.199,40.672717,-84.517854
6068,AYERCO #24,US-61 & CR MM,Hannibal,MO,494,3.099,39.710208,-91.394044
6082,Palmetto Truck Plaza,US-27/SR-25 & SR-826,Hialeah,FL,95,3.399,25.869941,-80.302865
6083,BP,"I-35, EXIT 33",Holt,MO,400,3.049,39.454209,-94.338511
6087,BREAK TIME #3173,US-54 & CR-HH,Fulton,MO,310,3.299,38.855146,-91.950802
6093,ONE9 #901,"I-80 & US-183, EXIT 257",Elm Creek,NE,330,2.96566666,40.720084,-99.375590
6096,Waverly Travel Center,US-23,Waverly,OH,315,3.41566666,39.125970,-82.983687
6097,SAPP BROS TRAVEL CENTER,"I-80, EXIT 263",Elm Creek,NE,330,3.18733333,40.720084,-99.375590
6106,TA HUNTINGTON,"I-84, EXIT 353",Huntington,OR,982,3.639,44.350086,-117.266763
6111,HAWGS EXXON,US-167/SR-25,Batesville,AR,418,3.359,35.768572,-91.622652
6150,CIRCLE K #2723707,"I-81,  EXIT 150",Troutville,VA,65,3.06566666,37.416654,-79.878096
6154,TA MOBILE TRAVEL CENTER,"I-10,  EXIT 4",Grand Bay,AL,715,3.13566666,30.472082,-88.344401
6164,PILOT TRAVEL CENTER #268,"I-80/US-6, EXIT 284",Walcott,IA,270,3.859,41.587319,-90.780518
6164,PILOT TRAVEL CENTERS #268,"I-80/US-6, EXIT 284",Walcott,IA,270,3.88566666,41.587319,-90.780518
6165,TEMP STOP #117,I-70 & GRAIN VALLEY RD EXIT 24,Grain Valley,MO,400,2.959,39.014988,-94.216371
6167,PILOT TRAVEL CENTERS #167,US-71,Nevada,MO,277,3.49566666,37.844908,-94.350321
6172,SPEEDWAY #2319,"I-96, EXIT 77",Portland,MI,431,3.699,42.869794,-84.898930
6172,SPEEDWAY #2319,"I-96, EXIT 77",Portland,MI,431,3.549,42.869794,-84.898930
6173,PILOT TRAVEL CENTERS #21,"I-94, EXIT 167",Dexter,MI,325,3.659,42.332256,-83.881027
6173,PILOT TRAVEL CENTERS #21,"I-94, EXIT 167",Dexter,MI,325,3.599,42.332256,-83.881027
6173,PILOT TRAVEL CENTERS #21,"I-94, EXIT 167",Dexter,MI,325,3.579,42.332256,-83.881027
6173,PILOT TRAVEL CENTERS #21,"I-94, EXIT 167",Dexter,MI,325,3.649,42.332256,-83.881027
6175,ONVO TRAVEL PLAZA - MIFFLINTOWN,US-322/US-22 & SR-35,Mifflintown,PA,138,3.479,40.571174,-77.395140
6179,HENDERSON TRAVEL PLAZA,"I-10, EXIT 115 & SR-347",Breaux Bridge,LA,690,3.38566666,30.283099,-91.905919
6180,Circle #4703923,"I-24, EXIT 180B & US-27",Chattanooga,TN,285,2.78566666,35.065958,-85.248386
6182,Exxon,"I-20, EXIT 205 & SR-46",Heflin,AL,587,3.01566666,33.647400,-85.569339
6188,SIGNAL FOOD STORE #112,US-65 & SR-J,Ozark,MO,535,2.999,37.033600,-93.218044
6198,DAVIS TRAVEL CENTER #102,"I-95/US-301, EXIT 33 & SR-602",Stony Creek,VA,180,3.06566666,36.948010,-77.400067
6200,KWIK FILL #388,"I-80, EXIT 29 & SR-8",Harrisville,PA,165,3.404,41.136407,-80.010746
6206,PETRO PORTAGE,"I-90 & I-94, EXIT 108-A",Portage,WI,420,3.80733333,43.548951,-89.465866
6212,MR FUEL,"I-55, EXIT 180",Pevely,MO,540,3.01566666,38.288089,-90.400038
6214,PIONEER Travel Plaza,"I-41, EXIT 60 & SR-145",Richfield,WI,444,3.21566666,43.239390,-88.234017
6218,LOVES TRAVEL STOP #215,"I-40, EXIT 16 & US-40 BUS/US-66",Gallup,NM,580,3.43733333,35.513753,-108.743733
6219,SCHATZ CROSSROADS,US-2 /US-52,Minot,ND,452,3.549,48.236125,-101.277533
6221,LOVES TRAVEL STOP #214,I-10 EXIT 37,El Paso,TX,640,3.07566666,31.847780,-106.431106
6222,QUIKTRIP #236,"I-29/US-71, EXIT 18 & SR-92",Platte City,MO,400,2.999,39.359733,-94.756317
6227,MARLOWS FUEL CENTER,"I-20, EXIT 479",Dallas,TX,630,3.24066666,32.793333,-96.766513
6229,FUEL MART #764,"I-70, EXIT 66 & SR- 54",South Vienna,OH,315,3.129,39.929321,-83.613934
6232,OASIS TRUCK STOP,"I-44 & SR-133, MM 145",Richland,MO,416,3.324,37.861142,-92.399744
6242,TA FORISTELL TRAVEL CENTER,"I-70, EXIT 203",Foristell,MO,540,3.019,38.814393,-90.958962
6243,GARDEN INN TRAVEL PLAZA,US-60/US-63,Cabool,MO,535,3.299,37.126482,-92.103217
6251,BREAUX BRIDGE VALERO #1408,"I-10 & SR-347, EXIT 115",Breaux Bridge,LA,730,3.499,30.283099,-91.905919
6252,PILOT TRAVEL CENTERS #12,I-80 & I-90 EXIT 71,Perrysburg,OH,550,3.759,41.538986,-83.644132
6258,CASEYS #6342,"I-29, EXIT 144 & US-169",Saint Joseph,MO,400,3.169,39.759460,-94.821143
6271,TA DENTON TRAVEL CENTER,"I-35, EXIT 471 & US-77",Denton,TX,630,3.254,33.217449,-97.141346
6275,TA SEATTLE EAST TRAVEL CENTER,"I-90, EXIT 34",North Bend,WA,962,3.959,47.487967,-121.768786
6275,TA SEATTLE EAST TRAVEL CENTER,"I-90, EXIT 34",North Bend,WA,962,3.899,47.487967,-121.768786
6275,TA SEATTLE EAST TRAVEL CENTER,"I-90, EXIT 34",North Bend,WA,962,3.859,47.487967,-121.768786
6284,7-ELEVEN #40513,I-90/80-IN TOLL RD MM 22W,Portage,IN,365,3.999,41.588490,-87.179456
6286,APPLE MARKET #526,"I-64, EXIT 94",Winchester,KY,410,2.91566666,38.002364,-84.190586
6290,FUEL KING NAPOLEON TRAVEL CENTER,"US-6/US-24/SR/CR-3, EXIT 41",Napoleon,OH,550,3.439,41.397969,-84.124984
6293,PETRO STOPPING CENTER #313,"I-40, EXIT 79",Milan,NM,580,3.57066666,35.196782,-107.892371
6296,GRAY TRUCK STOP,US-71/US-136,Maryville,MO,400,3.26566666,40.342515,-94.870048
6299,HWY 34 TRUCKSTOP,"US-34, EXIT 258",West Burlington,IA,345,3.374,40.821628,-91.175475
6305,I-95 Fuel Stop,"I-95, EXIT 126 & US-17/US-1",Fredericksburg,VA,180,3.264,38.299272,-77.486658
6307,QUIKTRIP #608,"I-70, MID RIVERS MALL",Saint Peters,MO,540,2.904,38.781565,-90.604168
6308,Pilot Travel Centers #354,"I-64, EXIT 28",Simpsonville,KY,415,3.759,38.215248,-85.346854
6309,WINNERS CIRCLE #1,"I-30 & US-270, EXIT 98A",Malvern,AR,695,3.35233333,34.373579,-92.821250
6310,CIRCLE K #2707515,US-27/SR-25 & US-98/US-700/SR-700/SR-66,Sebring,FL,140,3.389,27.471396,-81.451568
6315,AYERCO #25,US-24,Taylor,MO,494,3.01566666,37.202861,-93.116892
6318,Chisholm Corner #15,"I-35, EXIT 72 & US-19",Pauls Valley,OK,569,3.38733333,34.710206,-97.224027
6326,KANZA TRAVEL PLAZA,"I-35, EXIT 231 AND US-177",Braman,OK,500,3.02733333,36.923644,-97.335815
6327,PETRO STOPPING CENTER #312,"I-40 & I-75, EXIT 369",Knoxville,TN,405,3.42566666,35.970680,-83.949270
6330,TA EDINBURG TRAVEL CENTER,I-69C/US-281 & FM-2812,Edinburg,TX,639,3.01066666,26.318374,-98.153480
6334,231 PLAZA AND TRUCK STOP,US-231/SR-75 & SR-20,Youngstown,FL,20,3.494,30.398681,-85.458991
6341,TA RAWLINS TRAVEL CENTER,"I-80, EXIT 214",Rawlins,WY,795,3.72233333,41.785130,-107.224653
6346,SPEEDWAY #4710,US-71/SR-60,Windom,MN,425,3.299,43.873552,-95.119136
6351,FLYING J TRAVEL PLAZA #608,"I-10, EXIT 1",Ehrenberg,AZ,930,3.959,33.614208,-114.483007
6356,CIRCLE K #2721536,ST 6 EAST,Batesville,MS,435,3.24066666,34.320982,-89.924878
6370,TA ROCKWALL TRAVEL CENTER,"I-30/US-67, EXIT 68 & SR-205",Rockwall,TX,630,3.13733333,32.918056,-96.438050
6374,TA ELGIN WEST TRAVEL CENTER,I-90 &  US-20,Hampshire,IL,290,3.459,42.116614,-88.505165
6374,TA ELGIN WEST TRAVEL CENTER,I-90 &  US-20,Hampshire,IL,290,3.539,42.116614,-88.505165
6374,TA ELGIN WEST TRAVEL CENTER,I-90 &  US-20,Hampshire,IL,290,3.599,42.116614,-88.505165
6374,TA ELGIN WEST TRAVEL CENTER,I-90 &  US-20,Hampshire,IL,290,3.499,42.116614,-88.505165
6374,TA ELGIN WEST TRAVEL CENTER,I-90 &  US-20,Hampshire,IL,290,3.469,42.116614,-88.505165
6387,FLYING J FRANCHISE #966,"I-80, EXIT 229",Battle Mountain,NV,966,3.79233333,40.628371,-116.948553
6391,TOOT N TOTUM #106,US-287,Dumas,TX,585,3.00566666,35.862020,-101.964972
6393,PILOT TRAVEL CENTER #478,"I-64, EXIT 92",Leavenworth,IN,415,3.959,38.200084,-86.350105
6393,PILOT TRAVEL CENTERS #478,"I-64, EXIT 92",Leavenworth,IN,415,3.959,38.200084,-86.350105
6401,CIRCLE K #2723457,"I-10, EXIT 34-B",Gulfport,MS,715,2.989,30.419487,-89.069022
6434,AMPRIDE ALL ROUND TRUCK STOP,US-20,Fort Dodge,IA,343,3.299,42.509863,-94.175675
6441,GRAND OIL,"I-75, EXIT 41 & SR-80",London,KY,410,3.499,37.116776,-84.076349
6442,CLARK OIL #49,US-84,Laurel,MS,620,2.999,31.691221,-89.148290
6448,CIRCLE K #2723392,"I-59, EXIT 97 & US-84",Laurel,MS,620,2.95233333,31.691221,-89.148290
6462,ARCO #471770,US-281 & SR-5,Dunseith,ND,452,3.499,48.813033,-100.062233
6468,TA SAYRE TRAVEL CENTER,"I-40 & CEMETARY RD, EXIT 26",Sayre,OK,483,3.064,35.295653,-99.628239
6480,FLYING J #934,"I-84, EXIT 265",La Grande,OR,982,3.53566666,45.324471,-118.086891
6492,FLICKS,US-49,Richland,MS,760,2.999,32.230413,-90.159622
6496,SPEEDY EXPRESS #38,"I-35, EXIT 305",Mathis,TX,625,3.199,28.090919,-97.817047
6502,SQUAW CREEK TRAVEL PLAZA,"I-29, EXIT 79 & US-159",Forest City,MO,400,3.339,39.982950,-95.188310
6517,HARDYS #5,"I-80, EXIT 4   4",Wendover,UT,835,3.499,40.724025,-114.025097
6518,TOWN PUMP FOOD STORE #310,"I-15, EXIT 164",Boulder,MT,816,3.559,46.235840,-112.119749
6526,TULIP CITY TRUCK STOP,"I-196 & SR-40, EXIT 49",Holland,MI,344,3.739,42.767049,-86.098572
6527,ZIP TRIP #50,"I-90, EXIT 426",Park City,MT,780,3.584,45.630946,-108.925311
6547,FLYING J TRAVEL PLAZA #762,"I-90, EXIT 126 & SR-59",Gillette,WY,836,3.899,44.272580,-105.498936
6562,PILOT #1323,"I-29, EXIT 35                 ",Faucett,MO,400,3.27233333,39.600244,-94.797470
6563,Road Ranger #282,"I-35, EXIT 500",Gainesville,TX,630,3.17566666,33.638647,-97.148413
6564,FLYING J FRANCHISE #970,US-395,Pasco,WA,925,4.599,46.266113,-119.121426
6565,TA Greeneville Travel Center,"I-81,  EXIT 36",Greeneville,TN,405,3.55233333,36.168016,-82.819669
6567,YELLOWSTONE TRUCK SHOP,"I-90, EXIT 330",Livingston,MT,786,3.649,45.665629,-110.555706
6577,AC & T TRAVEL CENTER,"I-81, EXIT 5 W",Hagerstown,MD,70,3.659,39.637986,-77.723252
6578,PILOT TRAVEL CENTER #909- TOWN PUMP,"I-15 & US-2, EXIT 363",Shelby,MT,815,3.63566666,48.502129,-111.862036
6588,TOWN PUMP FOOD STORE #4300,"I-90, EXIT 249",Whitehall,MT,786,3.659,45.870987,-112.097584
6593,LITTLE AMERICA TRAVEL CENTER,"I-40, EXIT 198",Flagstaff,AZ,930,3.539,35.185212,-111.620698
6608,7-ELEVEN #35560,SR-16,Charlotte,NC,46,3.999,35.209045,-80.830990
6628,FLYING J TRAVEL PLAZA #682,"I-85, EXIT 150",Haw River,NC,65,3.94233333,36.091898,-79.358943
6632,TA SAVANNAH TRAVEL CENTER,"I-95/SR-405,  EXIT 87 & US-17/SR-25",Richmond Hill,GA,195,3.35066666,31.900191,-81.310077
6633,BAKER TRUCK CORRAL,"I-84, EXIT 304",Baker City,OR,982,3.42566666,44.774972,-117.831808
6640,PETRO STOPPING CENTER JOHNSTOWN,"I-25, EXIT 254",Johnstown,CO,800,3.42733333,40.307248,-104.911205
6642,TA VERO BEACH TRAVEL CENTER #197,"I-95/SR-9, EXIT 147 & SR-60",Vero Beach,FL,95,3.484,27.647220,-80.393136
6646,FAMILY EXPRESS #35 (DISCOUNT AVAILABLE),"I-65, EXIT 215 & SR-114",Rensselaer,IN,365,3.13233333,40.950515,-87.153295
6655,BP DBA TA ELKTON TRAVEL CENTER,"I-95,  EXIT 109B",Elkton,MD,150,4.969,39.605776,-75.821686
6659,GURNEE TRUCK STOP,US-41,Gurnee,IL,290,3.289,42.370085,-87.936805
6659,GURNEE TRUCK STOP,US-41,Gurnee,IL,290,3.379,42.370085,-87.936805
6661,TA FRANKLIN TRAVEL CENTER,"I-65, EXIT 61",Franklin,TN,460,3.839,35.914025,-86.852161
6663,TA of Mocksville,"I-40, EXIT 170 & US-601",Mocksville,NC,46,3.699,35.899716,-80.561095
6677,ROADWAY TRAVEL CENTER,"I-29, EXIT 73",Sioux Falls,SD,530,3.199,43.540696,-96.731962
6693,SAPP BROS TRAVEL CENTER,US-77,Fremont,NE,486,3.34566666,41.439842,-96.487000
6701,JACKS TRUCK STOP,"I-65, EXIT 304 & SR-69",Cullman,AL,615,3.999,34.176870,-86.840656
6704,FL Roberts,"I-91, EXIT 24",Whately,MA,100,3.559,42.430995,-72.642437
6716,MARATHON,"I-29/US-81, EXIT 65 & I-94 BUS/US-10",Fargo,ND,341,3.449,46.864700,-96.829080
6721,STAMART 1222,"I-29, EXIT 64",Fargo,ND,341,3.38566666,46.864700,-96.829080
6725,TA EXPRESS GRAND FORKS #948,"I-29, EXIT 141 & US-2",Grand Forks,ND,355,3.539,47.919595,-97.087328
6734,TOMAHAWK TRUCK STOP,"I-25, EXIT 128",Fountain,CO,803,3.299,38.689020,-104.680559
6736,EAGLEVILLE TRAVEL CENTER,"I-35 & ROUTE N, EXIT 106",Eagleville,MO,320,2.93566666,40.468725,-93.985963
6742,Holiday #3810,"I-94/US-52, EXIT 178 & SR-24",Clearwater,MN,453,3.22066666,45.409879,-94.044560
6744,FLYING J #550,US-2/US-52,Minot,ND,273,3.93566666,48.236125,-101.277533
6745,TIGER TRUCK STOP,"I-10, EXIT 139",Grosse Tete,LA,600,3.059,30.415418,-91.439400
6755,PETRO STOPPING CENTER #326,"I-40, EXIT 161 & SR-391",North Little Rock,AR,695,3.20733333,34.781752,-92.235057
6760,BETTY BEAVERS TRUCKSTOP,"I-87, EXIT 32",Lewis,NY,12,3.719,44.318369,-73.581246
6760,BETTY BEAVERS TRUCKSTOP,"I-87, EXIT 32",Lewis,NY,12,3.619,44.318369,-73.581246
6765,CIRCLE C TRAVEL PLAZA,"I-95, EXIT 68 & SR-61",Walterboro,SC,195,3.079,32.901114,-80.676828
6806,Onvo Travel Plaza,"I-78/US-22, EXIT 45 & SR-863",Kutztown,PA,90,3.32733333,40.521313,-75.777288
6810,TA RICHMOND,"I-95, EXIT 89 & SR-802",Ashland,VA,180,3.60566666,37.760417,-77.472414
6811,PUMP & PANTRY #24,US-6/CR-74,Hastings,NE,330,3.399,40.596264,-98.390320
6823,PETRO STOPPING CENTER #301,"I-10, EXIT 37",El Paso,TX,640,3.124,31.847780,-106.431106
6840,PETRO DEMING,"I-10, EXIT 68",Deming,NM,640,3.38566666,32.263076,-107.752490
6842,FLYNNS TRUCK PLAZA,"US-20, EXIT 11 & SR-140",Shrewsbury,MA,175,3.61566666,42.284767,-71.714228
6845,NEBRASKALAND TIRE SHOP,"I-80, EXIT 237 & US-283",Lexington,NE,330,2.999,40.777453,-99.746755
6850,BROKEN WHEEL TRUCK STOP,"I-25, EXIT 135",Douglas,WY,790,3.759,42.754773,-105.397802
6857,TA SPARKS TRAVEL CENTER,"I-80, EXIT 19 & SR-659",Sparks,NV,966,3.899,39.574341,-119.715154
6859,PRIME STOP,US-81,Norfolk,NE,470,3.229,42.028216,-97.427807
6864,JJS TRUCK STOP,"I-30, EXIT 106",Malvern,AR,695,3.31566666,34.373579,-92.821250
6869,TA WHEELING TRAVEL CENTER,"I-70, EXIT 11 & CR-41",Valley Grove,WV,165,3.529,40.086261,-80.577049
6883,PILOT TRAVEL CENTERS #517,US- 22 & SR-322,Duncannon,PA,70,4.199,40.395178,-77.027730
6885,GO MART FOOD STORE #31,"I-77, EXIT 95 & SR-61",Charleston,WV,44,3.499,38.348692,-81.632324
6886,PWI #535,"I-70, EXIT 47",Palisade,CO,800,3.379,39.107931,-108.357330
6897,Speedee Mart #2890,US-20 & US-83,Valentine,NE,475,3.329,42.873892,-100.547014
6901,PRIME STOP,US-275,Wisner,NE,470,3.259,41.989686,-96.914926
6915,FLITE LINE SUNOCO,"I-95, EXIT 3",Portsmouth,NH,34,3.69566666,43.060594,-70.780349
6927,TORCH 85 TRUCK PLAZA,"I-85, EXIT 42",Tuskegee,AL,720,3.27233333,32.418723,-85.682509
6944,CROSSROADS TRUCK STOP,"I-82, EXIT 1 & US-730",Umatilla,OR,982,3.239,45.917612,-119.331979
6948,PILOT #4563,"I-8I, EXIT 77",Harrisburg,PA,70,3.869,40.275891,-76.885020
6951,ARROWHEAD TRAVEL PLAZA,"I-84, EXIT 216 & SR 331,",Pendleton,OR,982,3.259,45.675609,-118.819548
6954,BOLLA MARKET #198,SR-17MAHWA,Mahwah,NJ,115,3.58566666,41.082067,-74.183061
6960,FLYING J TRAVEL PLAZA #761,"I-80 & US-189, EXIT 3",Evanston,WY,835,3.699,41.260088,-110.963739
6961,LITTLE AMERICA,"I-80, EXIT 358 & I-25, EXIT 9 & US-30",Cheyenne,WY,795,3.709,41.128275,-104.799155
6962,LITTLE AMERICA TRAVEL CENTER,"I-80, EXIT 68 & SR-374",Little America,WY,835,3.52566666,41.549363,-109.884876
6963,Atlantis Fresh Market #553,"I-84, EXIT 1",Montague,NJ,120,3.509,41.280958,-74.730511
6968,R STORE #4513,US-41,Fond Du Lac,WI,360,3.299,43.772182,-88.440264
6970,TA Twin City East Travel Center,I-94  EXIT 4 & US-12,Hudson,WI,450,3.54733333,44.963882,-92.730253
6971,KWIK TRIP #1013,"I-41, EXIT 57 & SR-167",Richfield,WI,444,3.39066666,43.239390,-88.234017
6976,MOASIS TRUCK CENTER,US-41,Little Chute,WI,444,3.199,44.291128,-88.320399
6981,Kwik Trip #1197,"US-151, EXIT 26",Belmont,WI,335,3.564,42.737670,-90.334319
6984,TA HURRICANE TRAVEL CENTER,"I-64, EXIT 39 & SR-34",Hurricane,WV,255,3.63233333,38.427474,-82.018080
6986,LOVES TRAVEL STOP #448,"I-5, EXIT 136B, SR-509",Tacoma,WA,977,4.589,47.252199,-122.459832
6986,LOVES TRAVEL STOPS #448,"I-5, EXIT 136B, SR-509",Tacoma,WA,977,4.589,47.252199,-122.459832
6987,One9 #965,"I-90, EXIT 109 & US-97",Ellensburg,WA,977,3.859,47.000124,-120.549540
6987,One9 #965,"I-90, EXIT 109 & US-97",Ellensburg,WA,977,3.839,47.000124,-120.549540
6987,One9 #965,"I-90, EXIT 109 & US-97",Ellensburg,WA,977,3.899,47.000124,-120.549540
6992,FLYING J #1169,"I-5, EXIT 99",Tumwater,WA,977,4.599,46.989463,-122.917277
6994,FLYING J FRANCHISE #967,"I-90, EXIT 286",Spokane,WA,970,4.059,47.666935,-117.433322
6994,FLYING J FRANCHISE #967,"I-90, EXIT 286",Spokane,WA,970,3.999,47.666935,-117.433322
6994,FLYING J FRANCHISE #967,"I-90, EXIT 286",Spokane,WA,970,4.029,47.666935,-117.433322
6994,FLYING J FRANCHISE #967,"I-90, EXIT 286",Spokane,WA,970,4.159,47.666935,-117.433322
6994,FLYING J FRANCHISE #967,"I-90, EXIT 286",Spokane,WA,970,3.929,47.666935,-117.433322
6999,SIMMONS TRAVEL CENTER,"I-85, EXIT 4 & SR-93/SR-903",Bracey,VA,180,3.099,36.581233,-78.113799
7003,TA ASHLAND TRAVEL CENTER,"I-95, EXIT 92 & SR-54",Ashland,VA,180,3.64233333,37.760417,-77.472414
7004,FRANKS TRUCKING CENTER,"I-264, EXIT 13B",Chesapeake,VA,130,3.449,36.679376,-76.301788
7007,KUM & GO #0201,"I-80, EXIT 242",Coralville,IA,380,3.294,41.698795,-91.596800
7013,ERNIES TRUCK PLAZA,"I-15, EXIT 112",Beaver,UT,910,3.399,38.275872,-112.638098
7016,TA SALT LAKE CITY TRAVEL CENTER,"I-80, EXIT 99",Tooele,UT,835,3.769,40.539396,-112.307843
7018,FLYING J TRAVEL PLAZA #746,"I-15 & I-80 SR 201, EXIT 305",Salt Lake City,UT,835,3.73233333,40.776928,-111.930991
7023,TA AMARILLO WEST TRAVEL CENTER,"I-40, EXIT 74",Amarillo,TX,585,3.279,35.199903,-101.830194
7037,SAMS TRUCK STOP,"I-10, EXIT 138",Van Horn,TX,640,3.999,31.040670,-104.834156
7045,BUBBLE CITY TRUCK STOP,US-64,Farmington,NM,614,3.70566666,36.753833,-108.180530
7051,PILOT #887,US-84 & US-180,Snyder,TX,575,3.24566666,32.713561,-100.911902
7056,TA SWEETWATER TRAVEL CENTER,"I-20, EXIT 242",Sweetwater,TX,575,3.15233333,32.469389,-100.408651
7058,YESWAY #1125,"I-27, EXIT 1C",Lubbock,TX,700,2.969,33.561901,-101.888883
7059,TA BIG SPRING TRAVEL CENTER,"I-20, EXIT 177 & US-87",Big Spring,TX,612,3.699,32.238341,-101.485739
7064,SPEEDWAY #9804,"I-10, EXIT 25",El Paso,TX,640,3.41566666,31.847780,-106.431106
7066,REFUEL #328,"I-35,  EXIT 204",San Marcos,TX,595,2.999,29.873610,-97.936725
7077,THE TENNESSEAN TRUCKSTOP,"I-65, EXIT 22 & US-31 ALT/SR-11",Cornersville,TN,460,3.799,35.363681,-86.857855
7080,ONE9 #1422,"I-40, EXIT 197",Moriarty,NM,580,3.11566666,35.003368,-106.044427
7082,Chevron,"I-65, EXIT 6",Ardmore,TN,460,3.599,35.004441,-86.850713
7084,Holiday StationStore #2746500,US-12 & US-281,Aberdeen,SD,248,3.114,45.464678,-98.468104
7087,PILOT #599,"I-90, EXIT 192 & I-90 BUS/US-83",Murdo,SD,506,3.799,43.889361,-100.714156
7088,FLYING J FRANCHISE #931,"I-90, EXIT 61",Rapid City,SD,506,3.15733333,44.071071,-103.217924
7092,LOVES TRAVEL STOP #445,I-90 EXIT 399 & SR 115,Sioux Falls,SD,530,3.889,43.540696,-96.731962
7095,TA MANNING TRAVEL CENTER,"I-95, EXIT 119",Manning,SC,135,3.51733333,33.693323,-80.216761
7106,PILOT DEALER #1163,"I-80, EXIT 42",Emlenton,PA,165,4.03566666,41.180245,-79.708550
7112,TA HARRISBURG TRAVEL CENTER,"I-81, EXIT 77 & SR-39",Harrisburg,PA,70,3.81566666,40.275891,-76.885020
7116,TA MILESBURG TRAVEL CENTER,"I-80, EXIT 158",Milesburg,PA,14,4.049,40.942383,-77.791686
7121,TA BLOOMSBURG TRAVEL CENTER,"I-80, EXIT 232",Bloomsburg,PA,138,3.95733333,41.002717,-76.456580
7126,SAPP BROS TRAVEL CENTER,"I-80, EXIT 120",Clearfield,PA,14,3.899,41.021498,-78.439398
7128,FLYING J #518,"I-78, EXIT 10 (PA 645)",Myerstown,PA,208,3.869,40.372139,-76.305579
7129,TA BROOKVILLE TRAVEL CENTER,"I-80 EXIT 78, & SR-36",Brookville,PA,14,4.029,41.161676,-79.082652
7135,PETRO STOPPING CENTER #336,"I-81, EXIT 52 & I-76, EXIT 226",Carlisle,PA,70,4.149,40.199994,-77.204149
7136,TA LAMAR TRAVEL CENTER,"I-80, EXIT 173 & SR-64",Lamar,PA,14,4.03566666,41.010035,-77.523444
7137,TA BARKEYVILLE TRAVEL CENTER,"I-80, EXIT 29 & SR-8",Harrisville,PA,165,4.044,41.136407,-80.010746
7147,JUBITZ TRAVEL PLAZA,"I-5, EXIT 307",Portland,OR,935,3.859,45.536951,-122.649971
7148,TA TROUTDALE TRAVEL CENTER,"I-84, EXIT 17",Troutdale,OR,935,3.93233333,45.539220,-122.392673
7154,TA OKLAHOMA CITY WEST TRAVEL CENTER,"I-40, EXIT 140",Oklahoma City,OK,483,3.30233333,35.467079,-97.513657
7156,TA OKLAHOMA CITY EAST TRAVEL CENTER,"I-40, EXIT 142",Oklahoma City,OK,483,3.30066666,35.467079,-97.513657
7166,TA London Travel Center,"I-70 & US-42, EXIT 79",London,OH,315,3.49233333,39.892845,-83.438875
7169,TA YOUNGSTOWN TRAVEL CENTER,"I-80 & SR 46, EXIT 223",Youngstown,OH,573,3.444,41.099095,-80.645902
7170,TRUCK WORLD TRUCKSTOP,"I-80, EXIT 234",Hubbard,OH,573,3.259,41.158121,-80.564651
7172,TA TOLEDO EAST TRAVEL CENTER,"I-80 & I-280, EXIT 71",Perrysburg,OH,550,3.78066666,41.538986,-83.644132
7173,SPEEDWAY #9954,"SR-17, EXIT 66",Apalachin,NY,32,3.999,42.063844,-76.156757
7173,SPEEDWAY #9954,"SR-17, EXIT 66",Apalachin,NY,32,4.099,42.063844,-76.156757
7176,TA DAYTON TRAVEL CENTER,"I-70,  EXIT 10 & US-127",Eaton,OH,317,3.40066666,39.750107,-84.634469
7179,JIMS TRUCK PLAZA,"I-90, EXIT 52E",Buffalo,NY,38,3.799,42.892492,-78.859686
7179,JIMS TRUCK PLAZA,"I-90, EXIT 52E",Buffalo,NY,38,3.659,42.892492,-78.859686
7180,TA HebronTravel Center,"I-70, EXIT 126 & SR-37",Hebron,OH,315,3.38233333,39.965248,-82.486506
7183,TA KINGSVILLE TRAVEL CENTER,"I-90, EXIT 235 & SR-193",Kingsville,OH,305,3.88233333,41.882032,-80.674965
7184,TA JEFFERSONVILLE EAST TRAVEL CENTER,"I-71, EXIT 65 & SR-435 & US-35",Jeffersonville,OH,315,3.32733333,39.649616,-83.558138
7189,S and R Truck Plaza,"I-94, EXIT 260",Jamestown,ND,390,3.58566666,46.905851,-98.693579
7190,Tower Travel Center,"I-94, EXIT 307",Tower City,ND,341,3.51566666,46.926308,-97.676035
7196,SALUDA TRUCK PLAZA,"I-26, EXIT 28",Saluda,NC,210,3.099,35.237523,-82.346908
7197,7-ELEVEN #35115,"I-90, EXIT 42",Phelps,NY,190,4.049,42.958057,-77.062121
7197,7-ELEVEN #35115,"I-90, EXIT 42",Phelps,NY,190,4.019,42.958057,-77.062121
7198,LOVES TRAVEL STOP #507,"I-85, EXIT 71",Salisbury,NC,46,3.51066666,35.666161,-80.492629
7212,ONVO TRAVEL PLAZA,"I-90 & RTE 22, EXIT B-3",Canaan,NY,12,3.439,42.403004,-73.456777
7212,ONVO TRAVEL PLAZA,"I-90 & RTE 22, EXIT B-3",Canaan,NY,12,3.399,42.403004,-73.456777
7215,TA FULTONVILLE TRAVEL CENTER,"I-90, EXIT 28",Fultonville,NY,12,4.039,42.946229,-74.369778
7216,ONVO TRAVEL PLAZA - LOUNSBERRY,"SR-17, EXIT 63",Nichols,NY,220,3.399,42.020017,-76.370402
7216,ONVO TRAVEL PLAZA - LOUNSBERRY,"SR-17, EXIT 63",Nichols,NY,220,3.439,42.020017,-76.370402
7222,TA SANTA ROSA TRAVEL CENTER,"I-40/US-54, EXIT 277 & US-84",Santa Rosa,NM,580,3.45233333,34.936051,-104.675021
7225,LOVES TRAVEL STOP #329,US-60,Clovis,NM,593,4.089,34.438569,-103.194194
7226,TA LAS CRUCES TRAVEL CENTER,"I-10, EXIT 139",Las Cruces,NM,640,3.14066666,32.326444,-106.789695
7227,NATIONAL TRUCK STOP,"I-10, VADO EXIT 155",Vado,NM,640,2.999,32.127881,-106.657073
7228,MAVERIK COUNTRY STORE #638,"I-40, EXIT 159D & I-25/US-85, EXIT 227",Albuquerque,NM,580,3.20733333,35.104780,-106.646809
7229,TA GALLUP TRAVEL CENTER,"I-40, EXIT 16 & HWY 66",Gallup,NM,580,3.43233333,35.513753,-108.743733
7230,DEMING TRUCK STOP,"I-10, EXIT 81",Deming,NM,640,2.899,32.263076,-107.752490
7231,TA ALBUQUERQUE TRAVEL CENTER,"I-25, EXIT 227 OR 225",Albuquerque,NM,580,3.58733333,35.104780,-106.646809
7234,TA BLOOMSBURY TRAVEL CENTER,"I-78/US-22, EXIT 7 & SR-173",Bloomsbury,NJ,115,3.79066666,40.656886,-75.076225
7237,TA COLUMBIA TRAVEL CENTER,"I-80, EXIT 4 & SR-94",Columbia,NJ,115,4.099,40.925868,-75.094062
7239,TA PAULSBORO TRAVELCENTER,"I-295, EXIT 18A",Paulsboro,NJ,150,3.999,39.839975,-75.239960
7240,Pilot Travel Centers #190,"I-78, EXIT 12 & US-22",Hampton,NJ,105,3.809,40.704570,-74.971525
7244,TA LAS VEGAS TRAVEL CENTER,"I-15, EXIT 33",Las Vegas,NV,910,3.73566666,36.233499,-115.264037
7248,WILD WILD WEST TRAVEL PLAZA,"I-15, EXIT 37",Las Vegas,NV,910,3.76733333,36.233499,-115.264037
7263,FLYING J #904,"I-80, EXIT 107",Big Springs,NE,475,3.48233333,41.060902,-102.074466
7264,TA GRAND ISLAND WEST TRAVEL CENTER,"I-80, EXIT 305",Alda,NE,330,3.169,40.866567,-98.468050
7265,Fast Stop Travel Centers #1151,"I-80, EXIT 164 & CR-56C",Hershey,NE,475,3.499,41.160187,-100.998528
7267,TA OGALLALA TRAVEL CENTER,"I-80, EXIT 126",Ogallala,NE,475,3.46566666,41.129595,-101.720677
7268,SAPP BROS TRAVEL CENTER,"I-80, EXIT 440 & SR-50, EXIT 440",Omaha,NE,486,3.28066666,41.262705,-96.053475
7269,GRAND ISLAND TRAVEL CENTER,"I-80, EXIT 312 & US-281/US-34",Grand Island,NE,330,3.26566666,40.921352,-98.358559
7282,ALLTOWN FRESH,"I-87, EXIT 17N & US-9",Fort Edward,NY,12,3.759,43.268618,-73.582617
7282,ALLTOWN FRESH,"I-87, EXIT 17N & US-9",Fort Edward,NY,12,3.779,43.268618,-73.582617
7284,MURALTS TRUCK PLAZA,"I-90, EXIT 96 & US-93/SR-200",Missoula,MT,820,3.609,46.874359,-114.026136
7285,SENECA ONE STOP,"SR-17, EXIT 20",Salamanca,NY,38,3.309,42.163328,-78.725158
7286,TA MISSOULA,"I-90, EXIT 96 & US-93",Missoula,MT,820,3.699,46.874359,-114.026136
7288,TA LAUREL,"I-90, EXIT 437",Laurel,MT,780,3.61233333,45.674007,-108.776789
7289,TA STRAFFORD,"I-44, EXIT 88 & SR-125",Strafford,MO,535,3.36566666,37.268711,-93.117963
7291,TA OAK GROVE TRAVEL CENTER,"I-70, EXIT 28",Oak Grove,MO,400,3.22233333,38.227632,-91.149599
7293,TA Matthews Travel Center,"I-55, EXIT 58 & SR-80",Matthews,MO,574,3.20566666,36.756800,-89.567477
7299,GASPERS - FAST LANE,"I-70, EXIT 148 & US-54",Kingdom City,MO,392,2.959,38.947306,-91.935419
7300,B AND D AUTO TRUCK PLAZA,"I-44, EXIT 127",Lebanon,MO,416,3.099,37.672131,-92.659670
7310,AAA HOSPITALITY,"I-55, EXIT 220",Tillatoba,MS,435,2.784,33.985086,-89.896060
7312,208 FUEL PLAZA,"I-70, EXIT 208",Belmont,OH,430,3.419,40.027979,-81.040933
7314,TA MERIDIAN TRAVEL CENTER,"I-20 & I-59, EXIT 160",Meridian,MS,705,2.91233333,32.384170,-88.689448
7323,TRUCKERS INN,"I-94/US-52, EXIT 127 & US-71",Sauk Centre,MN,453,3.22566666,45.736472,-94.952729
7326,PETRO STOP #398,"I-35 & I-90, EXIT 11",Albert Lea,MN,515,4.099,43.654293,-93.364148
7327,TA TEKONSHA,"I-69,EXIT 25 & SR-60",Tekonsha,MI,385,3.599,42.097365,-84.991924
7327,TA TEKONSHA,"I-69,EXIT 25 & SR-60",Tekonsha,MI,385,3.699,42.097365,-84.991924
7327,TA TEKONSHA,"I-69,EXIT 25 & SR-60",Tekonsha,MI,385,3.589,42.097365,-84.991924
7331,SPEEDWAY #9266,US-52 & SR-234,Ironton,OH,255,3.699,38.532596,-82.678090
7332,FLYING J #895,"I-75, EXIT 32A",Trenton,MI,325,3.559,42.140058,-83.192914
7332,FLYING J #895,"I-75, EXIT 32A",Trenton,MI,325,3.299,42.140058,-83.192914
7332,FLYING J #895,"I-75, EXIT 32A",Trenton,MI,325,3.249,42.140058,-83.192914
7332,FLYING J #895,"I-75, EXIT 32A",Trenton,MI,325,3.349,42.140058,-83.192914
7332,FLYING J #895,"I-75, EXIT 32A",Trenton,MI,325,3.439,42.140058,-83.192914
7337,TA BATTLE CREEK,"I-94, EXIT 104",Battle Creek,MI,385,4.039,42.299176,-85.229267
7337,TA BATTLE CREEK,"I-94, EXIT 104",Battle Creek,MI,385,3.999,42.299176,-85.229267
7337,TA BATTLE CREEK,"I-94, EXIT 104",Battle Creek,MI,385,3.979,42.299176,-85.229267
7337,TA BATTLE CREEK,"I-94, EXIT 104",Battle Creek,MI,385,3.989,42.299176,-85.229267
7341,INTERSTATE TRAVEL PLAZA,"I-495, EXIT 14A & US-1",Wrentham,MA,175,3.699,42.052671,-71.356858
7344,BEST QUICK STOP,US-1,Peabody,MA,178,3.61566666,42.534310,-70.969443
7353,DYSARTS SERVICE,"I-95, EXIT 44",Bangor,ME,26,3.799,44.829625,-68.788767
7354,CIRCLE K #4707065,"I-95, EXIT 2",Kittery,ME,125,3.899,43.089985,-70.738321
7357,TA SLIDELL TRAVEL CENTER,"I-10, EXIT 266 & US-190",Slidell,LA,725,3.154,30.288913,-89.782926
7360,KINGS TRUCK STOP,ST 103,Port Barre,LA,600,3.189,30.555523,-91.955962
7364,Petro Stopping Center,"I-80, EXIT 226",Girard,OH,573,3.45233333,41.165648,-80.696089
7370,TA SMITHS GROVE,"I-65, EXIT 38 & SR-101",Smiths Grove,KY,415,3.43233333,37.050205,-86.208076
7371,One9 #392,"I-65, EXIT 81 & SR-84",Sonora,KY,415,3.19566666,37.525398,-85.898315
7372,TA WALTON #28,"I-75/I-71, EXIT 175 & SR-338",Walton,KY,300,3.00233333,38.862427,-84.615043
7379,KEYSTOP TRAVEL CENTER,"I-65, EXIT 2 & US-31W",Franklin,KY,460,2.899,36.718029,-86.557576
7382,TA FLORENCE TRAVEL CENTER,"I-75, EXIT 181",Florence,KY,300,3.07066666,38.993405,-84.648186
7385,WAKEENEY 24 7 STORE #3,"I-70/US-40, EXIT 127 & US-283",Wakeeney,KS,525,3.09066666,39.023449,-99.881455
7387,TA Oakley,"I-70, EXIT 76 & US-40/US-83",Oakley,KS,525,3.649,39.123486,-100.845153
7389,GO MART FOOD STORE #58,"I-77, EXIT 1 & SR-7",Marietta,OH,430,3.799,39.423166,-81.446426
7396,7-ELEVEN #36180,US-20/SR-18,Monroeville,OH,550,3.614,41.243843,-82.702575
7398,FLYING J #913,"I-80, EXIT 142 & US-65",Altoona,IA,320,3.35566666,41.650639,-93.480018
7398,FLYING J TRAVEL PLAZA #913,"I-80, EXIT 142 & US-65",Altoona,IA,320,3.34233333,41.650639,-93.480018
7403,FUEL MART #714,"I-75, EXIT 168",North Baltimore,OH,550,3.11233333,41.179853,-83.668665
7406,PILOT TRAVEL CENTER #594,"I-29, EXIT 143",Sioux City,IA,527,3.60566666,42.495380,-96.389495
7406,PILOT #594,"I-29, EXIT 143",Sioux City,IA,527,3.699,42.495380,-96.389495
7407,TA IOWA 80 TRAVEL PLAZA,"I-80, EXIT 284",Walcott,IA,270,3.90233333,41.587319,-90.780518
7408,FRIENDSHIP FOOD MART #99,US-224 & SR-61/SR-598,Willard,OH,249,3.63233333,41.051941,-82.723533
7410,PILOT TRAVEL CENTERS #373,"I-35 & I-80, EXIT 126",Urbandale,IA,320,3.35566666,41.636656,-93.779889
7410,PILOT TRAVEL CENTER #373,"I-35 & I-80, EXIT 126",Urbandale,IA,320,3.34233333,41.636656,-93.779889
7412,PETRO STOPPING CENTER #374,"I-69, EXIT 245 & SR-28",Gaston,IN,457,3.53566666,40.314005,-85.501005
7416,GOOD TO GO #40,"I-65, EXIT 215 & SR-114",Rensselaer,IN,290,3.20066666,40.950515,-87.153295
7418,JJS TRAVEL PLAZA,US-31 & US-24,Peru,IN,370,3.444,40.758651,-86.070561
7421,MIDLAND #1901,"I-70, EXIT 137 AT MILE 137",Cambridge City,IN,375,3.43233333,39.812084,-85.170820
7425,Petro Brazil,"I-70,  EXIT 23",Brazil,IN,375,3.989,39.522449,-87.124479
7429,TA CLAYTON,"I-70, EXIT 59 & SR-39",Clayton,IN,375,3.939,39.688392,-86.521856
7435,PETRO STOPPING CENTER #375,"I-65, EXIT 201 & US-231/US-24",Remington,IN,365,3.699,40.769405,-87.129724
7436,TA WHITESTOWN,"I-65/US-52, EXIT 130",Whitestown,IN,375,3.57066666,39.971672,-86.371739
7437,PETRO STOPPING CENTER #379,"I-74,  EXIT 143",Greensburg,IN,375,3.999,39.351019,-85.501189
7457,TA EFFINGHAM TRAVEL CENTER,"I-57 & I-70, EXIT 160",Effingham,IL,574,3.349,39.120662,-88.550859
7457,TA EFFINGHAM TRAVEL CENTER,"I-57 & I-70, EXIT 160",Effingham,IL,574,3.399,39.120662,-88.550859
7457,TA EFFINGHAM TRAVEL CENTER,"I-57 & I-70, EXIT 160",Effingham,IL,574,3.439,39.120662,-88.550859
7457,TA EFFINGHAM TRAVEL CENTER,"I-57 & I-70, EXIT 160",Effingham,IL,574,3.549,39.120662,-88.550859
7459,TA Morris Travel Center,"I-80, EXIT 112 & SR-47",Morris,IL,290,3.849,41.380229,-88.424332
7466,PILOT #595,"I-57, EXIT 54B & SR-13",Marion,IL,540,3.759,37.734445,-88.941164
7466,PILOT TRAVEL CENTER #595,"I-57, EXIT 54B & SR-13",Marion,IL,540,3.759,37.734445,-88.941164
7469,PILOT TRAVEL CENTERS #313,"I-70/I-55, EXIT 4 & SR-203",East Saint Louis,IL,540,3.439,38.616361,-90.130528
7469,PILOT TRAVEL CENTER #313,"I-70/I-55, EXIT 4 & SR-203",East Saint Louis,IL,540,3.699,38.616361,-90.130528
7469,PILOT TRAVEL CENTER #313,"I-70/I-55, EXIT 4 & SR-203",East Saint Louis,IL,540,3.579,38.616361,-90.130528
7469,PILOT TRAVEL CENTER #313,"I-70/I-55, EXIT 4 & SR-203",East Saint Louis,IL,540,3.379,38.616361,-90.130528
7471,ROAD RANGER #185,"I-55, EXIT 145 & US-136",Mc Lean,IL,280,3.349,40.313579,-89.168606
7471,ROAD RANGER #185,"I-55, EXIT 145 & US-136",Mc Lean,IL,280,3.449,40.313579,-89.168606
7482,TA BOISE TRAVEL CENTER,"I-84, EXIT 54",Boise,ID,785,3.77066666,43.598050,-116.231596
7492,Mobil dba One9 #1365,"I-85, EXIT 70",Cusseta,AL,720,2.999,32.787637,-85.305769
7492,One9 #1365,"I-85, EXIT 70",Cusseta,AL,720,2.999,32.787637,-85.305769
7495,RACETRAC #2574,"I-75, EXIT 237, SR-331 & US-41",Forest Park,GA,18,3.109,33.620543,-84.358181
7504,TEXACO,"I-75, EXIT 306 & SR-140",Adairsville,GA,193,3.10566666,34.371431,-84.921567
7506,CHAPMANS TRUCK STOP,"I-85 & SR-219, EXIT 13",Lagrange,GA,50,3.91566666,33.026980,-85.038261
7523,EXPRESS STOP FOOD STORE #4644,"I-75, EXIT 181",Pinconning,MI,260,3.639,43.857719,-83.964138
7533,TA WILDWOOD TRAVEL CENTER,"I-75, EXIT 329 & SR-44",Wildwood,FL,225,3.214,28.805813,-82.007324
7534,TA BALDWIN TRAVEL CENTER,"I-10, EXIT 343 & US-301",Jacksonville,FL,75,3.899,30.336864,-81.661603
7535,GIANT #198,"I-4/SR-400, EXIT 7 & US-301/SR-41",Tampa,FL,225,3.25733333,27.970086,-82.479673
7543,TA NEW HAVEN TRAVEL CENTER,"I-95, EXIT 56",Branford,CT,100,5.069,41.279949,-72.785950
7545,CITGO,"I-95, EXIT 40",Milford,CT,100,3.399,41.225086,-73.061110
7546,SHELL DBA PILOT DEALER #882,"I-95, EXIT 93 & SR-216",North Stonington,CT,73,4.299,41.470969,-71.872525
7546,PILOT TRAVEL CENTERS #882,"I-95, EXIT 93 & SR-216",North Stonington,CT,73,4.299,41.470969,-71.872525
7551,PWI #525,"I-70, EXIT 295",Watkins,CO,800,3.139,39.698399,-104.577223
7552,TA DENVER WEST TRAVEL CENTER,"I-70, EXIT 266",Wheat Ridge,CO,800,3.41566666,39.772675,-105.104801
7553,BRUSH TRAVEL PLAZA,"I-76, EXIT 90B & SR-71",Brush,CO,800,3.699,40.259263,-103.636334
7574,108 FOOD AND FUEL,"I-40, EXIT 108 & US-66/US-281 BUS",Calumet,OK,483,3.13566666,35.601385,-98.124786
7611,LOVES TRAVEL STOP #167,"I-44, EXIT 83",Chickasha,OK,483,3.16566666,35.040543,-97.947173
7615,HOPI TRAVEL PLAZA CONOCO DBA ONE9 #1270,"I-40, EXIT 292",Holbrook,AZ,930,3.139,34.904624,-110.167210
7615,HOPI TRAVEL PLAZA,"I-40, EXIT 292",Holbrook,AZ,930,3.219,34.904624,-110.167210
7617,TUCSON TRUCK TERMINAL,"I-10, EXIT 268",Tucson,AZ,980,3.22233333,32.153036,-110.870773
7622,COPAN TRUCK STOP,US-75,Copan,OK,307,3.119,36.900473,-95.925291
7624,WILLCOX TRUCK PLAZA,"I-10, EXIT 340",Willcox,AZ,980,3.34066666,32.251804,-109.835698
7625,LOVES TRAVEL STOP #248,"I-40, EXIT 71",Clinton,OK,483,3.17233333,35.507101,-98.970503
7627,DAVIS TRADING POST,"I-35, EXIT 55",Davis,OK,569,2.979,34.429427,-97.174438
7629,ARNOLDS TRUCK STOP,US-72/SR-20/SR-157 & CR-59,Tuscumbia,AL,615,3.169,34.718502,-87.702586
7635,TA MONTGOMERY TRAVEL CENTER,"I-65, EXIT 168 & US-80/US-82/SR-6/SR-8",Montgomery,AL,720,3.25233333,32.348503,-86.267307
7636,PILOT TRAVEL CENTER #76,"I-20 & I-59, EXIT 76",Tuscaloosa,AL,615,2.999,33.234404,-87.528300
7636,PILOT TRAVEL CENTERS #76,"I-20 & I-59, EXIT 76",Tuscaloosa,AL,615,3.099,33.234404,-87.528300
7655,LOVES TRAVEL STOP #253,I-40 EXIT 7 & SR 30,Erick,OK,483,3.20566666,35.215604,-99.868683
7705,FLYING J TRAVEL PLAZA #610,"I-40, EXIT 53",Kingman,AZ,910,3.88233333,35.216992,-114.010529
7708,PILOT TRAVEL CENTER #352,"I-75, EXIT 139",Fort Myers,FL,225,3.799,26.617839,-81.831725
7708,PILOT TRAVEL CENTERS #352,"I-75, EXIT 139",Fort Myers,FL,225,3.799,26.617839,-81.831725
7715,LONDON AUTO TRUCK CENTER,"I-75, EXIT 41 & SR-80",London,KY,405,3.399,37.116776,-84.076349
7718,MR FUEL #717,"I-44, EXIT 251",Villa Ridge,MO,540,3.01566666,38.465699,-90.882348
7719,FLYING J TRAVEL PLAZA #674,"I-70, EXIT 188",Warrenton,MO,540,3.11566666,38.819056,-91.137933
7721,TRAIL STAR TRUCK STOP,"ST 16, EXIT 213",Glendive,MT,807,3.459,47.106473,-104.710856
7722,SAPP BROS TRAVEL CENTER,"I-80, EXIT 353 & US-81",York,NE,330,3.324,40.869389,-97.592739
7724,FUEL MART #767,US-6 & US-23,Bradner,OH,550,3.40733333,41.323884,-83.436366
7725,BELL STORES #48,US-30 & SR-94,Dalton,OH,249,3.38566666,40.799562,-81.703719
7733,FLYING J TRAVEL PLAZA #723,"I-40, EXIT 76",Amarillo,TX,585,3.26566666,35.199903,-101.830194
7746,PILOT TRAVEL CENTER #888,"I-27, EXIT 74",Tulia,TX,585,3.34066666,34.537864,-101.774434
7753,LOVES TRAVEL STOP #166,SR-351,Muskogee,OK,560,3.33733333,35.743797,-95.356405
7767,FLYING J TRAVEL PLAZA #759,"I-25, EXIT 7",Cheyenne,WY,795,3.709,41.128275,-104.799155
7768,BIG D #30,"I-25/US-87, EXIT 9 & I-80, EXIT 359C & I-80 BUS/US-30",Cheyenne,WY,795,3.204,41.128275,-104.799155
7792,FLYING J TRAVEL PLAZA #630,"I-75/SR-401, EXIT 201 & SR-36",Jackson,GA,67,3.384,33.292359,-83.967846
7798,CIRCLE K #2745100,"I-95, EXIT 7",Woodbine,GA,75,3.23233333,30.959855,-81.718098
7825,PILOT TRAVEL CENTERS #356,"I-65, EXIT 121",Shepherdsville,KY,415,3.609,37.981425,-85.702007
7838,PILOT #581,"US-52/SR-55, & 117TH ST, MM300",Inver Grove Heights,MN,515,3.579,44.829015,-93.060072
7871,STRIPES 7FLEET #42454,"US-60, US-70 & US-84",Texico,NM,700,3.829,34.389212,-103.050682
7873,One9 #387,"I-80, EXIT 280 & SR- 278",Carlin,NV,835,3.439,40.719013,-116.108045
7886,PETRO STOPPING CENTER #357,"I-70, EXIT 156B & US-40",New Paris,OH,317,3.48733333,39.856678,-84.791916
7930,I 24 TRUCK PLAZA,"I-24, EXIT 114 & US-41",Manchester,TN,460,3.099,35.464125,-86.072895
7946,PILOT TRAVEL CENTERS #289,"I-90/I-39, EXIT 158 & I-43/SR-81, EXIT 1",Beloit,WI,520,3.799,42.523506,-89.017660
7959,SPF #45,"I-25/US-87, EXIT 7 & US-212",Cheyenne,WY,795,3.22566666,41.128275,-104.799155
8840,LOVES TRAVEL STOP #211,"I-35, EXIT 120",Oklahoma City,OK,483,3.25566666,35.467079,-97.513657
8895,PAULS VALLEY TRAVEL CENTER,"I-35, EXIT 72  & SR-19",Pauls Valley,OK,569,2.999,34.710206,-97.224027
8927,LOVES TRAVEL STOP #219,"I-40, EXIT 200",Seminole,OK,560,3.36233333,35.234772,-96.649329
8936,CIRCLE K #107,US-220 & CR-902,Ridgeway,VA,65,3.399,36.578174,-79.858290
8948,PARK N PUMP CIRCLE C,"I-15, EXIT 222",Nephi,UT,835,3.449,39.704759,-111.833365
8961,FLYING J TRAVEL PLAZA #736,"I-20, EXIT 42 & US-285",Pecos,TX,710,3.46566666,31.471918,-103.701761
8977,LOVES TRAVEL STOP #168,"I-44, EXIT 20",Walters,OK,253,3.194,34.358433,-98.356883
8987,LOVES TRAVEL STOP #255,"I-40, EXIT 287 & SR-100",Webbers Falls,OK,645,3.789,35.517003,-95.164221
9160,PILOT TRAVEL CENTERS #912,"I-80, EXIT 300 & SR-40D",Wood River,NE,330,3.28233333,40.819797,-98.604355
9161,TREXLER PLAZA TRUCK STOP,I-78/US-22,Allentown,PA,160,3.63233333,40.593648,-75.478393
9206,CIRCLE K #4707005,US-2 & SR-4,Farmington,ME,170,3.899,44.668373,-70.144039
9216,309 TRUCK STOP,SR-309,Coopersburg,PA,90,3.759,40.510368,-75.391920
9241,7-ELEVEN #40286,"I-76,  EXIT 23/312",Elverson,PA,160,3.889,40.153719,-75.830826
9289,ONVO EXPRESS,"I-81, EXIT 217 & SR-547",Harford,PA,200,3.609,41.781996,-75.706221
9340,LANCASTER TRAVEL PLAZA,US-30,Ronks,PA,208,3.899,40.028441,-76.176080
9354,BFS FOODS TRUCK PLAZA,"I-79, EXIT 1",Mount Morris,PA,165,4.499,39.733250,-80.081989
9365,FLYING J TRAVEL PLAZA #713,"I-95, EXIT 181",Latta,SC,63,3.349,34.338940,-79.433564
9381,SCOTT FUEL TRAVEL PLAZA,"I-81, EXIT 199",Dalton,PA,200,3.599,41.537610,-75.738270
9382,PILOT TRAVEL CENTERS #286,"I-70, EXIT 10 & SR-127",Eaton,OH,317,3.46233333,39.750107,-84.634469
9383,PILOT TRAVEL CENTERS #285,"I-70, EXIT 126 & SR-37",Hebron,OH,315,3.44566666,39.965248,-82.486506
9386,PETRO STOPPING CENTER #325,"I-75,  EXIT 167",North Baltimore,OH,550,3.27066666,41.179853,-83.668665
9403,PILOT TRAVEL CENTERS #280,"I-78, EXIT 7 & SR-173",Bloomsbury,NJ,105,3.809,40.656886,-75.076225
9415,7-ELEVEN #40287,"I-76, EXIT 24A/326",Wayne,PA,160,3.889,40.039604,-75.392660
9423,PETRO STOPPING CENTER #318,"I-70, EXIT 148",Kingdom City,MO,540,3.05733333,38.947306,-91.935419
9449,CORNER PANTRY #127,"I-26, EXIT 115 & US-321",West Columbia,SC,135,3.41233333,33.990130,-81.099354
9451,TA BETO JUNCTION TRAVEL CENTER,"I-35, EXIT 155 & US-75",Lebo,KS,336,3.23066666,38.416179,-95.862482
9467,TA PORTER TRAVEL CENTERS,"I-94, EXIT 22B & US-20",Chesterton,IN,365,3.849,41.599822,-87.054996
9468,TA LAKE STATION,"I-80 & I-94, EXIT 15B",Lake Station,IN,365,3.849,41.576735,-87.252878
9469,TA EXPRESS COWPENS #477,"I-85, EXIT 83 & SR-110",Cowpens,SC,210,3.399,35.018615,-81.804118
9485,PILOT TRAVEL CENTER #4559,"I-20, EXIT 26",Villa Rica,GA,18,3.389,33.728365,-84.916662
9485,PILOT #4559,"I-20, EXIT 26",Villa Rica,GA,18,3.449,33.728365,-84.916662
9513,CIRCLE K #2705350,"I-20, EXIT 5 & US-25",North Augusta,SC,135,3.159,33.523303,-81.956566
9525,SCOTCHMAN #3891,"I-77, EXIT 65 & SR-9",Richburg,SC,46,3.109,34.716622,-81.019577
9542,SPINX #266,"I-26, EXIT 104",Columbia,SC,135,3.13233333,34.040519,-80.906099
9550,Mauston Interstate BP,"I-90/I-94, EXIT 69 & SR-82",Mauston,WI,420,3.22733333,43.799976,-90.079554
9553,LYNDON STATION BP,I-90 & 94 EXIT 79,Lyndon Station,WI,420,3.177,43.708788,-89.893654
9554,BIG D OIL #2,US-85 & US-34,Belle Fourche,SD,506,3.22733333,44.663798,-103.859143
9614,DITTYS,"I-90, EXIT 284 & SR-45",Kimball,SD,455,3.089,43.746962,-98.956559
9618,FLYING J #477,US-75,Anna,TX,630,3.239,33.348167,-96.553452
9638,PILOT TRAVEL CENTERS #62,"I-95, EXIT 170 & SR-327",Florence,SC,46,3.349,34.178923,-79.792217
9668,COFFEE CUP FUEL STOP #4,"I-90, EXIT 310 & SR-281",Plankinton,SD,455,3.02733333,43.715421,-98.483616
9675,FLYING J TRAVEL PLAZA #722,"I-75 & I-40, EXIT 369",Knoxville,TN,405,3.439,35.970680,-83.949270
9699,SPEEDWAY #9400,US-30/US-62 & SR-297,Canton,OH,249,3.369,40.807650,-81.367228
9703,PILOT TRAVEL CENTERS #2,"I-90, EXIT 223 & SR-45",Austinburg,OH,305,3.859,41.769168,-80.855605
9712,TA GREENSBORO TRAVEL CENTER,"I-40 & I-85, EXIT 138 & SR-61",Whitsett,NC,65,3.99733333,36.079180,-79.572345
9713,TA Express Vermillion #275,"I-29, EXIT 26 & SR-50",Burbank,SD,572,3.099,42.746080,-96.832718
9717,COFFEE CUP FUEL STOP #8,"I-90, EXIT 212 & SR-83",Vivian,SD,455,3.09733333,43.927267,-100.301123
9724,One9 #1339,"I-81,  EXIT 34",Parish,NY,190,3.799,43.405802,-76.126370
9746,TA MILL CITY TRAVEL CENTER,"I-80, EXIT 151",Imlay,NV,966,3.794,40.658106,-118.144098
9747,GOOD TO GO TRAVEL CENTER,"I-80, EXIT 353 & US-81",York,NE,350,3.31733333,40.869389,-97.592739
9763,DELUXE TRUCK STOP,SR-759,Saint Joseph,MO,400,3.149,39.759460,-94.821143
9783,KANGAROO CROSSING #1101,"I-55, EXIT 144",Pickens,MS,705,3.099,32.891331,-89.968785
9803,TA KNOXVILLE WEST TRAVEL CENTER,"I-40 & I-75, EXIT 369",Knoxville,TN,405,3.42566666,35.970680,-83.949270
9808,TA ANN ARBOR TRAVEL CENTER,"I-94, EXIT 167",Dexter,MI,325,3.699,42.332256,-83.881027
9808,TA ANN ARBOR TRAVEL CENTER,"I-94, EXIT 167",Dexter,MI,325,3.499,42.332256,-83.881027
9808,TA ANN ARBOR TRAVEL CENTER,"I-94, EXIT 167",Dexter,MI,325,3.649,42.332256,-83.881027
9808,TA ANN ARBOR TRAVEL CENTER,"I-94, EXIT 167",Dexter,MI,325,3.629,42.332256,-83.881027
9812,LEES FOOD MART #1398,"I-40, EXIT 398",Knoxville,TN,405,3.299,35.970680,-83.949270
9818,CIRCLE K #4707002,"I-95, EXIT 157",Newport,ME,170,3.899,44.836429,-69.254846
9821,PILOT TRAVEL CENTERS #52,"I-24, EXIT 64",La Vergne,TN,460,3.47233333,36.022237,-86.559384
9842,Petes #03,US-59 & US-54,Moran,KS,336,3.26566666,37.916542,-95.171429
9843,MAPLE HILL TRUCK STOP,"I-70, EXIT 341",Maple Hill,KS,553,3.05233333,39.085423,-96.028015
9851,KWIK STOP #86,US-151/US-52/US-61,Dubuque,IA,335,3.489,42.498901,-90.707258
9855,PILOT TRAVEL CENTER #37,"I-65, EXIT 95",Whiteland,IN,375,3.959,39.555138,-86.074352
9855,PILOT TRAVEL CENTERS #37,"I-65, EXIT 95",Whiteland,IN,375,3.959,39.555138,-86.074352
9860,PARADISE AUTO TRUCK PLAZA,US-31,Rochester,IN,370,3.40566666,41.060392,-86.198313
9862,PILOT TRAVEL CENTER #271,"I-80, EXIT 6",Gary,IN,365,3.829,41.590740,-87.347113
9862,PILOT TRAVEL CENTERS #271,"I-80, EXIT 6",Gary,IN,365,3.799,41.590740,-87.347113
9887,7-ELEVEN #40354,"I-95, EXIT 173",Palm Bay,FL,140,3.21566666,27.954802,-80.664962
9941,FLYING J TRAVEL PLAZA #609,"I-10, EXIT 208-A",Eloy,AZ,930,3.45233333,32.741255,-111.594015
9945,CIRCLE K #2706690,"I-85/US-29, EXIT 62 & US-280/US-431/SR-38/SR-1",Opelika,AL,50,2.999,32.660739,-85.378890
9962,STRIPES #40673,"I-45, EXIT 179",Mcallen,TX,639,3.289,26.224966,-98.246083
9971,TA DANSVILLE TRAVEL CENTER,"I-390 & COMMERCE, EXIT 5",Dansville,NY,190,4.499,42.562482,-77.696927
9973,BOLLA MARKET,"I-287, EXIT 66",Mahwah,NJ,115,3.53233333,41.082067,-74.183061
9990,JIMS  BEST STOP,US-45 & US-64,Selmer,TN,435,3.174,35.170593,-88.595102
9995,LOVES TRAVEL STOP #411,"I-35 & I-80, EXIT 125 & US-6",Clive,IA,320,3.34066666,41.613586,-93.799124
9997,Circle K #2723687,"I-20, EXIT 11 & US-27/SR-1",Bremen,GA,193,3.08733333,33.710765,-85.151897
10006,FLINT HILLS FUEL MART,US-50 & US-77,Florence,KS,336,3.499,38.243075,-96.929155
10007,CIRCLE K #2705346,SR-307,Savannah,GA,195,3.03233333,32.012457,-81.194157
10020,Maplefields,"US-4, EXIT 2 & SR-22A",Fair Haven,VT,39,3.599,43.592783,-73.268898
10024,MILLERS TRAVEL CENTER,US-6 & US-50,Wellington,UT,835,3.659,39.535860,-110.734374
10028,GOOD TO GO #10,US-35,Winamac,IN,290,3.914,41.053501,-86.603678
10030,LOVES TRAVEL STOP #715,I-77 EXIT 58 & SR-666 & US-52,Bastian,VA,185,3.59733333,37.153528,-81.152495
10033,SHELL,"I-95, EXIT 133 & US-17 BUS",Fredericksburg,VA,180,3.25566666,38.299272,-77.486658
10047,TOWN PUMP FOOD STORE #8929,"I-15, EXIT 339",Conrad,MT,815,3.599,48.174083,-111.946593
10053,BECKS #27,"I-39/US-51, EXIT 72 & US-34",Mendota,IL,270,3.269,41.556655,-89.100507
10058,CITGO,US-431/SR-1 & SR-27,Abbeville,AL,10,3.399,31.565164,-85.259165
10065,ROAD MART,US-71/US-59,Ashdown,AR,723,3.299,33.674529,-94.126627
10077,FLYING J TRAVEL PLAZA #607,"I-55, EXIT 4 & I-40, EXIT 280",West Memphis,AR,435,3.15066666,35.149554,-90.199266
10085,EL CENTRO TRAVEL CENTER,"I-8, EXIT 115 & SR-86",El Centro,CA,900,4.499,32.786351,-115.560206
10101,PILOT TRAVEL CENTERS #65,"I-20, EXIT 194",Augusta,GA,135,3.859,33.444391,-82.022096
10101,PILOT TRAVEL CENTER #65,"I-20, EXIT 194",Augusta,GA,135,3.859,33.444391,-82.022096
10104,GEO H GREEN OIL,"I-85/SR-403, EXIT 41 & US-27 ALT",Newnan,GA,18,3.199,33.375833,-84.777324
10109,GIT N GO CONVENIENCE STORE #34,"US-30, EXIT 185 & SR-14",Marshalltown,IA,320,3.119,42.034300,-92.906266
10110,JACKSON'S FOODS DBA ONE9 #1427,"I-84, EXIT 36",Nampa,ID,785,3.37066666,43.586441,-116.563890
10116,Petro Stopping Center #359,"I-39/US-51, EXIT 99 & SR-38",Rochelle,IL,520,3.759,41.919149,-89.063661
10122,LOVES TRAVEL STOP #417,"I-80 & I-94, EXIT 9A",Gary,IN,365,3.809,41.590740,-87.347113
10126,PILOT TRAVEL CENTERS #152,"I-65, EXIT 16 & MEMPHIS RD",Memphis,IN,415,3.959,38.494822,-85.767036
10126,PILOT TRAVEL CENTER #152,"I-65, EXIT 16 & MEMPHIS RD",Memphis,IN,415,3.959,38.494822,-85.767036
10128,PETES #20,US-54/SR-7 & US-69,Fort Scott,KS,307,3.199,37.828000,-94.704141
10135,YESWAY #1116,"I-35, EXIT 60",Mcpherson,KS,434,3.259,38.369881,-97.664518
10142,PILOT TRAVEL CENTERS #438,"I-65, EXIT 6 & SR-100",Franklin,KY,415,3.169,36.718029,-86.557576
10144,PILOT TRAVEL CENTERS #358,"I-24 & US-305, EXIT 3",Paducah,KY,490,3.699,37.070892,-88.644477
10146,PILOT TRAVEL CENTERS #437,"I-75, EXIT 11 & SR-92",Williamsburg,KY,410,3.609,36.738714,-84.165651
10150,PILOT TRAVEL CENTERS #300,"I-12, EXIT 40",Hammond,LA,725,3.23233333,30.505650,-90.456493
10154,I 49 TRUCK STOP,"I-49, EXIT 23 & US-167",Opelousas,LA,600,3.199,30.524897,-92.081654
10157,J AND  H OIL,"US-131, EXIT 72",Byron Center,MI,344,3.599,42.809460,-85.726365
10157,J AND  H OIL,"US-131, EXIT 72",Byron Center,MI,344,3.499,42.809460,-85.726365
10161,SPEEDWAY #8740,"I-69, EXIT 87",Dewitt,MI,342,3.759,42.838828,-84.583837
10161,SPEEDWAY #8740,"I-69, EXIT 87",Dewitt,MI,342,3.599,42.838828,-84.583837
10168,Express Stop,"I-94, EXIT 145",Jackson,MI,385,3.589,42.243441,-84.404858
10172,EXPRESS STOP FOOD STORE #4647,"I-75, EXIT 151 & SR- 81",Saginaw,MI,260,3.399,43.417678,-83.954716
10181,QUIKTRIP #611,I-55 EXIT 178,Herculaneum,MO,540,2.99066666,38.257558,-90.393130
10184,CIRCLE K #2721544,"I-55, EXIT 243 & US-278/SR-6",Batesville,MS,435,3.309,34.320982,-89.924878
10192,INTERSTATE STATION #8,"I-55, EXIT 78                 ",Natchez,MS,760,3.399,31.542438,-91.385649
20000,BIG BOYS TRUCK STOP,"I-95, EXIT 105",Kenly,NC,205,3.299,35.600767,-78.127935
20003,PILOT #7976,"I-77, EXIT 42",Troutman,NC,46,3.659,35.685785,-80.867494
20006,CENEX C STORE,US-52,Kenmare,ND,452,3.46733333,48.672812,-102.072030
20009,BIG SPRINGS TRUCK AND TRAVEL,"I-80, EXIT 107",Big Springs,NE,475,3.074,41.060902,-102.074466
20011,CUBBYS #111,US-81,Norfolk,NE,470,3.209,42.028216,-97.427807
20012,FLYING J TRAVEL PLAZA #686,"I-80, EXIT 432",Gretna,NE,319,3.28233333,41.127917,-96.196863
20014,SIMONS EXIT 16,"I-89, EXIT 16",Enfield,NH,39,3.499,43.643800,-72.146872
20019,SUNOCO,"I-295, EXIT 2C & SR-140",Penns Grove,NJ,150,3.459,39.727704,-75.469035
20024,LOVES TRAVEL STOP #259,"I-10 & AIRPORT RD, EXIT 132",Las Cruces,NM,640,3.214,32.326444,-106.789695
20027,LOVES TRAVEL STOP #262,"I-40, EXIT 333",Tucumcari,NM,585,3.889,35.170291,-103.705046
20028,MORTONS TRUCK STOP,"I-15, EXIT 46",North Las Vegas,NV,910,3.399,36.289865,-115.089181
20031,FLYING J TRAVEL PLAZA #770,"I-80, EXIT 176",Winnemucca,NV,966,3.77733333,40.964397,-117.724642
20033,LOVES TRAVEL STOP #772,"I-86 & SR-17, EXIT 37",Bath,NY,190,4.489,42.336093,-77.316860
20036,SMOKIN JOES,I-90 EXIT 24,Sanborn,NY,38,3.699,43.145054,-78.877748
20042,FLYING J TRAVEL PLAZA #700,I-80 & I-90 EXIT 71,Perrysburg,OH,550,3.759,41.538986,-83.644132
20043,FRIENDSHIP FOOD MART #70,SR-2 & SR-53,Port Clinton,OH,550,3.939,41.509718,-82.938339
20045,PILOT TRAVEL CENTERS #281,"I-80, EXIT 226",Girard,OH,573,3.45233333,41.165648,-80.696089
20049,LOVES TRAVEL STOP #263,"I-44, EXIT 45 & SR-49",Lawton,OK,569,3.21733333,34.617172,-98.421400
20050,LOVES TRAVEL STOP #260,"I-35, EXIT 106 & SR-9 W",Norman,OK,483,3.254,35.240569,-97.345299
20054,Jacksons Food Stores,"I-84, EXIT 261",La Grande,OR,925,3.687,45.324471,-118.086891
20066,KWIK FILL #228,"I-90, EXIT 45 & US-20",North East,PA,240,4.089,42.213367,-79.833351
20072,PILOT TRAVEL CENTERS #310,"I-85, EXIT 63 & SR-290",Duncan,SC,210,3.43233333,34.930707,-82.143754
20079,PETRO KINGSTON SPRINGS #349,"I-40, EXIT 188",Kingston Springs,TN,460,3.23233333,36.081868,-87.108965
20082,GOLDEN EXPRESS TRUCK STOP,US-287/US-81 & CR-1595,Alvord,TX,637,3.049,33.357052,-97.696224
20083,FLYING J TRAVEL PLAZA #724,"I-10, EXIT 0",Anthony,TX,640,3.459,31.986731,-106.598634
20086,LOVES TRAVEL STOP #609,"I-35, EXIT 471 & US-77",Denton,TX,630,3.24733333,33.217449,-97.141346
20105,CEFCO #1050,"I-30, EXIT 146 & US-37",Mount Vernon,TX,723,2.94233333,33.177431,-95.224447
20108,TEX-BEST #501,"I-37, EXIT 125",Elmendorf,TX,740,2.949,29.253331,-98.323027
20109,PILOT TRAVEL CENTERS #306,"I-10, EXIT 582",San Antonio,TX,740,3.214,29.462809,-98.524635
20114,CROSSROADS,"I-10, EXIT 829 & SR-124",Winnie,TX,610,4.249,29.816716,-94.380673
20118,KWIK TRIP #648,"I-94, EXIT 116 & SR-54",Black River Falls,WI,395,3.23733333,44.298335,-90.840258
20119,FREMONT CITGO,US-10 & SR-110,Fremont,WI,444,3.399,44.259933,-88.870137
20121,GO MART FOOD STORE #50,"I-77/I-64, EXIT 44 & SR-3",Beckley,WV,44,3.599,37.773148,-81.161550
44228,I-69 TRUCKSTOP TRAVEL CENTER,"I-69, EXIT 184 & SR-19",Memphis,MI,342,3.599,42.895234,-82.768258
44228,I-69 TRUCKSTOP TRAVEL CENTER,"I-69, EXIT 184 & SR-19",Memphis,MI,342,3.499,42.895234,-82.768258
44228,I-69 TRUCKSTOP TRAVEL CENTER,"I-69, EXIT 184 & SR-19",Memphis,MI,342,3.549,42.895234,-82.768258
52040,REBEL TRUCK STOP,"I-5, EXIT 27",Kalama,WA,935,4.499,46.017142,-122.841937
52048,PILOT TRAVEL CENTERS #302,"I-10, EXIT 13 & CR-30",Theodore,AL,715,3.199,30.538686,-88.187573
52048,PILOT TRAVEL CENTER #302,"I-10, EXIT 13 & CR-30",Theodore,AL,715,3.159,30.538686,-88.187573
52052,EXPRESSWAY MOBIL,US-63 & US-167,El Dorado,AR,635,3.599,33.218982,-92.664071
52065,76 DBA ONE9 #1415,"I-75, EXIT 49",Lake Panasoffkee,FL,225,3.17233333,28.784289,-82.123072
52067,PETRO STOPPING CENTER #322,"I-285, EXIT 12",Atlanta,GA,18,3.44566666,33.762909,-84.422675
52070,FRIENDLY EXPRESS #31,US-1 & US-301,Folkston,GA,75,3.099,30.839068,-82.007342
52081,MCCLURE OIL #9,US-31 & SR-18,Kokomo,IN,375,3.839,40.465267,-86.127348
52085,RUSSELL 24/7,"I-70, EXIT 184",Russell,KS,357,3.00733333,38.887455,-98.851392
52088,CASEYS #4459,"I-64, EXIT 265",Mayfield,KY,490,3.249,36.737459,-88.644491
52089,SHELL,US-84 & SR-28,Jonesville,LA,719,3.399,31.622318,-91.834430
52090,SHOP A LOTT #10,"I-49, EXIT 138 & SR-6",Natchitoches,LA,766,3.12566666,31.734775,-93.100942
52099,BEACON & BRIDGE #7,"I-75, EXIT 126",Mount Morris,MI,342,3.379,43.117664,-83.698729
52103,SPRINT MART #27,US-45 & US-72,Corinth,MS,435,3.05566666,34.948353,-88.513618
52104,BLUE SKY #734,SR-1,Saltillo,MS,435,3.08233333,34.380293,-88.696217
52106,FLYING J TRAVEL PLAZA #923 -TOWN PUMP,"I-90, EXIT 455",Billings,MT,780,3.58066666,45.788538,-108.552475
52107,PILOT #7983,"I-85,  EXIT 71",Salisbury,NC,46,3.499,35.666161,-80.492629
52112,SROKAS SERVICE CENTER,SR-149,Fort Ann,NY,12,3.799,43.415731,-73.490513
52112,SROKAS SERVICE CENTER,SR-149,Fort Ann,NY,12,3.899,43.415731,-73.490513
52112,SROKAS SERVICE CENTER,SR-149,Fort Ann,NY,12,3.999,43.415731,-73.490513
52128,Sudden Service #8087,I-40 EXIT 238,Lebanon,TN,460,3.199,36.199381,-86.344634
52140,Sinclair,"I-82, EXIT 69",Sunnyside,WA,925,4.599,46.315655,-120.005628
52142,PILOT TRAVEL CENTERS #296,"I-94 & BAKER RD, EXIT 167",Dexter,MI,325,3.499,42.332256,-83.881027
52142,PILOT TRAVEL CENTERS #296,"I-94 & BAKER RD, EXIT 167",Dexter,MI,325,3.659,42.332256,-83.881027
52142,PILOT TRAVEL CENTERS #296,"I-94 & BAKER RD, EXIT 167",Dexter,MI,325,3.579,42.332256,-83.881027
52142,PILOT TRAVEL CENTERS #296,"I-94 & BAKER RD, EXIT 167",Dexter,MI,325,3.649,42.332256,-83.881027
52143,One9 #319,"I-75, EXIT 328",Dalton,GA,285,3.01566666,34.767898,-84.972812
52146,FLYING J TRAVEL PLAZA #758,"I-25, EXIT 185 & SR-258",Casper,WY,790,3.999,42.842120,-106.321282
52149,PILOT TRAVEL CENTERS #321,"I-75/71, EXIT 175 & SR-338",Walton,KY,300,3.08566666,38.862427,-84.615043
52150,PILOT TRAVEL CENTERS #311,"I-90, EXIT 27 & SR-97",Erie,PA,240,4.21566666,42.116594,-80.073503
52152,PILOT TRAVEL CENTERS #308,"I-80 , EXIT 310",Laramie,WY,795,3.609,41.311544,-105.606884
52153,PILOT TRAVEL CENTER #1412,"I-94 & RUSSELL RD, EXIT 1",Wadsworth,IL,444,3.769,42.450687,-87.925147
52153,PILOT #1412,"I-94 & RUSSELL RD, EXIT 1",Wadsworth,IL,444,3.829,42.450687,-87.925147
52153,PILOT #1412,"I-94 & RUSSELL RD, EXIT 1",Wadsworth,IL,444,3.769,42.450687,-87.925147
52163,PILOT TRAVEL CENTER #67,"I-75, EXIT 296",Cartersville,GA,18,3.56566666,34.164579,-84.801704
52163,PILOT TRAVEL CENTERS #67,"I-75, EXIT 296",Cartersville,GA,18,3.549,34.164579,-84.801704
52212,FLYING J TRAVEL PLAZA #763,"I-80, EXIT 209",Rawlins,WY,795,3.749,41.785130,-107.224653
52221,FLYING J TRAVEL PLAZA #726,"I-20, EXIT 472",Dallas,TX,630,3.18233333,32.793333,-96.766513
52222,FLYING J TRAVEL PLAZA #735,"I-10, EXIT 873 & SR-62",Orange,TX,610,3.309,30.123528,-93.754548
52230,ONE9 #294,"I-15 & I-84, EXIT 344 SR-39",Ogden,UT,835,3.32566666,41.228391,-111.968147
52233,SPEEDWAY #2953,"US-80, EXIT 3",Yuma,AZ,900,3.46566666,32.516286,-114.521782
52235,PETRO STOPPING CENTER #303,"I-80, EXIT 310",Laramie,WY,795,3.57566666,41.311544,-105.606884
52236,CHEVRON,US-60,Globe,AZ,930,4.299,33.393642,-110.741106
52239,PILOT TRAVEL CENTER #192,"I-75, EXIT 60",Tifton,GA,10,3.619,31.462099,-83.520499
52239,PILOT TRAVEL CENTERS #192,"I-75, EXIT 60",Tifton,GA,10,3.599,31.462099,-83.520499
52241,Rocket,"I-25/US-85/US-87, EXIT 161 & SR-105",Monument,CO,803,3.195,39.074406,-104.844221
52250,PILOT TRAVEL CENTERS #222,I-84 EXIT 1,Sturbridge,MA,215,4.159,42.097106,-72.054995
52255,GREATER CHICAGO I 55,"I-55, EXIT 267 & SR-53",Bolingbrook,IL,290,3.609,41.687466,-88.106215
52255,GREATER CHICAGO I 55,"I-55, EXIT 267 & SR-53",Bolingbrook,IL,290,3.319,41.687466,-88.106215
52262,CIRCLE K #2721577,US-84 & SR-21,Monroeville,AL,715,3.434,31.516223,-87.327714
52278,NEIGHBORS EXPRESS,US-25/SR-121/SR-23/SR-67,Millen,GA,135,3.38233333,32.806892,-81.942039
52297,IGA EXPRESS SHELL #874,"I-65, EXIT 20",Bowling Green,KY,460,2.999,36.976832,-86.433661
52299,415 TRUCK STOP,"I-10, EXIT 151 & SR-415",Port Allen,LA,600,3.089,30.443835,-91.207410
52302,LONGHORN TRUCK AND CAR PLAZA,"I-10, EXIT 4",Vinton,LA,690,3.274,30.195435,-93.582246
52304,Fast Stop,"I-10, EXIT 182 & SR-22",Sorrento,LA,600,3.699,30.183623,-90.866567
52307,CASEYS #3002,SR-60 & SR-30/SR-4,Saint James,MN,425,3.219,43.983362,-94.625392
52313,CIRCLE K #2723445,"I-20, EXIT 5A & US-61/SR-27",Vicksburg,MS,760,2.959,32.322002,-90.881559
52322,BOLLA MARKET,"I-95, EXIT 13",Elizabeth,NJ,115,3.099,40.666367,-74.193503
52323,POWER,"I-78, EXIT 58 & SR-9/SR-1",Newark,NJ,115,4.299,40.724220,-74.172574
52325,MIRABITO #69,"I-88, EXIT 15 & SR-23",Oneonta,NY,12,3.999,42.454818,-75.066884
52326,MR FUEL #715,"I-70, EXIT 203",Foristell,MO,540,2.92566666,38.814393,-90.958962
52334,KWIK TRIP #775,"I-90, EXIT 69 & SR-82",Mauston,WI,420,3.28733333,43.799976,-90.079554
52335,SHELL,"I-295, EXIT 3",Disputanta,VA,180,3.029,37.123551,-77.224856
52340,KWIK FILL #249,US-22,Duncansville,PA,14,4.07233333,40.426307,-78.430260
52344,STAMART 1224,"I-94, EXIT 166",Bismarck,ND,273,3.61566666,46.814572,-100.768568
52346,QUARLES #4436,"I-695, EXIT 41 & SR-151",Dundalk,MD,22,3.699,39.266824,-76.496531
52348,SHELL,"I-75, EXIT47 & SR-85",Detroit,MI,325,3.699,42.383037,-83.102237
52361,PAYLESS FUEL TRAVEL CENTER,"I-20, EXIT 470",Dallas,TX,630,2.98566666,32.793333,-96.766513
52363,SPEEDWAY #2376,US-131 & SR-46,Cedar Springs,MI,456,3.899,43.220424,-85.554367
52364,PILOT TRAVEL CENTERS #335,"I-20 & SR-137, EXIT 138",Rayville,LA,760,3.21233333,32.470982,-91.757449
52365,MOORES SUPER STORE,US-43/US-278/SR-171,Hamilton,AL,615,3.799,34.138713,-87.970833
52366,ALMA TRAVEL MART,"I-40, EXIT 13 & US-71",Alma,AR,645,3.33233333,35.492375,-94.213947
52383,FLYING J TRAVEL PLAZA #601,"I-20/I-59, EXIT 104",Mc Calla,AL,615,3.17066666,33.303112,-87.026660
52384,PILOT TRAVEL CENTERS #337,"I-95, EXIT 164 & US-52",Florence,SC,46,3.349,34.178923,-79.792217
52385,Flying J Travel Plaza #696,"I-71, EXIT 131",Sunbury,OH,315,3.719,40.242041,-82.870763
52387,MARATHON,"I-55, EXIT 265 & SR-4",Senatobia,MS,435,3.199,34.608650,-89.980994
52388,FLYING J TRAVEL PLAZA #711,"I-85, EXIT 102",Blacksburg,SC,46,3.429,35.122089,-81.518119
52393,CASEYS #3004,SR-15 & CR-52,Truman,MN,425,3.299,43.827872,-94.436569
52401,LOVES TRAVEL STOP #267,"I-40, EXIT 107 & SR-95",Morrilton,AR,695,3.36066666,35.155456,-92.738932
52402,FLYING J TRAVEL PLAZA #665,"I-20, EXIT 3 & SR-79",Greenwood,LA,745,3.14566666,32.431470,-93.959889
52403,FLYING J TRAVEL PLAZA #676,"I-10, EXIT 31",Gulfport,MS,733,3.14566666,30.419487,-89.069022
52404,PETRO WELLS,"I-80, EXIT 352",Wells,NV,835,3.73233333,41.113155,-114.953537
52405,FLYING J TRAVEL PLAZA #636,"I-80, EXIT 292",Davenport,IA,270,3.87233333,41.556820,-90.603948
52411,SAPP BROS TRAVEL CENTER,"I-215, EXIT 21",Salt Lake City,UT,835,3.399,40.776928,-111.930991
52413,PILOT TRAVEL CENTERS #360,"I-75 & SR-613, EXIT 164",Findlay,OH,411,3.31566666,41.047364,-83.638093
52414,Mobil dba ONE9 #1341,"I-5, EXIT 208",Arlington,WA,977,3.799,48.170372,-122.144553
52421,SHEETZ #194,"I-80, EXIT 97",Falls Creek,PA,14,3.30733333,41.141959,-78.806947
52422,KWIK TRIP #674,"I-94, EXIT 45 & US-12/SR-29",Menomonie,WI,295,3.499,44.889200,-91.909570
52423,PILOT TRAVEL CENTER #908- TOWN PUMP,"I-15 & I-90, EXIT 122",Butte,MT,816,3.56566666,45.962550,-112.533520
52426,J MART #322,"I-65, EXIT 322",Falkville,AL,615,3.199,34.377019,-86.909547
52427,PILOT TRAVEL CENTERS #340,"I-80, EXIT 46",Fernley,NV,966,3.91566666,39.564770,-119.189433
52428,PILOT TRAVEL CENTERS #338,"I-26, EXIT 115 & US-321",West Columbia,SC,135,3.499,33.990130,-81.099354
52430,CHEVRON FOOD MART,"I-75, EXIT 350 & SR-2",Ringgold,GA,285,2.859,34.913616,-85.121393
52431,WOODBINE TRAVEL CENTER,"I-95, EXIT 14",Woodbine,GA,75,3.03233333,30.959855,-81.718098
52435,CM WINNERS CHOICE,"I-10 & SR-108, EXIT 23",Sulphur,LA,690,3.299,30.229792,-93.356343
52438,NEW MADRID,"I-55, EXIT 52/SR-P",New Madrid,MO,275,3.269,36.586507,-89.551201
52439,CIRCLE K #2723395,US-11,Hattiesburg,MS,620,3.199,31.307305,-89.317434
52441,PILOT #6990,"I-95, EXIT 106",Kenly,NC,205,3.709,35.600767,-78.127935
52450,PILOT #1290,"I-35, EXIT 410 & US-77",Red Oak,TX,630,3.299,32.509552,-96.783980
52452,PLAINVIEW TRAVEL PLAZA,"US-41, EXIT 113 & SR-26",Oshkosh,WI,444,3.199,44.023168,-88.562260
52454,PILOT TRAVEL CENTERS #6,"I-70, EXIT 178 & SR-209",Cambridge,OH,315,3.509,40.020933,-81.585468
52455,LOVES TRAVEL STOP #266,"I-35, EXIT 32",Ardmore,OK,253,3.649,34.196507,-97.131848
52456,PILOT TRAVEL CENTERS #317,"I-44, EXIT 4 (ST 435)",Joplin,MO,277,3.41233333,37.075218,-94.501259
52458,PILOT TRAVEL CENTERS #332,"I-40, EXIT 161 & SR-391",North Little Rock,AR,695,3.239,34.781752,-92.235057
52458,PILOT TRAVEL CENTER #332,"I-40, EXIT 161 & SR-391",North Little Rock,AR,695,3.237,34.781752,-92.235057
52461,FLORENCE VALERO,US-130,Burlington,NJ,160,3.13566666,40.078824,-74.852483
52463,PILOT TRAVEL CENTERS #341,"I-15, EXIT 48",North Las Vegas,NV,910,3.69566666,36.289865,-115.089181
52464,7-ELEVEN #40118,ST 220 & I-180,Muncy,PA,138,4.359,41.202161,-76.785507
52465,FLYING J TRAVEL PLAZA #605,"I-40, EXIT 84",Russellville,AR,695,3.369,35.276876,-93.137515
52466,FLYING J TRAVEL PLAZA #784,"I-95, EXIT 100 & SR-272",North East,MD,22,4.199,39.608037,-75.941655
52467,FLYING J TRAVEL PLAZA #712,"I-20, EXIT 70",Columbia,SC,135,3.43233333,34.040519,-80.906099
52468,FLYING J TRAVEL PLAZA #703,"I-40, EXIT 140",Oklahoma City,OK,483,3.309,35.467079,-97.513657
52469,LOVES TRAVEL STOPS #269,US-287/US-82/SR-79 & US-281,Wichita Falls,TX,770,3.149,33.906654,-98.525848
52469,LOVES TRAVEL STOP #269,US-287/US-82/SR-79 & US-281,Wichita Falls,TX,770,3.123,33.906654,-98.525848
52470,QUIKTRIP #562,"I-80, EXIT 136",Des Moines,IA,320,3.04733333,41.572590,-93.610243
52471,FLYING J TRAVEL PLAZA #695,"I-75, EXIT 135",Beaverdam,OH,411,3.33066666,40.832487,-83.973383
52472,FLYING J TRAVEL PLAZA #708,"I-81, EXIT 52",Carlisle,PA,70,4.109,40.199994,-77.204149
52473,FLYING J TRAVEL PLAZA #743,"I-15, EXIT 222",Nephi,UT,835,3.71566666,39.704759,-111.833365
52474,PILOT TRAVEL CENTERS #17,"I-94, EXIT 104",Battle Creek,MI,406,3.959,42.299176,-85.229267
52474,PILOT TRAVEL CENTERS #17,"I-94, EXIT 104",Battle Creek,MI,406,3.999,42.299176,-85.229267
52474,PILOT TRAVEL CENTERS #17,"I-94, EXIT 104",Battle Creek,MI,406,3.979,42.299176,-85.229267
52477,PETRO FARGO #361,"I-94, EXIT 348",Fargo,ND,341,3.499,46.864700,-96.829080
52478,LOVES TRAVEL STOP #418,"I-64, EXIT 172",Grayson,KY,255,3.75566666,38.333895,-82.935811
52479,PETRO CARNESVILLE #377,"I-85, EXIT 160",Carnesville,GA,16,3.154,34.376645,-83.234687
52480,LOVES TRAVEL STOP #268,US6-9 & US-75,Atoka,OK,253,3.489,34.386353,-96.131101
52482,KING TRAVEL PLAZA,"I-95, EXIT 6",Kingsland,GA,75,3.109,30.846097,-81.790911
52483,FLYING J TRAVEL PLAZA #659,"I-70, EXIT 253",Salina,KS,523,3.77233333,38.813085,-97.614477
52484,KWIK STAR #303,"I-80, EXIT 201 & US-21",Brooklyn,IA,380,3.129,41.731470,-92.444886
52510,Valero,SR-9,Maysville,KY,312,3.599,38.650015,-83.792961
52512,LOVES TRAVEL STOPS #270,"I-20, EXIT 349",Ranger,TX,575,3.189,32.469491,-98.675740
52512,LOVES TRAVEL STOP #270,"I-20, EXIT 349",Ranger,TX,575,3.213,32.469491,-98.675740
52513,FLYING J TRAVEL PLAZA #678,"I-20 & I-55, EXIT 47",Pearl,MS,760,3.149,32.272456,-90.091827
52514,FLYING J TRAVEL PLAZA #671,"I-55, EXIT 58",Matthews,MO,275,3.239,36.756800,-89.567477
52516,FLYING J TRAVEL PLAZA #612,"I-40, EXIT 255",Winslow,AZ,930,3.624,35.024236,-110.709331
52517,STRIPES 7FLEET #42562,US-84 & US-385,Littlefield,TX,700,3.199,33.919183,-102.334804
52520,DANDY MINI MART #19,"ROUTE 17, EXIT 59-A",Sayre,PA,190,3.99233333,41.985722,-76.520848
52527,PETRO STOPPING CENTER #323,"I-75, EXIT 368",Reddick,FL,225,3.35233333,29.368698,-82.197561
52528,QUIKTRIP #150,"I-70, EXIT 28",Oak Grove,MO,400,2.959,38.227632,-91.149599
52529,BIG SKY TRUCK STOP,"I-15, EXIT 56 N",Dillon,MT,786,3.689,45.217815,-112.634610
52531,FLYING J FUEL STOP #768,"I-435, EXIT 57",Kansas City,MO,400,3.38233333,39.125155,-94.550313
52534,LEES FOOD MART #1122,"I-75, EXIT 122 & SR-61",Clinton,TN,405,2.969,36.097338,-84.128945
52535,PWI #115,"I-45, EXIT 178",Buffalo,TX,765,2.899,31.458905,-96.066163
52537,TA Express Osseo #431,"I-94, EXIT 88",Osseo,WI,448,3.469,44.579831,-91.213829
52539,PILOT TRAVEL CENTERS #331,"I-285 , EXIT 51",Atlanta,GA,18,3.599,33.762909,-84.422675
52539,PILOT TRAVEL CENTER #331,"I-285 , EXIT 51",Atlanta,GA,18,3.599,33.762909,-84.422675
52541,PANTRY TRUCKSTOP,US-2/US-41,Rapid River,MI,360,3.499,45.926394,-86.974284
52541,PANTRY TRUCKSTOP,US-2/US-41,Rapid River,MI,360,3.319,45.926394,-86.974284
52541,PANTRY TRUCKSTOP,US-2/US-41,Rapid River,MI,360,3.399,45.926394,-86.974284
52542,FLYING J TRAVEL PLAZA #624,"I-75, EXIT 285 & SR-52",San Antonio,FL,225,3.599,28.339858,-82.278605
52546,CIRCLE K #2723910,US-84 & US-27,Bainbridge,GA,20,3.599,30.904933,-84.573047
52548,Henderson Fuel Mart,"I-80, EXIT 342",Henderson,NE,350,2.899,40.780250,-97.812209
52549,SPEEDWAY #3328,"I-77, EXIT 159 A",Cleveland,OH,305,3.799,41.478462,-81.679435
52550,PILOT TRAVEL CENTERS #404,"I-24, EXIT 81 SE",Murfreesboro,TN,460,3.47233333,35.853915,-86.421224
52551,PILOT TRAVEL CENTERS #374,"I-10, EXIT 142 & SR-71",Marianna,FL,20,3.599,30.794456,-85.228410
52551,PILOT TRAVEL CENTER #374,"I-10, EXIT 142 & SR-71",Marianna,FL,20,3.599,30.794456,-85.228410
52552,FLYING J TRAVEL PLAZA #672,"I-49/US-71, EXIT167 & CR-J",Peculiar,MO,400,3.42233333,38.730826,-94.468597
52553,FLYING J TRAVEL PLAZA #689,"I-40, EXIT 153",Albuquerque,NM,580,3.549,35.104780,-106.646809
52557,SPRINT MART #40,US-72 & SR-247,Tuscumbia,AL,615,3.189,34.718502,-87.702586
52558,LOVES TRAVEL STOP #271,"I-40, EXIT 37 & US-219",Ozark,AR,695,3.39233333,35.501858,-93.848378
52562,MOBIL,"I-87, EXIT 36                 ",Plattsburgh,NY,39,3.799,44.692025,-73.458276
52563,FLYING J TRAVEL PLAZA #631,"I-75, EXIT 2",Lake Park,GA,20,3.32233333,30.685560,-83.187704
52564,FLYING J TRAVEL PLAZA #669,"I-44, EXIT 11A & US-71/SR-249 & SR-FF",Joplin,MO,277,3.41233333,37.075218,-94.501259
52565,PILOT TRAVEL CENTERS #377,"I-35, EXIT 13",Laredo,TX,693,3.599,27.560379,-99.489181
52566,YUMM,"I-35, EXIT 8",Laredo,TX,598,2.87566666,27.560379,-99.489181
52575,PILOT TRAVEL CENTERS #775,"I-15, EXIT 4",Saint George,UT,910,3.67566666,37.077006,-113.576534
52577,PILOT TRAVEL CENTER #329,"I-29 & I-80, EXIT 1B",Council Bluffs,IA,319,3.659,41.236585,-95.852805
52577,PILOT TRAVEL CENTERS #329,"I-29 & I-80, EXIT 1B",Council Bluffs,IA,319,3.659,41.236585,-95.852805
52580,LOVES TRAVEL STOP #405,"I-95, EXIT 29",Brunswick,GA,75,3.321,31.136149,-81.466936
52580,LOVES TRAVEL STOPS #405,"I-95, EXIT 29",Brunswick,GA,75,3.389,31.136149,-81.466936
52581,TA WILLCOX TRAVEL CENTER,"I-10, EXIT 340",Willcox,AZ,980,3.28233333,32.251804,-109.835698
52582,JRs Oasis,SR-50,Yankton,SD,572,3.149,42.889751,-97.392687
52585,SUPERPUMPER #22,"I-94, EXIT 42",Belfield,ND,807,3.529,46.886789,-103.195481
52587,PILOT TRAVEL CENTERS #380,"I-81, EXIT 25 & I-90, EXIT 36",Liverpool,NY,220,4.159,43.105566,-76.209664
52588,STRIPES #42564,US-87,Lubbock,TX,700,3.199,33.561901,-101.888883
52590,FLYING J TRAVEL PLAZA #661,"I-65, EXIT 2 & US-31W",Franklin,KY,415,3.169,36.718029,-86.557576
52594,PILOT TRAVEL CENTERS #348,"I-70, EXIT 32B",Bentleyville,PA,165,4.109,40.117846,-80.004420
52595,7-ELEVEN #40281,"I-476,  EXIT 35/95",Jim Thorpe,PA,90,3.589,40.857215,-75.776338
52597,7-ELEVEN #40278,"I-81, EXIT 44 & I-76",Plainfield,PA,70,3.96733333,40.201172,-77.283279
52598,7-ELEVEN #40283,"I-76, EXIT 19/247",Middletown,PA,70,3.97066666,40.644006,-75.324584
52599,7-ELEVEN #40285,"I-76, EXIT 21/286",Bowmansville,PA,208,3.97066666,40.201730,-76.021030
52601,LOVES TRAVEL STOP #236,"I-40, EXIT 161 & SR-391",North Little Rock,AR,695,3.22066666,34.781752,-92.235057
52602,7-ELEVEN #40277,"I-76, EXIT 16/226",Newburg,PA,70,4.299,40.136985,-77.554642
52603,CASEYS #3364,US-281 & SR-200,Carrington,ND,341,3.439,47.452851,-99.131033
52605,PILOT TRAVEL CENTER #39,"I-57, EXIT 335",Monee,IL,290,3.559,41.417833,-87.749894
52605,PILOT TRAVEL CENTERS #39,"I-57, EXIT 335",Monee,IL,290,3.459,41.417833,-87.749894
52605,PILOT TRAVEL CENTERS #39,"I-57, EXIT 335",Monee,IL,290,3.399,41.417833,-87.749894
52605,PILOT TRAVEL CENTER #39,"I-57, EXIT 335",Monee,IL,290,3.399,41.417833,-87.749894
52605,PILOT TRAVEL CENTER #39,"I-57, EXIT 335",Monee,IL,290,3.439,41.417833,-87.749894
52607,PILOT TRAVEL CENTERS #409,"I-40, EXIT 172",Dickson,TN,460,3.19233333,36.063320,-87.368842
52608,PILOT #7971,"I-40, EXIT 133",Conover,NC,46,3.699,35.715035,-81.215337
52610,TA HARBORCREEK TRAVEL CENTER,"I-90, EXIT 35",Erie,PA,240,4.199,42.116594,-80.073503
52611,STRIPES #40530,SR-239,Del Rio,TX,740,3.229,29.373045,-100.881851
52612,STRIPES 7FLEET #42568,US-60 & CR-G,Hereford,TX,700,3.35066666,34.822603,-102.400159
52615,PILOT TRAVEL CENTERS #4,"I-90, EXIT 151",Avon,OH,305,3.879,41.445100,-82.005109
52616,PILOT TRAVEL CENTER #28,I-69 EXIT 234,Daleville,IN,457,3.649,40.118872,-85.556247
52616,PILOT TRAVEL CENTERS #28,I-69 EXIT 234,Daleville,IN,457,3.519,40.118872,-85.556247
52618,PILOT TRAVEL CENTERS #63,"I-85, EXIT 35",Piedmont,SC,30,3.22233333,34.705617,-82.466746
52620,GOODLAND 24/7 STORE,"I-70, EXIT 19",Goodland,KS,525,3.08733333,39.348512,-101.713819
52621,CORNER MARKET #111,"I-70, EXIT 27",Goodland,KS,525,3.059,39.348512,-101.713819
52622,STRIPES 7FLEET #42567,I-20,Stanton,TX,700,3.01566666,32.131695,-101.792457
52623,TA WILLINGTON TRAVEL CENTER,"I-84, EXIT 71",Willington,CT,100,5.199,41.897267,-72.251848
52624,PILOT TRAVEL CENTERS #390,"I-84, EXIT 188 & US-395",Stanfield,OR,982,3.469,45.782187,-119.216064
52625,FLYING J TRAVEL PLAZA #673,"I-44, EXIT 226 & SR-85",Sullivan,MO,540,3.324,38.212787,-91.163645
52626,FLYING J TRAVEL PLAZA #627,"I-95/SR-405, EXIT 29 & US-82/US-17/SR-25/SR-520",Brunswick,GA,75,3.39566666,31.136149,-81.466936
52628,One9 Pride #1215,"I-10, EXIT 45",Salome,AZ,930,3.379,33.777771,-113.606047
52628,Pride Travel Center dba One9 #1215,"I-10, EXIT 45",Salome,AZ,930,3.359,33.777771,-113.606047
52629,LOVES TRAVEL STOPS #413,"I-90, EXIT 106 & US-97",Ellensburg,WA,977,3.889,47.000124,-120.549540
52629,LOVES TRAVEL STOP #413,"I-90, EXIT 106 & US-97",Ellensburg,WA,977,3.829,47.000124,-120.549540
52629,LOVES TRAVEL STOP #413,"I-90, EXIT 106 & US-97",Ellensburg,WA,977,3.949,47.000124,-120.549540
52629,LOVES TRAVEL STOP #413,"I-90, EXIT 106 & US-97",Ellensburg,WA,977,3.889,47.000124,-120.549540
52630,PILOT TRAVEL CENTERS #386,"I-5, EXIT 263",Salem,OR,935,3.859,44.923900,-123.023007
52632,LOVES TRAVEL STOP #451,"I-65, EXIT 95 & CR-500",Whiteland,IN,375,3.949,39.555138,-86.074352
52633,PILOT TRAVEL CENTERS #57,"I-40 & I-85, EXIT 152",Mebane,NC,65,3.959,36.081679,-79.276742
52634,PETRO STOPPING CENTER #362,"I-80, EXIT 353",York,NE,330,3.299,40.869389,-97.592739
52635,E EXPRESS at MLK,"I-40 & I-35, EXIT 127",Oklahoma City,OK,483,2.889,35.467079,-97.513657
52636,LOVES TRAVEL STOP #414,"I-64, EXIT 25B & US-41",Haubstadt,IN,340,3.949,38.203242,-87.574735
52638,STRIPES 7FLEET #42555,"I-20, EXIT 80 & SR-18",Monahans,TX,710,2.929,31.655721,-103.083694
52640,SPEEDWAY #8316,US-30 & US-41,Dyer,IN,290,3.649,41.497804,-87.509012
52641,PILOT TRAVEL CENTERS #71,"I-95, EXIT 109",Port Wentworth,GA,195,3.37233333,32.192015,-81.205725
52641,PILOT TRAVEL CENTER #71,"I-95, EXIT 109",Port Wentworth,GA,195,3.419,32.192015,-81.205725
52642,One9 #61,"I-26, EXIT 52 & SR-56",Clinton,SC,30,3.099,34.473887,-81.860899
52643,Minit Mart #3,HIGHWAY 277 & FM 1589,Eagle Pass,TX,693,3.199,28.701071,-100.476229
52644,ONE9 #058,"I-95, EXIT 180 & SR-48",Pleasant Hill,NC,205,3.399,36.254037,-80.894620
52646,FLYING J TRAVEL PLAZA #619,"I-70, EXIT 285",Aurora,CO,800,3.39233333,39.709537,-104.720509
52647,FLYING J TRAVEL PLAZA #699,"I-70, EXIT 122",Millersport,OH,315,3.44566666,39.896382,-82.541954
52648,Stripes #42566,US-67 & SR-158,Ballinger,TX,612,3.05566666,31.739146,-99.955413
52649,FLYING J TRAVEL PLAZA #623,"I-10, EXIT 192 & US-90",Midway,FL,20,3.799,28.792398,-81.231279
52651,TA NEW BRAUNFELS TRAVEL CENTER,"I-35, EXIT 193",New Braunfels,TX,740,3.449,29.699306,-98.115127
52652,PILOT TRAVEL CENTERS #47,"I-275, EXIT 129",Georgetown,KY,410,3.20566666,38.260181,-84.534921
52656,TRAVELING TIGER CENTER,"I-10, EXIT 87",Sierra Blanca,TX,640,3.15566666,31.183426,-105.339540
52658,LOVES TRAVEL STOP #274,"I-40, EXIT 221 & SR-27",Okemah,OK,560,3.35566666,35.429269,-96.300309
52659,LOVES TRAVEL STOP #276,"I-10, EXIT 20",Lordsburg,NM,640,3.45733333,32.343777,-108.702120
52661,LOVES TRAVEL STOP #281,"I-35 WEST, EXIT 40",Fort Worth,TX,630,3.18733333,32.781954,-97.348573
52663,EXXON,"I-20/I-59, EXIT 17 & SR-28",Livingston,AL,705,2.979,32.595549,-88.186929
52664,PETRO STOPPING CENTER #378,I-81 EXIT 178B,Pittston,PA,200,4.16566666,41.327920,-75.785684
52669,COLUMBIA TRUCK STOP,US-46,Columbia,NJ,115,3.079,40.925868,-75.094062
52674,FLYING J TRAVEL PLAZA #738,"I-20/FM707, EXIT 277",Tye,TX,575,3.124,32.452233,-99.866585
52675,PILOT TRAVEL CENTER #907- TOWN PUMP,"I-94, EXIT 138",Miles City,MT,780,3.499,46.405823,-105.838944
52678,STRIPES 7FLEET #42433,US-277,Bronte,TX,739,3.474,31.886052,-100.295123
52679,LOVES TRAVEL STOP #404,"I-295, EXIT 56 & I-95, EXIT 7",Bordentown,NJ,150,3.979,40.149693,-74.707679
52683,PILOT TRAVEL CENTER #145,"I-40/US-71/US-62, EXIT 72 AND US-412",Springdale,AR,416,3.463,36.191438,-94.155062
52683,PILOT TRAVEL CENTERS #145,"I-40/US-71/US-62, EXIT 72 AND US-412",Springdale,AR,416,3.459,36.191438,-94.155062
52684,KWIK STAR #348,US-30/US-67,Clinton,IA,270,3.624,41.842365,-90.242816
52685,LOVES TRAVEL STOP #275,"I-40/US-63, EXIT 233 & SR-261",Palestine,AR,435,3.31566666,34.970307,-90.908225
52686,LOVES TRAVEL STOP #278,"I-40, EXIT 277",Joseph City,AZ,930,3.60733333,34.963693,-110.329039
52687,LOVES TRAVEL STOP #286,"I-10, EXIT 17",Quartzsite,AZ,930,3.949,33.667507,-114.217041
52690,LOVES TRAVEL STOP #415,"I-95 & OKEECHOBEE RD, EXIT 129",Fort Pierce,FL,95,3.50566666,27.426112,-80.342488
52691,PILOT TRAVEL CENTERS #312,"I-20/SR-402, EXIT 5 & SR-100",Tallapoosa,GA,18,3.449,33.736656,-85.287358
52691,PILOT TRAVEL CENTER #312,"I-20/SR-402, EXIT 5 & SR-100",Tallapoosa,GA,18,3.389,33.736656,-85.287358
52692,PILOT TRAVEL CENTER #249,"I-70/I-55, EXIT 18 & SR-162",Troy,IL,540,3.699,38.726219,-89.893470
52692,PILOT TRAVEL CENTERS #249,"I-70/I-55, EXIT 18 & SR-162",Troy,IL,540,3.439,38.726219,-89.893470
52692,PILOT TRAVEL CENTERS #249,"I-70/I-55, EXIT 18 & SR-162",Troy,IL,540,3.439,38.726219,-89.893470
52692,PILOT TRAVEL CENTERS #249,"I-70/I-55, EXIT 18 & SR-162",Troy,IL,540,3.439,38.726219,-89.893470
52692,PILOT TRAVEL CENTER #249,"I-70/I-55, EXIT 18 & SR-162",Troy,IL,540,3.379,38.726219,-89.893470
52692,PILOT TRAVEL CENTER #249,"I-70/I-55, EXIT 18 & SR-162",Troy,IL,540,3.579,38.726219,-89.893470
52697,FLYING J TRAVEL PLAZA #747,"I-15, EXIT 261",Springville,UT,835,3.76566666,40.164273,-111.619525
60084,SUNSTOP #625,US-84,Ashford,AL,20,3.599,31.185284,-85.236236
60106,SUNSTOP #619,US-84,Daleville,AL,720,3.399,31.291534,-85.711711
60114,SUNSTOP #606,US-84/SR-167,Enterprise,AL,20,3.699,31.325529,-85.846071
60136,HOBO PANTRY #18,US-431,Headland,AL,20,3.599,31.354974,-85.357031
60145,OCS QUICK STOP,US-43/SR-13,Mount Vernon,AL,715,3.699,31.087727,-88.013166
60147,HOP-IN FOOD STORES,US-82 & SR-22,Maplesville,AL,720,3.399,32.784391,-86.879694
60191,PILOT #1180,"I-10, EXIT 94",Tonopah,AZ,930,3.899,33.487986,-112.930811
60191,PILOT TRAVEL CENTER #1180,"I-10, EXIT 94",Tonopah,AZ,930,3.899,33.487986,-112.930811
60206,TA EXPRESS #649,"I-25, EXIT 52",Walsenburg,CO,796,4.259,37.630598,-104.781719
60208,BERKSHIRE PETROLEUM,"I-91, EXIT 9",North Haven,CT,100,3.549,41.381465,-72.856371
60220,ZELLWOOD TRUCK STOP,US-441,Zellwood,FL,140,3.499,28.721898,-81.573234
60224,SUNSTOP #419,US-19,Camilla,GA,20,3.499,31.234057,-84.209563
60226,CIRCLE K #2723903,US-82 & SR-520,Dawson,GA,20,3.499,31.771864,-84.443499
60229,96 TRAVEL PLAZA,"I-16, EXIT 24",Jeffersonville,GA,85,3.399,32.686289,-83.342676
60230,CIRCLE K #2745152,US-19,Pelham,GA,20,3.499,31.126639,-84.151459
60242,KWIK STAR #711,US-18/US-52,Monona,IA,565,3.624,43.049843,-91.391056
60243,PETRO MART,"I-29, EXIT 112",Onawa,IA,527,3.15733333,42.026476,-96.090917
60245,STINKER #74,"I-84, EXIT 137",Bliss,ID,785,3.634,42.924284,-114.947516
60248,METRO,"I-95, EXIT 12",Avenel,NJ,115,3.299,40.584334,-74.271626
60255,HUCKS FOOD & FUEL #186,US-51/CR-1450 & US-136,Heyworth,IL,368,3.479,40.314356,-88.992276
60255,HUCKS FOOD & FUEL #186,US-51/CR-1450 & US-136,Heyworth,IL,368,3.549,40.314356,-88.992276
60256,BOLLA MARKET,"I-84, EXIT 1",Montague,NJ,115,3.519,41.280958,-74.730511
60270,CHUCKLES #27,SR-57,Washington,IN,340,3.339,38.658226,-87.160361
60273,24-7,"I-70, EXIT 53 & SR-25",Colby,KS,525,3.05566666,39.384348,-101.045090
60280,JUMP START #9,"I-35, EXIT 4",South Haven,KS,570,3.069,37.049495,-97.401264
60282,CRVS #7,SR-96 & SR-27,Tribune,KS,525,3.399,38.472037,-101.754525
60294,LITTLE CAPITOL EXXON,"I-10, EXIT 115",Breaux Bridge,LA,600,3.899,30.283099,-91.905919
60295,EXIT 80 TRAVEL PLAZA,"I-10, EXIT 80",Crowley,LA,730,3.109,30.217897,-92.374840
60298,BEAU CHENE TRUCK STOP,"I-49, EXIT 11",Grand Coteau,LA,730,3.399,30.420237,-92.043790
60313,WHITE MARSH TRUCK STOP,US-40,White Marsh,MD,22,3.369,39.381546,-76.458420
60316,CIRCLE K #4707001,"I-95, EXIT 264 & SR-158",Sherman,ME,170,3.93233333,45.890013,-68.359345
60324,FUEL MART OF AMERICA,"I-75, EXIT 59",Detroit,MI,325,3.499,42.383037,-83.102237
60326,SUNRISE CONVENIENCE STORE #29,"I-69, EXIT 184                ",Memphis,MI,325,3.559,42.895234,-82.768258
60326,SUNRISE CONVENIENCE STORE #29,"I-69, EXIT 184                ",Memphis,MI,325,3.499,42.895234,-82.768258
60328,SPEEDWAY #8748,"I-69, EXIT 6",Flint,MI,342,3.339,43.024420,-83.691971
60329,CHARLIES COUNTRY CORNER,"I-75, EXIT 271",Grayling,MI,287,3.899,44.657960,-84.711067
60329,CHARLIES COUNTRY CORNER,"I-75, EXIT 271",Grayling,MI,287,3.799,44.657960,-84.711067
60333,LAKESHORE BP,US-2,Manistique,MI,287,3.499,45.959744,-86.250953
60341,SNAPPY FOOD MART,ST 60,Tekonsha,MI,431,3.589,42.097365,-84.991924
60342,True North #254,US-31 & SR-37,Traverse City,MI,456,3.789,44.754309,-85.603011
60342,True North #254,US-31 & SR-37,Traverse City,MI,456,3.729,44.754309,-85.603011
60344,DORR TRUCK STOP,"US-131, EXIT 68",Wayland,MI,344,3.499,42.673081,-85.641727
60347,KWIK TRIP #875,"I-90, EXIT 157, BRIDGE ST ENTRANCE",Albert Lea,MN,515,3.324,43.654293,-93.364148
60358,PETRO SERVE USA #54,US-10,Glyndon,MN,341,3.449,46.870987,-96.578411
60372,FLYING W CONVENIENCE STORE,SR-96,Carthage,MO,277,3.199,37.147303,-94.323362
60373,FLYING J #571,"I-57, EXIT 12 & US-60",Charleston,MO,490,3.559,36.916934,-89.333912
60374,PILOT TRAVEL CENTERS #385,US-54 & SR-13,Collins,MO,416,3.49566666,37.889607,-93.621824
60379,FAST LANE #50,US-54/SR-19,Laddonia,MO,540,3.15733333,39.242798,-91.642566
60380,AMOCO,US-63/US-136,Lancaster,MO,320,3.249,40.526323,-92.531732
60382,WINDSTARS #5101,"I-435, EXIT 57",Kansas City,MO,400,3.099,39.125155,-94.550313
60383,CASEYS #4399,"I-70, EXIT 175",New Florence,MO,392,2.949,38.908466,-91.454789
60392,Kangaroo Crossing #1107,"I-20, EXIT 68 & SR-43",Pelahatchie,MS,705,3.199,32.320903,-89.807951
60398,TOWN PUMP FOOD STORE #610,"I-90, EXIT 333",Livingston,MT,786,3.644,45.665629,-110.555706
60400,CAN AM C STORE,SR-16,Plentywood,MT,807,3.499,48.776020,-104.557296
60416,MINUTEMAN FOOD MART #20,US-74 & US-76,Whiteville,NC,245,3.46066666,34.330457,-78.701436
60420,PUMP & PANTRY #35,US-183,Alma,NE,330,3.459,40.103463,-99.365616
60426,BONS BONS MOBIL,US-3,Merrimack,NH,125,3.699,42.852033,-71.519877
60434,ENRITE,US-9,Linden,NJ,79,3.34233333,40.627337,-74.236310
60442,Circle K #4706716,SR-71 & SR-47,Yorkville,IL,290,3.799,41.661736,-88.428596
60442,Circle K #4706716,SR-71 & SR-47,Yorkville,IL,290,3.499,41.661736,-88.428596
60442,Circle K #4706716,SR-71 & SR-47,Yorkville,IL,290,3.599,41.661736,-88.428596
60460,HAHN OIL,US-36,Coshocton,OH,315,3.299,40.261752,-81.847292
60461,TRUE NORTH #704,"I-75, EXIT 56A",Dayton,OH,317,3.799,39.784743,-84.199632
60463,Anna Truck Stop,"I-75, EXIT 99",Anna,OH,411,3.01566666,40.395364,-84.175659
60465,MOTOMART #4129,ST 309,Marion,OH,411,3.34233333,40.596746,-83.123185
60471,FUEL MART #701,"I-480/I-271, EXIT 23 & SR-8",Bedford,OH,305,3.529,41.392123,-81.534680
60473,BELL STORES #50,ST 3,Wooster,OH,249,3.599,40.819060,-81.931557
60476,PETES #11,US-75,Dewey,OK,560,3.154,36.790402,-95.933712
60508,FEGLEY VALERO,SR-309,Tamaqua,PA,90,3.599,40.804055,-75.926617
60513,CIRCLE K #2723873,US-17,Georgetown,SC,42,2.899,33.372432,-79.280793
60515,FLASH MARKET #302,SR-9 & SR-151,Pageland,SC,46,3.38566666,34.770117,-80.385705
60516,ENMARKET #892,"I-95, EXIT 150",Harleyville,SC,195,3.399,33.209474,-80.452653
60519,CORNER PANTRY #25,US-14,Huron,SD,571,3.079,44.362341,-98.209571
60538,TEXACO #380031,ST 21W,Bryan,TX,765,3.399,30.666016,-96.381049
60539,SHELL,US-96 & SR-62/FM-1004,Buna,TX,610,3.10233333,30.442708,-93.960657
60540,CIRCLE K #2706340,"I-20, EXIT 533",Canton,TX,630,2.77566666,32.554245,-95.863534
60551,CIRCLE K #2744522,"I-30, EXIT 201  I-30 & SR-8",New Boston,TX,766,2.94233333,33.461110,-94.419096
60554,CEFCO #2070,"I-27, EXIT 49",Plainview,TX,700,2.83233333,34.191118,-101.723500
60565,CEFCO #2006,"I-40, EXIT 163",Shamrock,TX,585,3.099,35.215398,-100.246086
60579,SPEEDWAY #4633,US-220/US-221/US-460,Roanoke,VA,185,3.399,37.278458,-79.958174
60587,BJS AUTO TRUCK PLAZA,SR-28,Rock Island,WA,970,4.099,47.373167,-120.142076
60587,BJS AUTO TRUCK PLAZA,SR-28,Rock Island,WA,970,3.999,47.373167,-120.142076
60589,RIVER COUNTRY PLAZA,"SR-29, EXIT 91",Cadott,WI,295,3.39733333,44.949802,-91.153760
60590,DARLINGTON MINI MART,SR-23 & SR-81,Darlington,WI,420,3.399,42.676355,-90.120520
60601,HOLIDAY STATIONSTORE #2746229,US-53/US-2,Superior,WI,545,3.339,46.648749,-92.108872
60635,EXXON ON THE RUN,US-62/US-412 & SR-126,Gassville,AR,535,3.695,36.284949,-92.486830
60650,SHELL DBA ONE9 #1244,"I-8, EXIT 115",Gila Bend,AZ,930,3.259,32.966242,-112.715465
60650,ONE9 #1244,"I-8, EXIT 115",Gila Bend,AZ,930,3.359,32.966242,-112.715465
60700,PWI #502,"I-70/US-40, EXIT 259",Golden,CO,800,3.199,39.742483,-105.210561
60707,REATA TRAVEL STOP,"I-76, EXIT 125",Sterling,CO,800,3.399,40.620487,-103.192582
60708,CRVS STORE #6,US-385,Wray,CO,800,3.449,40.079920,-102.228597
60762,BP,US-1 & US-341,Baxley,GA,195,3.599,31.764753,-82.349254
60768,GAS N GO FOOD STORE,"I-75, EXIT 290/US-41",Cartersville,GA,48,2.94233333,34.164579,-84.801704
60773,NEIGHBORS EXPRESS,US-341/SR-27 & US-129 ALT/SR-340,Hawkinsville,GA,20,3.399,32.301182,-83.478856
60779,Marathon,US-129,Eatonton,GA,85,3.399,33.325821,-83.388862
60781,JP PERRY,"I-75, EXIT 138",Perry,GA,85,3.08233333,32.473708,-83.727809
60783,CIRCLE K #2723324,US-441/US-23/SR-15 & SR-17A/SR-385,Clarkesville,GA,16,3.439,34.609289,-83.527470
60787,MARATHON,"I-20, EXIT 11",Lithia Springs,GA,48,2.87233333,33.782487,-84.648488
60788,SPRINT FOODS #722,US-1/SR-4/SR-17 & SR-24,Louisville,GA,85,4.099,32.992865,-82.397188
60795,CIRCLE K #2745080,US-319/US-129/SR-90/SR-11,Ocilla,GA,10,3.62566666,31.598633,-83.249809
60797,EVANS FOOD MART,SR-20,Rome,GA,193,3.699,34.266133,-85.186052
60804,JET FOOD STORE #4,US-1 & SR-78,Wadley,GA,135,3.41566666,32.864790,-82.402802
60807,BATAVIA GARDENS AND GAS,"US-34, EXIT 203",Batavia,IA,320,3.379,40.994954,-92.167346
60817,KWIK STAR #712,US-218 & SR-27,Janesville,IA,565,3.599,42.645805,-92.462397
60822,CASEYS #3639,US-18/US-52,Postville,IA,420,3.599,43.084381,-91.567791
60829,BARRY TRAVEL PLAZA,"I-72, EXIT 20",Barry,IL,540,3.599,39.698310,-91.039918
60833,SPEEDWAY #5400,CR-11 & CR-23,Bloomingdale,IL,290,3.759,41.951525,-88.089118
60834,SPEEDWAY #7422,SR-43,Burbank,IL,293,3.619,41.744410,-87.768568
60846,EXPRESS LANE #50,"I-88, EXIT 10",Hillsdale,IL,270,3.699,41.606921,-90.172821
60846,EXPRESS LANE #50,"I-88, EXIT 10",Hillsdale,IL,270,3.999,41.606921,-90.172821
60846,EXPRESS LANE #50,"I-88, EXIT 10",Hillsdale,IL,270,3.799,41.606921,-90.172821
60851,SPEEDWAY #7382,I-355 & SR-64,Lombard,IL,293,3.249,41.873844,-88.015491
60851,SPEEDWAY #7382,I-355 & SR-64,Lombard,IL,293,3.349,41.873844,-88.015491
60851,SPEEDWAY #7382,I-355 & SR-64,Lombard,IL,293,3.299,41.873844,-88.015491
60857,RED ROOSTER TERMINAL,US-50/SR-250 & SR-130,Olney,IL,510,3.189,38.728108,-88.084219
60857,RED ROOSTER TERMINAL,US-50/SR-250 & SR-130,Olney,IL,510,3.249,38.728108,-88.084219
60857,RED ROOSTER TERMINAL,US-50/SR-250 & SR-130,Olney,IL,510,3.399,38.728108,-88.084219
60857,RED ROOSTER TERMINAL,US-50/SR-250 & SR-130,Olney,IL,510,3.189,38.728108,-88.084219
60857,RED ROOSTER TERMINAL,US-50/SR-250 & SR-130,Olney,IL,510,3.349,38.728108,-88.084219
60857,RED ROOSTER TERMINAL,US-50/SR-250 & SR-130,Olney,IL,510,3.399,38.728108,-88.084219
60865,Truckquest,"I-55, EXIT 286",Cicero,IL,290,3.599,41.844537,-87.759290
60865,Truckquest,"I-55, EXIT 286",Cicero,IL,290,3.649,41.844537,-87.759290
60871,WENONA BP,"I-39/US-51, EXIT 35 & SR-17",Wenona,IL,280,3.499,41.048655,-89.052258
60881,GAS AND STUFF,"I-64, EXIT 118",Georgetown,IN,415,3.799,38.298796,-85.963055
60882,SPEEDWAY #6666,US-33,Goshen,IN,465,3.81566666,41.573884,-85.829986
60887,STERNBERG CITGO TRUCK STOP,"I-64, EXIT 57",Jasper,IN,340,3.759,38.393152,-86.940575
60890,JACK FLASH,I-57 EXIT 135,Farina,IL,510,3.099,38.829766,-88.780930
60890,JACK FLASH,I-57 EXIT 135,Farina,IL,510,3.199,38.829766,-88.780930
60900,7-ELEVEN #40504,"I-80/I=90, MM 56 EB",Rolling Prairie,IN,465,3.999,41.674467,-86.619898
60902,SPEEDWAY #6674,"I-80/I-90, EXIT 72 & SR-31",South Bend,IN,465,3.69066666,41.676643,-86.268809
60913,J Mart #1,"HWY 50 E, HWY 83 N",Garden City,KS,525,3.529,37.975876,-100.850884
60926,CENEX,US-36 & US-83,Oberlin,KS,525,3.159,39.823040,-100.530737
60958,NORTH WEST TRUCK STOP,US-90 & SR-3211,Franklin,LA,600,3.399,29.784946,-91.509567
60979,TOBACCO PLUS #5,"I-10, EXIT 4 & US-90",Vinton,LA,690,2.999,30.195435,-93.582246
60988,GULF OIL LP #5020,"I-90, MM291",Blandford,MA,215,3.914,42.175006,-72.923862
60989,Blandford Service Plaza Westbound,"I-90, EXIT MM29",Blandford,MA,215,3.919,42.175006,-72.923862
60993,GULF #5165,"I-90, EXIT 12",Framingham,MA,34,4.06566666,42.307905,-71.436196
60997,GULF OIL #5035,I-90 MM 66.7,Ludlow,MA,215,3.914,42.183577,-72.457812
60998,GULF OIL #5030,"I-90, EXIT 7",Ludlow,MA,215,3.909,42.183577,-72.457812
61004,Applegreen,SR-15,Sturbridge,MA,215,3.999,42.097106,-72.054995
61006,GULF OIL LP #5155,"I-90, EXIT 11",Westborough,MA,215,3.909,42.267441,-71.617492
61019,MARDELA GOOSE CREEK FOOD STORE,US-50,Mardela Springs,MD,194,3.979,38.457629,-75.755482
61028,MARATHON,"US-10, EXIT 137",Bay City,MI,260,3.259,43.590062,-83.888421
61028,MARATHON,"US-10, EXIT 137",Bay City,MI,260,3.199,43.590062,-83.888421
61030,HAGGERTY JOY MOBIL,I-275,Canton,MI,325,3.699,42.307541,-83.485775
61032,MARATHON,US-10/US-127,Clare,MI,260,3.289,43.826006,-84.761755
61032,MARATHON,US-10/US-127,Clare,MI,260,3.299,43.826006,-84.761755
61034,MOTOR CITY TRUCK STOP,"I-75, EXIT 43",Detroit,MI,325,3.499,42.383037,-83.102237
61037,HEARTLAND MOBIL,US-23,Fenton,MI,342,3.849,42.800606,-83.717708
61038,SPEEDWAY #8753,"I-475, EXIT 4",Burton,MI,342,3.399,43.000745,-83.618151
61038,SPEEDWAY #8753,"I-475, EXIT 4",Burton,MI,342,3.289,43.000745,-83.618151
61038,SPEEDWAY #8753,"I-475, EXIT 4",Burton,MI,342,3.089,43.000745,-83.618151
61038,SPEEDWAY #8753,"I-475, EXIT 4",Burton,MI,342,3.259,43.000745,-83.618151
61042,CITGO,"US-131, EXIT 44",Kalamazoo,MI,465,3.499,42.275163,-85.588501
61057,CIRCLE K #2746537,US-2 & US-41,Rapid River,MI,360,3.499,45.926394,-86.974284
61057,CIRCLE K #2746537,US-2 & US-41,Rapid River,MI,360,3.319,45.926394,-86.974284
61057,CIRCLE K #2746537,US-2 & US-41,Rapid River,MI,360,3.399,45.926394,-86.974284
61057,CIRCLE K #2746537,US-2 & US-41,Rapid River,MI,360,3.449,45.926394,-86.974284
61063,PS Food Mart,I-69 EXIT 25,Tekonsha,MI,431,3.589,42.097365,-84.991924
61063,PS Food Mart,I-69 EXIT 25,Tekonsha,MI,431,3.519,42.097365,-84.991924
61076,Holiday StationStore #2746408,"I-35, EXIT 129",Forest Lake,MN,448,3.399,45.250831,-92.966920
61080,CO-OP SERVICE,US-10 & CR-67,New York Mills,MN,250,3.499,46.519630,-95.372780
61090,Northdale Oil,US-59 & SR-1,Thief River Falls,MN,355,3.239,48.111241,-96.177562
61093,CIRCLE K #2746501,"I-90, EXIT 45 & SR-60",Worthington,MN,432,3.14233333,43.628733,-95.599702
61099,LOVES TRAVEL STOP #488,"I-55, EXIT 157 & SR-32",Bloomsdale,MO,540,3.38233333,38.014442,-90.220352
61102,FAST LANE #54,US-63,Columbia,MO,310,3.20733333,38.947290,-92.326387
61106,TEMP STOP #102,US-54 & SR-52,Eldon,MO,392,3.199,38.351176,-92.576704
61110,HB OF RANDOLPH,"I-435, EXIT 55B & SR-210",Kansas City,MO,400,3.149,39.125155,-94.550313
61111,Caseys #4540,"I-35, EXIT 40 & SR-116",Lathrop,MO,400,3.07566666,39.561848,-94.319853
61115,BREAK TIME #3071,US-24 & US-63,Moberly,MO,310,3.469,39.418112,-92.436544
61118,MIDWEST PETROLEUM #21,"I-55, EXIT 129",Perryville,MO,275,2.99066666,37.726330,-89.876493
61145,TEXACO,US-49 & US-98,Hattiesburg,MS,620,3.199,31.307305,-89.317434
61146,STUCKEYS EXPRESS #619,"I-59, EXIT 113 & SR-528",Heidelberg,MS,620,3.499,31.890513,-88.990218
61149,CEFCO #501,US-45,Lauderdale,MS,705,2.899,32.510394,-88.526366
61168,Blue Sky #717,US-72 & SR-15,Walnut,MS,435,3.099,34.949671,-88.924455
61171,CHEVRON CURB STORE,US-49 & SR-26,Wiggins,MS,620,3.499,30.856048,-89.138981
61176,TOWN PUMP FOOD STORE #8947,US-2,Chinook,MT,815,3.629,48.590128,-109.231820
61182,TOWN PUMP FOOD STORE #3000,US-87,Lewistown,MT,815,3.599,47.051380,-109.452399
61193,SPEEDWAY #8502,"I-75, EXIT 161 & CR-99",Findlay,OH,411,3.299,41.047364,-83.638093
61195,MINUTEMAN FOOD MART #06,SR-24,Clinton,NC,245,3.649,35.000430,-78.331540
61205,SPEEDWAY #6961,"I-40, EXIT 303",Garner,NC,177,2.92066666,35.689477,-78.614599
61210,SHEETZ #548,US-29,Greensboro,NC,65,2.859,36.094850,-79.823624
61254,7-ELEVEN #36075,"I-77, EXIT 65 & SR-901",Union Grove,NC,46,2.859,36.008677,-80.854370
61266,CENEX CONVENIENCE STORE,US-2 & SR-19,Devils Lake,ND,355,3.249,48.112578,-98.874762
61269,FLYING J #489,"I-29, EXIT 138",Grand Forks,ND,341,3.61566666,47.919595,-97.087328
61271,MARATHON,"I-94, EXIT 292",Valley City,ND,341,3.499,46.922573,-98.004137
61292,ENRITE,"I-95, EXIT 14A",Jersey City,NJ,115,3.349,40.711417,-74.064760
61301,SUNOCO- WALT WHITMAN PLAZA #7007,"NJTP,MILE POST 30",Cherry Hill,NJ,150,3.899,39.904611,-74.997000
61304,A Plus MOLLY PITCHER PLAZA #7011,MILE POST 71.7 NJ TURNPIKE SO,Cranbury,NJ,115,3.909,40.313450,-74.520233
61305,BP,US-130,Cranbury,NJ,150,3.14566666,40.313450,-74.520233
61308,CARLSTADT VALERO,SR-120,Carlstadt,NJ,115,3.199,40.826431,-74.062335
61312,BLUE STAR,US-202 & SR-31,Flemington,NJ,115,3.399,40.508641,-74.859869
61326,SUNOCO JAMES F COOPER PLAZA- #7008,MILEPOST 39 NJ TURNPIKE N,Mount Laurel,NJ,150,3.959,39.948992,-74.900247
61328,KW RASTALL OIL,US-130,North Brunswick,NJ,115,3.199,40.450392,-74.479416
61333,46 GAS AND TRUCK STOP,US-46,Palisades Park,NJ,115,3.23566666,40.847017,-73.997061
61337,SUNOCO- JOHN FENWICK PLAZA #7006,"NJTP, MM 5",Penns Grove,NJ,150,3.909,39.727704,-75.469035
61339,FUEL ONE,"I-78, EXIT 3 & US-22",Phillipsburg,NJ,79,3.359,40.691974,-75.179006
61346,SUNOCO- ALEXANDER HAMILTON PLAZA #7016,NEW JERSEY TURNPIKE SOUTH MILEPOST 111.6 ,Secaucus,NJ,115,3.899,40.781958,-74.067649
61357,KENT KWIK #501,US-70 & US-54,Alamogordo,NM,593,2.98233333,32.883619,-105.963607
61364,HUNTINGTON BROADWAY CONOCO,US-64 BUS,Farmington,NM,614,3.799,36.753833,-108.180530
61409,104 STORE,SR-370/SR-104,Red Creek,NY,220,3.799,43.247903,-76.722852
61410,KWIK FILL #58,ST 15,Rochester,NY,190,3.969,43.169927,-77.616891
61410,KWIK FILL #58,ST 15,Rochester,NY,190,3.999,43.169927,-77.616891
61421,7-ELEVEN #40294,"I-80 WB, EXIT 139",Amherst,OH,249,3.53233333,41.405329,-82.231725
61430,7-ELEVEN #40303,"I-90, EXIT 7",Clyde,OH,550,3.66233333,41.303585,-82.979425
61431,7-ELEVEN #40304,"I-90, EXIT 7",Clyde,OH,550,3.66233333,41.303585,-82.979425
61439,7-ELEVEN #40302,"I-75, EXIT 157",Genoa,OH,550,3.66233333,41.518541,-83.364262
61449,7-ELEVEN #40297,"I-80, EXIT 13A",Mantua,OH,249,3.53233333,41.281952,-81.222399
61450,7-ELEVEN #40298,I-80,Mantua,OH,249,3.53233333,41.281952,-81.222399
61453,CITGO,"I-475, EXIT 6",Maumee,OH,550,3.499,41.571125,-83.666250
61458,7-ELEVEN #40299,OHIO TNPK MM 237 & SR-26,New Springfield,OH,165,3.53233333,40.917919,-80.600673
61459,7-ELEVEN #40300,"I-76, EXIT 157",New Springfield,OH,165,3.53233333,40.917919,-80.600673
61461,S&G,"I-280, EXIT 7                 ",Oregon,OH,550,3.599,41.655956,-83.438325
61477,CHOCTAW NATION GRANT #633,US-271,Grant,OK,253,2.999,33.936486,-95.517868
61483,CM SILVER DOLLAR,"I-220, EXIT 7",Shreveport,LA,745,3.299,32.466879,-93.792193
61492,SPRINGER TRAVEL PLAZA,I-35 EXIT 40,Springer,OK,253,2.91566666,34.295620,-97.117450
61508,7-ELEVEN #40275,"I-70 & I-76 NB, MM 147",Bedford,PA,14,4.199,40.015115,-78.503017
61509,7-ELEVEN #40275,"I-70/I-76 SB, MM 147",Bedford,PA,14,4.199,40.015115,-78.503017
61511,MIDWAY FUEL AND TRUCK WASH,"I-78/US-22, EXIT 16",Bethel,PA,208,3.364,40.476483,-76.287970
61515,Carlisle Fuel Stop,"I-81, EXIT 52",Carlisle,PA,70,3.359,40.199994,-77.204149
61540,S&P Oil,US-13,Levittown,PA,160,3.81566666,40.152343,-74.852340
61559,7-ELEVEN #40273,34 MILE WEST OF EXIT 11/146,Somerset,PA,168,4.20733333,40.005030,-79.077855
61560,7-ELEVEN #40272,"I-70 & 76, EXIT 10",Somerset,PA,168,4.20733333,40.005030,-79.077855
61567,7-ELEVEN #35774,"I-76, EXIT 5/48",Verona,PA,165,4.20733333,40.505672,-79.841947
61569,KWIK FILL #295,US-6 BUS,Warren,PA,240,4.699,41.842916,-79.143865
61571,7-ELEVEN #40280,MILE MARKER 55 NE EXT PENN TPKE,Allentown,PA,90,3.589,40.593648,-75.478393
61594,SPINX #138 (DISCOUNT AVAILABLE),"I-85, EXIT 44",Greenville,SC,30,3.04233333,34.836902,-82.362997
61595,CORNER MART 3338,"I-85, EXIT 44",Greenville,SC,30,2.907,34.836902,-82.362997
61596,HOT SPOT #2009,US-25/US-178 & SR-225,Greenwood,SC,30,2.939,34.195397,-82.153665
61597,SPINX #121,"I-85, EXIT 56",Greer,SC,30,3.16566666,34.931799,-82.229115
61598,Shell,SR-41,Hemingway,SC,245,3.199,33.753319,-79.446261
61599,HOT SPOT #2013,"I-26, EXIT 10",Inman,SC,210,3.149,35.046134,-82.089808
61605,HOT SPOT #2028,US-76/US-301,Marion,SC,63,2.999,34.178658,-79.395659
61616,PILOT #4578,"I-77, EXIT 48 & SC-200",Winnsboro,SC,135,3.409,34.370540,-81.094821
61621,CUBBYS #401,"I-90 , EXIT 332 & SR-37",Mitchell,SD,530,3.149,43.727072,-98.042192
61625,PRARIE STOP,US-212 & SR-20,Watertown,SD,566,3.279,44.909188,-97.155685
61633,ECO TRAVEL PLAZA,"I-40, EXIT 320 & SR-298",Crossville,TN,405,3.02566666,35.951539,-85.030587
61642,PILOT TRAVEL CENTERS #252,"I-35, EXIT 26",Kearney,MO,400,3.699,39.355111,-94.358580
61646,SHELL,"I-40, EXIT 35 & SR-59",Mason,TN,435,3.549,35.412826,-89.541212
61651,LEES FOOD MART #123,"I-81, EXIT 23 AT MILE 23",Bulls Gap,TN,405,3.259,36.261636,-83.078843
61654,MAJOR MARKETS #276,US-51/SR-3,Ripley,TN,435,3.799,35.744300,-89.535105
61656,PHILLIPS 66,US-51,Union City,TN,460,3.38233333,36.427088,-89.047720
61660,MARATHON,"I-40, EXIT 108",Wildersville,TN,435,3.099,35.776654,-88.356143
61684,WOODYS FOOD MART,"I-45 & SR-7, EXIT 164",Centerville,TX,670,2.84566666,31.258315,-95.979399
61730,STRIPES 7FLEET #42430,"I-20, EXIT 131",Midland,TX,612,3.569,32.024642,-102.113467
61747,TEX-BEST #504,"I-35, EXIT 141",Von Ormy,TX,740,3.15733333,29.277391,-98.657373
61751,ALLSUPS CONVENIENCE STORE #2264,SR-214,Seminole,TX,710,3.094,32.722194,-102.649813
61761,ALLSUPS CONVENIENCE STORE #2304,"I-40, EXIT 36 & US-385",Vega,TX,585,2.999,35.245302,-102.429247
61763,ALLSUPS CONVENIENCE STORE #2283,"I-20, EXIT 73",Wickett,TX,710,2.899,31.567325,-103.005948
61787,DUCK THRU FOOD STORE #5,US-258,Franklin,VA,180,3.499,36.684014,-76.941396
61796,EXXON,US-220,Martinsville,VA,185,3.375,36.683527,-79.863647
61799,CIRCLE K #2723712,"I-77, EXIT 52 & US-52/SR-42",Bland,VA,185,3.37566666,37.099492,-81.115765
61804,CARTERS ONE STOP,"I-95 & SR-301, EXIT 31 & SR-40",Stony Creek,VA,180,2.959,36.948010,-77.400067
61819,CHEVRON,"I-5, EXIT 36",Longview,WA,935,4.499,46.145707,-122.964299
61830,APPLETON TRAVEL PLAZA,SR-96,Appleton,WI,444,3.40566666,44.278873,-88.388284
61832,BARRON FARMERS UNION,"US-8, EXIT 53",Barron,WI,545,3.639,45.402192,-91.844350
61835,BRISTOL BP,"I-94, EXIT 345 & US-45",Bristol,WI,444,3.719,42.532323,-88.009098
61843,KWIK TRIP #332,SR-33,Horicon,WI,444,3.21566666,43.445001,-88.640328
61849,KWIK TRIP #306,"I-94, EXIT 259 & SR-89",Lake Mills,WI,420,3.43233333,43.077639,-88.906411
61862,KWIK TRIP #781,SR-21,Redgranite,WI,582,3.35233333,44.053283,-89.115869
61867,KWIK TRIP #318,SR-27 & SR-16/SR-71,Sparta,WI,515,3.34233333,43.938249,-90.812705
61877,CASEYS #3715,SR-59,Whitewater,WI,420,3.299,42.837439,-88.734282
61879,KWIK TRIP #347,SR-13,Wisconsin Rapids,WI,395,3.31233333,44.392923,-89.826749
61880,KWIK TRIP #310,SR-13/SR-73,Wisconsin Rapids,WI,395,3.26233333,44.392923,-89.826749
61968,FLYING J TRAVEL PLAZA #701,"I-35, EXIT 33",Ardmore,OK,253,3.659,34.196507,-97.131848
62008,LOVES TRAVEL STOP #366,"I-81, EXIT 90",Jonestown,PA,70,3.85733333,40.412972,-76.480726
62075,FLYING J TRAVEL PLAZA #657,US-283/US-50/US-56 & US-400,Dodge City,KS,570,3.799,37.760670,-100.017863
62097,FLASH MARKET #17046,US-65/SR-9,Clinton,AR,695,3.239,35.578981,-92.455735
62211,STUBS GAS AND OIL,"I-76, EXIT 66",Wiggins,CO,800,3.559,40.228945,-104.072806
62238,Circle K #2726278,SR-207,Hastings,FL,75,3.569,29.714390,-81.499154
62283,Circle K #2745099,US-23 & US-341/SR-27,Hazlehurst,GA,195,3.529,31.864128,-82.599276
62316,BP,US-20,Delaware,IA,335,3.299,42.472106,-91.338269
62355,MINIT MART #600630,"I-39, EXIT 14",El Paso,IL,368,3.679,40.740492,-89.018250
62355,MINIT MART #600630,"I-39, EXIT 14",El Paso,IL,368,3.599,40.740492,-89.018250
62370,7-ELEVEN #34712,I-90 Exit 24,Belvidere,IL,290,3.739,42.265448,-88.887758
62399,Rebel Plus #882,"I-80, EXIT 101",Bristol,IN,465,3.57566666,41.712215,-85.830898
62462,HAWESWAY TRUCKSTOP,US-60,Owensboro,KY,487,3.599,37.757172,-87.117398
62467,SUPER QUIK #9,"I-64, EXIT 181",Ashland,KY,255,3.669,38.459492,-82.645081
62480,CM GALLIANO,US-167,Cut Off,LA,725,3.499,29.516283,-90.329714
62487,Fred's Food Mart,US-61,Saint Francisville,LA,600,3.799,30.784234,-91.376417
62500,CASH MAGIC VINTON,"I-10, EXIT 4 & SR-109",Vinton,LA,690,3.284,30.195435,-93.582246
62547,MARATHON,SR-32W,Gaylord,MI,287,3.799,45.018978,-84.680907
62560,ONE9 #23,"I-96, EXIT 67",Ionia,MI,406,3.499,42.976821,-85.074633
62560,ONE9 #23,"I-96, EXIT 67",Ionia,MI,406,3.439,42.976821,-85.074633
62701,PILOT TRAVEL CENTERS #408,"I-68, EXIT 22",Grantsville,MD,14,4.259,39.696916,-79.152849
62710,TOWN PUMP FOOD STORE #922,"I-90, EXIT 370 &SR-10",Big Timber,MT,780,3.479,45.834782,-109.948266
62753,PETRO SERVE USA,US-10,West Fargo,ND,341,3.029,46.856380,-96.904809
62768,PUMP & PANTRY #34,US-20 & SR-27,Gordon,NE,475,3.449,42.806378,-102.204002
62774,MR MIKES MINI MART,SR-9,Northwood,NH,34,3.599,43.211856,-71.223393
62790,7-ELEVEN #40084,US-46/US-1/US-9,Palisades Park,NJ,115,3.099,40.847017,-73.997061
62800,A ONE TRUCK STOP,US-9,South Amboy,NJ,79,3.499,40.488533,-74.279133
62817,LOVES TRAVEL STOP #364,I-75 EXIT 33,Charleston,TN,285,3.589,35.285693,-84.760797
62824,FLYING J TRAVEL PLAZA #1005,"I-80, EXIT 48",Fernley,NV,966,3.91566666,39.564770,-119.189433
62841,SPEEDWAY #9912,"I-81, EXIT 10",Mc Graw,NY,32,4.309,42.593765,-76.097502
62844,CIRCLE K #4707612,"I-81, EXIT 14",Tully,NY,220,3.799,42.798186,-76.110237
62844,CIRCLE K #4707612,"I-81, EXIT 14",Tully,NY,220,4.299,42.798186,-76.110237
62887,SPEEDWAY #9367,"I-275, EXIT 42",Cincinnati,OH,300,3.12566666,39.140183,-84.505829
62911,DAVIS TRAVEL CENTER #108,"I-85, EXIT 39",Warfield,VA,180,3.099,36.895984,-77.818997
62918,CIRCLE K #4705567,ST 91,Twinsburg,OH,305,3.63233333,41.322594,-81.443123
62996,MARTIN GENERAL STORE,US-22,Alexandria,PA,14,3.539,40.558438,-78.099883
63013,TA WEST GREENWICH,"I-95, EXIT 5B",West Greenwich,RI,175,3.76566666,41.628605,-71.658874
63018,CIRCLE K #2723354,"I-526, EXIT 18A & US-78",Charleston,SC,42,3.299,32.828017,-79.972896
63126,PWI #120,"I-10, EXIT 593",Schertz,TX,740,2.92566666,29.563327,-98.250866
63193,Shell,US-29,Warrenton,VA,60,3.25733333,38.717817,-77.797316
63211,OMAK MART,US-97 & SR-215,Omak,WA,970,4.149,48.422338,-119.530623
63246,Petro Stopping Center #368,"I-94, EXIT 333",Sturtevant,WI,444,3.889,42.698900,-87.901553
63313,MARION TRAVEL CENTER,I-55 EXIT 14,Marion,AR,435,3.199,35.204246,-90.206715
63330,CIRCLE K #2723678,SR-53,Rome,GA,18,3.06233333,34.266133,-85.186052
63336,ROAD RANGER #118,"I-72 & I-55, EXIT 100-A",Springfield,IL,318,3.299,39.791063,-89.644572
63336,ROAD RANGER #118,"I-72 & I-55, EXIT 100-A",Springfield,IL,318,3.409,39.791063,-89.644572
63349,FLYING J TRAVEL PLAZA #662,"I-24, EXIT 86",Oak Grove,KY,415,3.15233333,36.673774,-87.422506
63351,76 FUEL CENTER,"I-75, EXIT 76",Berea,KY,410,2.999,37.589296,-84.294502
63353,LOVES TRAVEL STOP #367,"I-74, EXIT 149",Le Roy,IL,280,3.589,40.339371,-88.761098
63353,LOVES TRAVEL STOP #367,"I-74, EXIT 149",Le Roy,IL,280,3.549,40.339371,-88.761098
63353,LOVES TRAVEL STOP #367,"I-74, EXIT 149",Le Roy,IL,280,3.489,40.339371,-88.761098
63353,LOVES TRAVEL STOP #367,"I-74, EXIT 149",Le Roy,IL,280,3.389,40.339371,-88.761098
63376,Circle K #2746246,US-169 & SR-41,Shakopee,MN,448,3.599,44.771906,-93.475699
63379,Petro Stopping Center #460,"I-70, EXIT 28",Oak Grove,MO,400,3.21233333,38.227632,-91.149599
63388,CIRCLE K #2723471,"I-95, EXIT 121",Wilson,NC,205,3.199,35.731488,-77.930750
63391,FLYING J TRAVEL PLAZA #687,"I-80, EXIT 179",North Platte,NE,475,3.449,41.124960,-100.750359
63409,FLYING J TRAVEL PLAZA #693,"I-90, EXIT 48A; PEMBROKE, NY",Corfu,NY,38,3.889,42.961163,-78.402610
63428,FLYING J TRAVEL PLAZA #702,"I-40, EXIT 264B",Checotah,OK,560,3.699,35.482436,-95.522818
63442,Flying J Travel Plaza #720,"I-40, EXIT 182",Fairview,TN,460,3.18566666,35.982389,-87.127020
63456,SHELL,"I-85, EXIT 61",Petersburg,VA,180,3.20066666,37.204730,-77.392368
63495,DECAUTER SHELL TRUCK STOP,"I-35, EXIT 369",Decatur,TX,637,2.91566666,33.225912,-97.586980
63498,PILOT #6955,I-40/I-85 EXIT 150,Haw River,NC,65,3.959,36.091898,-79.358943
63500,SPEEDWAY #8723,"I-75, EXIT 144B",Bridgeport,MI,342,3.379,43.370815,-83.881964
63500,SPEEDWAY #8723,"I-75, EXIT 144B",Bridgeport,MI,342,3.249,43.370815,-83.881964
63500,SPEEDWAY #8723,"I-75, EXIT 144B",Bridgeport,MI,342,3.259,43.370815,-83.881964
63500,SPEEDWAY #8723,"I-75, EXIT 144B",Bridgeport,MI,342,3.469,43.370815,-83.881964
63501,LOVES TRAVEL STOP #407,I-81 EXIT 52B OR I-76 EXIT 226,Carlisle,PA,70,4.099,40.199994,-77.204149
63502,FLYING J TRAVEL PLAZA #704,I-35 & 122ND ST,Edmond,OK,483,3.30566666,35.673807,-97.413076
63506,KWIK TRIP #342,"I-39, EXIT 159",Stevens Point,WI,395,3.559,44.525300,-89.550377
63509,PILOT #4557,"I-85, EXIT 166",Carnesville,GA,16,3.17233333,34.376645,-83.234687
63509,PILOT TRAVEL CENTER #4557,"I-85, EXIT 166",Carnesville,GA,16,3.239,34.376645,-83.234687
63510,PILOT #4584,"I-95, EXIT 181",Latta,SC,63,3.349,34.338940,-79.433564
63511,PILOT #4576,"I-95, EXIT 82",Saint George,SC,42,3.519,33.186073,-80.579459
63512,SPEEDWAY #7929,"I-40, EXIT 208",Colfax,NC,65,2.854,35.351028,-81.754419
63516,SHEETZ #701,"I-81, EXIT 273",Mount Jackson,VA,60,2.874,38.738878,-78.650918
63517,TA LINCOLN TRAVEL CENTER,"I-20, EXIT 168 & SR-77",Lincoln,AL,615,3.084,33.580169,-86.127876
63519,PILOT TRAVEL CENTERS #243,"I-64, EXIT 45 & SR-25",Nitro,WV,44,3.62566666,38.411614,-81.807811
63522,Pilot Travel Centers #411,"I-40, EXIT 238 & US-231",Lebanon,TN,460,3.24566666,36.199381,-86.344634
63523,PILOT TRAVEL CENTER #441,"I-65, EXIT 334",Decatur,AL,615,3.859,34.572995,-86.989901
63523,PILOT TRAVEL CENTERS #441,"I-65, EXIT 334",Decatur,AL,615,3.859,34.572995,-86.989901
63524,PILOT TRAVEL CENTER #416,"I-75/SR-401, EXIT 101",Cordele,GA,10,3.28566666,31.956090,-83.770077
63524,PILOT TRAVEL CENTERS #416,"I-75/SR-401, EXIT 101",Cordele,GA,10,3.33233333,31.956090,-83.770077
63530,BIG EASY TRAVEL PLAZA,"I-10, EXIT 239-B",New Orleans,LA,725,3.799,30.053420,-89.934502
63532,FUELSMART,SR-165,Muskogee,OK,560,3.25233333,35.743797,-95.356405
63533,FLYING J TRAVEL PLAZA #638,"I-84, EXIT 29",Caldwell,ID,785,3.78733333,43.645880,-116.659336
63538,SUAMICO CITGO,"US-41/US-141, EXIT 176 & CR-B",Suamico,WI,360,3.269,44.626729,-88.033045
63540,GAS N GO,"I-75, EXIT 149",Byron,GA,85,3.17233333,32.649497,-83.747954
63545,LOVES TRAVEL STOP #397,"I-85, EXIT 104",Blacksburg,SC,210,3.419,35.122089,-81.518119
63546,CITGO QUIK MART,SR/15 & SR-68,Tennille,GA,85,3.46566666,32.936618,-82.812071
63563,PILOT TRAVEL CENTERS #209,"I-10, EXIT 140",Van Horn,TX,640,3.659,31.040670,-104.834156
63564,PILOT TRAVEL CENTERS #213,"I-70, EXIT 94 (WILSON ROAD)",Columbus,OH,315,3.509,39.985531,-82.985594
63565,LOVES TRAVEL STOP #296,"I-8, EXIT 115 & SR-85",Gila Bend,AZ,930,3.889,32.966242,-112.715465
63566,PORT ALLEN TRUCKSTOP,"I-10, EXIT 151 & SR-415",Port Allen,LA,600,3.259,30.443835,-91.207410
63568,FLYING J TRAVEL PLAZA #658,"I-35, EXIT 127",Emporia,KS,336,3.25233333,38.401860,-96.191654
63569,Flying J Dealer #893,"I-80, EXIT 40 (US-59)",Avoca,IA,319,3.659,41.482816,-95.337261
63569,PILOT TRAVEL CENTERS #893,"I-80, EXIT 40 (US-59)",Avoca,IA,319,3.659,41.482816,-95.337261
63570,PILOT TRAVEL CENTERS #287,"I-71, EXIT 204 & SR-83",Burbank,OH,305,3.699,40.986232,-81.994840
63571,Palace Truckstop,"I-10, EXIT 246 & I-510, EXIT 2C",New Orleans,LA,725,3.299,30.053420,-89.934502
63572,PILOT TRAVEL CENTER #211,"I-40, EXIT 9 & SR-95",Lake Havasu City,AZ,910,3.849,34.499809,-114.310943
63572,PILOT TRAVEL CENTERS #211,"I-40, EXIT 9 & SR-95",Lake Havasu City,AZ,910,3.999,34.499809,-114.310943
63574,PILOT TRAVEL CENTERS #232,"I-84, EXIT 376A",Ontario,OR,982,3.699,44.025336,-116.977368
63575,OKEMAH TRAVEL CENTER,"I-40, EXIT 221 (ST 27)",Okemah,OK,483,2.879,35.429269,-96.300309
63577,PILOT TRAVEL CENTERS #236,"I-80, EXIT 122",Minooka,IL,290,3.799,41.450333,-88.277824
63577,PILOT TRAVEL CENTER #236,"I-80, EXIT 122",Minooka,IL,290,3.799,41.450333,-88.277824
63579,301 PLAZA,US-301 & SR-299,Middletown,DE,243,3.239,39.443394,-75.717504
63580,FLYING J TRAVEL PLAZA #637,"I-380, EXIT 68",Evansdale,IA,565,3.779,42.465698,-92.269402
63582,T BONE TRUCK STOP,US-30,Columbus,NE,313,3.099,41.437087,-97.358615
63583,CUBBYS #110,"I-80, EXIT 353",Columbus,NE,313,3.179,41.437087,-97.358615
63584,PILOT TRAVEL CENTERS #417,"I-20, EXIT 19",Temple,GA,18,3.449,33.733245,-85.027295
63584,PILOT TRAVEL CENTER #417,"I-20, EXIT 19",Temple,GA,18,3.389,33.733245,-85.027295
63586,LOVES TRAVEL STOP #295,US-412 & US-69,Chouteau,OK,560,3.29066666,36.189507,-95.338902
63587,24/7 TRAVEL PLAZA,"I-135, EXIT 92",Salina,KS,523,2.974,38.813085,-97.614477
63588,KWIK TRIP #686,"I-94, EXIT 333/US-41 & SR-20",Sturtevant,WI,444,3.769,42.698900,-87.901553
63594,PILOT TRAVEL CENTERS #49,"I-24, EXIT 89",Oak Grove,KY,415,3.15233333,36.673774,-87.422506
63595,SPEEDWAY #5236,"I-75, EXIT 122",Lima,OH,411,3.25566666,40.740679,-84.112091
63596,PILOT TRAVEL CENTERS #442,"I-55, EXIT 19",Hayti,MO,275,3.25566666,36.232528,-89.747362
63597,PILOT TRAVEL CENTERS #163,"I-10, EXIT 24",Lordsburg,NM,640,3.439,32.343777,-108.702120
63598,PILOT TRAVEL CENTERS #164,"I-90/I-94, EXIT 69 & SR-82",Mauston,WI,420,3.299,43.799976,-90.079554
63599,PWI #978,"I-215, EXIT 21",Salt Lake City,UT,835,3.359,40.776928,-111.930991
63600,PILOT TRAVEL CENTERS #77,"I-55 /I-20, EXIT 45",Jackson,MS,760,3.149,32.315834,-90.212850
63601,PILOT TRAVEL CENTERS #206,"I-20, EXIT 406",Weatherford,TX,630,3.209,32.755397,-97.765731
63602,LOVES TRAVEL STOP #285,I-40 EXIT 277,Santa Rosa,NM,580,3.474,34.936051,-104.675021
63603,LOVES TRAVEL STOP #290,US-59/US-69/S LOOP 287 & FM-841,Lufkin,TX,610,3.649,31.322904,-94.729026
63603,LOVES TRAVEL STOPS #290,US-59/US-69/S LOOP 287 & FM-841,Lufkin,TX,610,3.649,31.322904,-94.729026
63604,7-ELEVEN #40363,US-17/SR-15 & SR-100,Palatka,FL,75,3.364,29.650107,-81.671878
63606,FLYING J TRAVEL PLAZA #652,"I-65/US-52, EXIT 139 & SR-39",Lebanon,IN,375,3.64066666,40.036378,-86.461070
63607,ROAD RANGER #209,"I-90/94,  EXIT 48",Oakdale,WI,420,3.234,43.962167,-90.379118
63608,ROAD RANGER #206,US-20,Winnebago,IL,520,3.219,42.267088,-89.233970
63608,ROAD RANGER #206,US-20,Winnebago,IL,520,3.289,42.267088,-89.233970
63608,ROAD RANGER #206,US-20,Winnebago,IL,520,3.299,42.267088,-89.233970
63609,ROAD RANGER #203,US-20 & SR-2,Rockford,IL,520,3.219,42.259300,-89.063478
63609,ROAD RANGER #203,US-20 & SR-2,Rockford,IL,520,3.289,42.259300,-89.063478
63609,ROAD RANGER #203,US-20 & SR-2,Rockford,IL,520,3.299,42.259300,-89.063478
63612,FLYING J TRAVEL PLAZA #622,"I-95/SR-9, EXIT 131 & SR-68 & SR-713",Fort Pierce,FL,95,3.499,27.426112,-80.342488
63613,FLYING J TRAVEL PLAZA #690,"I-10/US-70, EXIT 24",Lordsburg,NM,640,3.439,32.343777,-108.702120
63614,PILOT TRAVEL CENTERS #446,"I-69, EXIT 234",Daleville,IN,457,3.514,40.118872,-85.556247
63614,PILOT TRAVEL CENTER #446,"I-69, EXIT 234",Daleville,IN,457,3.649,40.118872,-85.556247
63615,One9 #1413,"I-81, EXIT 101",Dublin,VA,185,3.24233333,37.105503,-80.689700
63616,SPEEDWAY #8876,"US-23, EXIT 50",Whitmore Lake,MI,342,3.499,42.420281,-83.752134
63616,SPEEDWAY #8876,"US-23, EXIT 50",Whitmore Lake,MI,342,3.749,42.420281,-83.752134
63619,PILOT TRAVEL CENTERS #428,"I-20, EXIT 112",West Monroe,LA,760,3.20566666,32.512341,-92.151068
63620,LOVES TRAVEL STOP #420,"I-20, EXIT 47",Flowood,MS,620,3.149,32.336101,-90.072874
63621,FUEL CITY FRIENDLYS,"I-35E, EXIT 435",Dallas,TX,630,2.96566666,32.793333,-96.766513
63623,PILOT TRAVEL CENTER #90,"I-95/SR-9, EXIT 129 & SR-91, EXIT 152 & SR-70",Fort Pierce,FL,95,3.519,27.426112,-80.342488
63623,PILOT TRAVEL CENTERS #90,"I-95/SR-9, EXIT 129 & SR-91, EXIT 152 & SR-70",Fort Pierce,FL,95,3.459,27.426112,-80.342488
63624,FROG CITY TRAVEL PLAZA,"I-10, EXIT 87",Rayne,LA,690,3.36566666,30.240513,-92.267335
63625,FLYING J TRAVEL PLAZA #688,"I-295, DEEP WATER STREET",Penns Grove,NJ,243,3.989,39.727704,-75.469035
63627,PILOT TRAVEL CENTERS #174,I-78 & SR-15,New Albany,MS,435,3.859,34.492286,-89.021720
63628,PILOT TRAVEL CENTERS #75,"I-65, EXIT 19 & US-43/SR-13",Satsuma,AL,715,3.199,30.857874,-88.063383
63628,PILOT TRAVEL CENTER #75,"I-65, EXIT 19 & US-43/SR-13",Satsuma,AL,715,3.195,30.857874,-88.063383
63629,SPEEDWAY #4523,"I-94, EXIT 88",Osseo,WI,448,3.54566666,44.579831,-91.213829
63630,TA DENVER EAST TRAVEL CENTER,"I-70 & I-270, EXIT 278",Commerce City,CO,800,3.37566666,39.882792,-104.794908
63635,SAPP BROS TRAVEL CENTER,"I-70, EXIT 295",Junction City,KS,523,3.709,39.027220,-96.852271
63636,PILOT TRAVEL CENTER #279,"I-19, EXIT 12 & SR-289",Rio Rico,AZ,980,3.614,31.498168,-110.987798
63636,PILOT TRAVEL CENTERS #279,"I-19, EXIT 12 & SR-289",Rio Rico,AZ,980,3.659,31.498168,-110.987798
63637,PILOT TRAVEL CENTERS #454,"I-70, EXIT 79",London,OH,315,3.509,39.892845,-83.438875
63639,PILOT TRAVEL CENTERS #444,"I-70, EXIT 23",Brazil,IN,375,3.939,39.522449,-87.124479
63639,PILOT TRAVEL CENTER #444,"I-70, EXIT 23",Brazil,IN,375,3.939,39.522449,-87.124479
63640,SUPER EXPRESS STOP,"I-64, EXIT 113",Mount Sterling,KY,410,3.859,38.065465,-83.948822
63641,FLYING J TRAVEL PLAZA #625,"I-4/SR-400, EXIT 10 & SR-579",Seffner,FL,225,3.44233333,28.001639,-82.274077
63642,COLTS QUICK DRAW,"I-40, EXIT 125 & US-65/SR-25",Greenbrier,AR,695,3.30733333,35.228811,-92.383563
63648,CIRCLE K #2723333,"I-75, EXIT 216",Mcdonough,GA,67,3.209,33.439611,-84.148899
63649,ONE TRIP,US-84,Homerville,GA,10,3.44233333,31.038226,-82.742081
63651,CIRCLE K #2723346,US-29/S8,Athens,GA,16,3.399,33.927979,-83.353823
63652,CASEYS #3292,"I-380, EXIT 43 & US-20",Independence,IA,380,3.599,42.462193,-91.903152
63653,FLYING J TRAVEL PLAZA #760,US-30 & SR-232,Cokeville,WY,835,3.899,42.079237,-110.951898
63661,FLYING J TRAVEL PLAZA #677,"US-78, EXIT 6",Olive Branch,MS,435,3.28566666,34.955752,-89.841153
63662,PILOT TRAVEL CENTERS #267,"I-75, EXIT 146",Byron,GA,85,3.36566666,32.649497,-83.747954
63662,PILOT TRAVEL CENTER #267,"I-75, EXIT 146",Byron,GA,85,3.38566666,32.649497,-83.747954
63667,CIRCLE K #2723875,SR-41/SR-45,Jamestown,SC,42,2.974,33.285876,-79.694592
63668,PILOT #4579,"I-26, EXIT 139",Saint Matthews,SC,135,3.509,33.664640,-80.778753
63669,One9 #1248,"I-45, EXIT 271",Wilmer,TX,630,2.75566666,32.597428,-96.680905
63671,WESTERN TRAVEL TERMINAL,US-26 & US-85,Torrington,WY,795,3.399,42.063075,-104.172984
63676,CORNER EXPRESS,ST 55,Wellston,MI,456,3.499,44.222689,-85.968132
63680,ALLTOWN MARKETS-FLYING J #896,I-93 EXIT 11 & SR 3A,Bow,NH,39,4.099,43.133177,-71.537242
63685,RIVER HEIGHTS GROCERY,US-64/SR-69/SR-15,Crump,TN,435,3.099,35.224859,-88.330789
63690,LOVES TRAVEL STOP #277,"I-30, EXIT 46",Prescott,AR,635,3.47566666,33.804320,-93.391207
63691,JIMMIES AUTO TRUCK PLAZA,"I-10, EXIT 262",Lee,FL,20,3.84733333,30.413101,-83.304142
63694,PILOT TRAVEL CENTERS #261,"I-55, EXIT 186",Winona,MS,576,3.499,33.490256,-89.729287
63695,FLYING J TRAVEL PLAZA #634,"I-20/SR-402, EXIT 19 & SR-113",Temple,GA,18,3.419,33.733245,-85.027295
63697,MILLER MART #40,"I-64, EXIT 255B",Newport News,VA,130,3.30566666,37.076136,-76.521980
63700,WIXOM FUEL STOP,"I-96, EXIT 159",Wixom,MI,325,3.999,42.522781,-83.530188
63701,FLYING J TRAVEL PLAZA #742,"I-80, EXIT 98/99",Tooele,UT,835,3.759,40.539396,-112.307843
63702,QUICK FUEL #2501,"I-264, EXIT 14",Louisville,KY,415,3.08233333,38.224728,-85.740614
63703,QUICK FUEL #2303,"I-71, EXIT 104/FRANK RD EXIT",Columbus,OH,315,3.56566666,39.985531,-82.985594
63704,QUICK FUEL #2301,"I-275, EXIT 44",Cincinnati,OH,300,3.239,39.140183,-84.505829
63706,QUICK FUEL #1003,"I-41/US-45, EXIT 45 & CR-EE",Milwaukee,WI,444,3.42566666,43.063348,-87.966695
63715,FLYING J TRAVEL PLAZA #772,"I-215, EXIT 28",North Salt Lake,UT,835,3.73233333,40.847116,-111.918780
63716,EXPRESS LANE #34,"I-39, EXIT 115",Rockford,IL,520,3.549,42.259300,-89.063478
63716,EXPRESS LANE #34,"I-39, EXIT 115",Rockford,IL,520,3.749,42.259300,-89.063478
63718,ROAD RANGER #210,"I-39/US-51, EXIT 99 & SR-38",Rochelle,IL,520,3.699,41.919149,-89.063661
63720,FLYING J TRAVEL PLAZA #611,"I-10, EXIT 137",Phoenix,AZ,930,3.589,33.572154,-112.090132
63721,ROAD RUNNER TRAVEL CENTER,I-69E/US-77 & CR-892,Robstown,TX,625,3.349,27.793971,-97.669163
63722,LOVES TRAVEL STOP #240,"I-10, EXIT 151 & SR-415",Port Allen,LA,600,3.23233333,30.443835,-91.207410
63724,LOVES TRAVEL STOP #244,"I-40, EXIT 87 & US-70/US-412",Jackson,TN,435,3.49733333,35.658451,-88.837399
63725,TA CARTERSVILLE TRAVEL CENTER,"I-75, EXIT 296",Cartersville,GA,18,3.599,34.164579,-84.801704
63726,FLYING J TRAVEL PLAZA #706,"I-44 & I-244, EXIT 236",Tulsa,OK,560,3.36566666,36.127949,-95.902316
63727,LOVES TRAVEL STOP #403,"I-81, EXIT 3",Binghamton,NY,32,3.719,42.101331,-75.909369
63727,LOVES TRAVEL STOP #403,"I-81, EXIT 3",Binghamton,NY,32,3.749,42.101331,-75.909369
63727,LOVES TRAVEL STOP #403,"I-81, EXIT 3",Binghamton,NY,32,3.689,42.101331,-75.909369
63727,LOVES TRAVEL STOP #403,"I-81, EXIT 3",Binghamton,NY,32,3.679,42.101331,-75.909369
63728,PILOT TRAVEL CENTERS #43,"I-80, EXIT 284",Walcott,IA,270,3.88566666,41.587319,-90.780518
63728,PILOT TRAVEL CENTER #43,"I-80, EXIT 284",Walcott,IA,270,3.859,41.587319,-90.780518
63729,PILOT TRAVEL CENTERS #147,"I-80, EXIT 410",West Wendover,NV,835,3.709,40.740253,-114.078633
63730,PILOT TRAVEL CENTERS #309,"I-77, EXIT 25",Caldwell,OH,430,3.65233333,39.746354,-81.512976
63731,LOVES TRAVEL STOP #243,"I-10, EXIT 43 & SR-383",Iowa,LA,690,3.58733333,30.241367,-93.013028
63732,LOVES TRAVEL STOP #265,"I-10, EXIT 200",Eloy,AZ,930,3.434,32.741255,-111.594015
63734,CIRCLE K #2723472,US-70 & SR-58,Kinston,NC,63,3.319,35.275099,-77.593368
63736,PLATEAU TRUCK AND AUTO CENTER,"I-10, EXIT 159",Van Horn,TX,640,3.099,31.040670,-104.834156
63737,I 10 DUSON TRUCK STOP,"I-10, AUSTRIA ROAD",Duson,LA,730,3.41066666,30.238360,-92.189070
63738,U STOP 33,US-77,Beatrice,NE,413,3.399,40.273281,-96.745954
63740,CIRCLE K #2723478,US-29,Blairs,VA,185,3.439,36.699268,-79.378910
63741,SHELL,"I-295, EXIT 15",Chester,VA,180,3.20233333,37.352045,-77.433695
63743,PILOT TRAVEL CENTERS #370,"I-81, EXIT 175",Pittston,PA,200,4.17566666,41.327920,-75.785684
63744,PILOT TRAVEL CENTERS #439,"I-24, EXIT 86",Oak Grove,KY,415,3.15233333,36.673774,-87.422506
63745,PILOT TRAVEL CENTER #447,"I-64, EXIT 25",Haubstadt,IN,340,3.959,38.203242,-87.574735
63745,PILOT TRAVEL CENTERS #447,"I-64, EXIT 25",Haubstadt,IN,340,3.959,38.203242,-87.574735
63746,PILOT TRAVEL CENTERS #453,"I-85, EXIT 90",Gaffney,SC,210,3.429,35.073558,-81.661532
63751,PETRO STOPPING CENTER #328,"I-20 & I-55, EXIT 45",Jackson,MS,620,3.109,32.315834,-90.212850
63752,MR FUEL #732,"I-80, EXIT 226",Girard,OH,573,3.239,41.165648,-80.696089
63753,PILOT TRAVEL CENTER #4558,"I-75, EXIT 318",Calhoun,GA,285,3.28566666,34.499792,-84.933058
63753,PILOT #4558,"I-75, EXIT 318",Calhoun,GA,285,3.30566666,34.499792,-84.933058
63755,PILOT TRAVEL CENTERS #196,"I-40, EXIT 325 & US-64",Roland,OK,645,3.739,35.413179,-94.508525
63756,PILOT TRAVEL CENTERS #144,"I-20, EXIT 200",Augusta,GA,135,3.859,33.444391,-82.022096
63756,PILOT TRAVEL CENTER #144,"I-20, EXIT 200",Augusta,GA,135,3.859,33.444391,-82.022096
63759,BUFFALO RANCH,US/69/US-60 & US-59,Afton,OK,560,3.099,36.696535,-94.957463
63760,CASH MAGIC CITGO HOUMA,I-57,Houma,LA,725,3.56566666,29.578681,-90.708023
63761,7Fleet #46589,"I-94/US-52, EXIT 205 & SR-241",Saint Michael,MN,448,3.309,45.199238,-93.689526
63762,MINIT MART #600643,"I-57, EXIT 322",Manteno,IL,290,3.299,41.247850,-87.844308
63762,MINIT MART #600643,"I-57, EXIT 322",Manteno,IL,290,3.399,41.247850,-87.844308
63762,MINIT MART #600643,"I-57, EXIT 322",Manteno,IL,290,3.249,41.247850,-87.844308
63764,LOVES TRAVEL STOP #288,"I-45, EXIT 198 & US-84",Fairfield,TX,765,3.429,31.717440,-96.170483
63767,HOP-IN FOOD STORES,I-27 & FM-1729,New Deal,TX,700,2.92566666,33.732334,-101.844475
63768,PILOT TRAVEL CENTERS #443,"I-70, EXIT 49",Higginsville,MO,400,3.23566666,39.065719,-93.726814
63770,FLYING J TRAVEL PLAZA #694,"I-90, EXIT 223",Austinburg,OH,305,3.859,41.769168,-80.855605
63771,FLYING J FUEL STOP #572,"I-35, EXIT 144",Williams,IA,433,3.699,42.489193,-93.541245
63771,FLYING J TRAVEL PLAZA #572,"I-35, EXIT 144",Williams,IA,433,3.699,42.489193,-93.541245
63773,QUIKTRIP #179,ST 152,Liberty,MO,400,2.999,39.241270,-94.419445
63774,PILOT TRAVEL CENTERS #150,"I-70, EXIT 24 &SR-63",Hagerstown,MD,22,3.959,39.637986,-77.723252
63775,FLYING J #646,"I-90/39, EXIT 1 & US-51 & SR-75",South Beloit,IL,290,3.799,42.484842,-89.027433
63775,FLYING J TRAVEL PLAZA #646,"I-90/39, EXIT 1 & US-51 & SR-75",South Beloit,IL,290,3.799,42.484842,-89.027433
63776,KWIK TRIP #334,US-169/SR-60,Mankato,MN,425,3.549,44.171126,-93.975048
63777,KWIK TRIP #403,"I-35, EXIT 45",Owatonna,MN,425,3.499,44.091904,-93.231715
63778,KWIK TRIP #662,SR-55/SR-149,Saint Paul,MN,451,3.629,44.948901,-93.104063
63781,Pilot Travel Centers #8,US-23 & PITTSBURG RD,Circleville,OH,315,3.799,39.601152,-82.932515
63782,FUEL EXPRESSO #11,"I-35, EXIT 155",Lebo,KS,400,3.17233333,38.416179,-95.862482
63787,LOVES TRAVEL STOP #402,"I-10, EXIT 44",Biloxi,MS,715,3.449,30.426663,-88.935762
63789,PILOT TRAVEL CENTER #448,"I-65, EXIT 240",Hebron,IN,365,3.599,41.325085,-87.201916
63789,PILOT TRAVEL CENTERS #448,"I-65, EXIT 240",Hebron,IN,365,3.354,41.325085,-87.201916
63790,PILOT TRAVEL CENTERS #412,"I-81, EXIT 4",White Pine,TN,405,3.699,36.101255,-83.285661
63791,PILOT TRAVEL CENTERS #432,"I-35, EXIT 328",Waco,TX,765,3.22066666,31.557994,-97.189750
63792,PILOT TRAVEL CENTER #424,"I-75, EXIT 358",Ocala,FL,140,3.41233333,29.177510,-82.151025
63792,PILOT TRAVEL CENTERS #424,"I-75, EXIT 358",Ocala,FL,140,3.359,29.177510,-82.151025
63793,HUTCH'S #113,US-183 & US-270/SR-15,Woodward,OK,483,2.999,36.424832,-99.404726
63794,PILOT TRAVEL CENTERS #157,"I-30, EXIT 122",Sulphur Springs,TX,723,3.309,33.143108,-95.614702
63795,LOVES COUNTRY STORE #022,US-412,Clayton,NM,585,3.414,36.446033,-103.148863
63796,PETRO STOPPING CENTER #329,"I-40/I-85, EXIT 157",Mebane,NC,65,3.999,36.081679,-79.276742
63798,PETRO GLADE SPRING #372,"I-81, EXIT 29",Glade Spring,VA,405,3.58733333,36.789944,-81.772253
63799,LOVES TRAVEL STOP #204,US-69 BUS & US-69,Eufaula,OK,560,3.689,35.292114,-95.586425
63800,PILOT TRAVEL CENTER #255,"I-95, EXIT 40",Milford,CT,73,4.299,41.225086,-73.061110
63800,PILOT TRAVEL CENTERS #255,"I-95, EXIT 40",Milford,CT,73,4.299,41.225086,-73.061110
63801,PILOT #1126,"I-435, EXIT 55 & SR-210",Kansas City,MO,400,3.38233333,39.125155,-94.550313
63802,CARTERS TRAVEL CENTER,"I-40, EXIT 201N",Flagstaff,AZ,930,3.689,35.185212,-111.620698
63803,KOUNTRY XPRESS,"I-40, EXIT 20",Mulberry,AR,645,3.27233333,35.508500,-94.074753
63805,TEX-BEST #519,US-281 & US-281 BUS & CR-1930,Alice,TX,625,2.899,27.755616,-98.065812
63813,TA SAN ANTONIO TRAVELCENTER,"I-10 & FOSTER RD, EXIT 583",San Antonio,TX,740,3.20733333,29.462809,-98.524635
63828,CIRCLE K #2723654,US-431,Boaz,AL,587,3.519,34.199020,-86.155151
63829,CALERA CHEVRON,SR-25,Calera,AL,615,3.199,33.122319,-86.745644
63836,Double Bees #109,"I-40, EXIT 183",Carlisle,AR,695,3.139,34.795425,-91.740494
63841,MAGNOLIA TRAVEL CENTER,US-82 & US-371,Magnolia,AR,635,3.599,33.276698,-93.226247
63846,71 EXPRESS,US-71,Mansfield,AR,645,3.33233333,35.063915,-94.234269
63848,CIRCLE K #2706345,"I-30, EXIT 2",Texarkana,AR,723,3.479,33.436339,-93.987118
63850,PILOT TRAVEL CENTER #180,"I-40, EXIT 185",Bellemont,AZ,930,3.609,35.242489,-111.813789
63850,PILOT TRAVEL CENTERS #180,"I-40, EXIT 185",Bellemont,AZ,930,3.639,35.242489,-111.813789
63854,E-Z MART #4437,US-71,Boles,AR,645,3.299,34.788119,-94.049397
63855,LOVES TRAVEL STOP #460,"I-10, EXIT 302",Benson,AZ,980,3.279,31.914497,-110.328552
63856,PILOT #1175,"I-17, EXIT 262 & SR-69",Mayer,AZ,930,3.699,34.423271,-112.240747
63856,PILOT TRAVEL CENTER #1175,"I-17, EXIT 262 & SR-69",Mayer,AZ,930,3.6915,34.423271,-112.240747
63870,CIRCLE K #2744074,"I-270/US-36, EXIT 4",Commerce City,CO,800,3.45566666,39.882792,-104.794908
63871,Alta Convenience Store #6317,"I-70, EXIT 19",Fruita,CO,810,3.399,39.155567,-108.729584
63876,Mobil,"FL TURNPIKE,  EXIT 244",Kissimmee,FL,225,3.449,28.302780,-81.417831
63887,QUIKTRIP #757,"I-79/SR-401, EXIT 306 & SR-140",Adairsville,GA,193,2.88733333,34.371431,-84.921567
63893,QUICK FUEL #2204,"I-285, EXIT 58/SR-407 & I-75, EXIT 237/SR-401",Atlanta,GA,18,3.27566666,33.762909,-84.422675
63894,CIRCLE K #2723653,"I-75, EXIT 124",Cartersville,GA,193,3.224,34.164579,-84.801704
63895,KWIK SERV #17,"I-75, EXIT 136",Chatsworth,GA,193,3.499,34.779500,-84.786518
63904,SUNOCO,"I-95, EXIT 19",Savannah,GA,195,3.63233333,32.012457,-81.194157
63907,QUIKTRIP #737,"I-85, EXIT 137",Jefferson,GA,16,3.119,34.136239,-83.602157
63909,GAS2GO,"I-95, EXIT 6",Kingsland,GA,75,3.109,30.846097,-81.790911
63912,PILOT TRAVEL CENTER #4562,"I-95, EXIT 1",Kingsland,GA,75,3.57233333,30.846097,-81.790911
63912,PILOT #4562,"I-95, EXIT 1",Kingsland,GA,75,3.559,30.846097,-81.790911
63914,CIRCLE M #12,US-23/SR-365 & SR-52,Lula,GA,18,3.539,34.398088,-83.661905
63922,THOMASVILLE TRAVEL CENTER,US-84 & SR-3,Thomasville,GA,20,3.18066666,30.839422,-83.978781
63925,PILOT #4561,"I-75, EXIT 11",Valdosta,GA,20,3.359,30.850126,-83.278833
63925,PILOT TRAVEL CENTER #4561,"I-75, EXIT 11",Valdosta,GA,20,3.28566666,30.850126,-83.278833
63931,LOVES TRAVEL STOP #371,"I-95, EXIT 190",Dillon,SC,46,3.33066666,34.425179,-79.369294
63937,CUBBYS #305,"I-29, EXIT 10 & SR-2",Percival,IA,319,3.694,40.751269,-95.813266
63938,CUBBYS #301,US-34 & SR-48,Red Oak,IA,319,3.399,41.014130,-95.224371
63942,Discount Zone,"I-10, EXIT CLEARVIEW",New Orleans,LA,725,3.279,30.053420,-89.934502
63946,MINIT MART #600644,"I-80, EXIT 134",Joliet,IL,399,3.599,41.516866,-88.147963
63955,ROAD RANGER #266,"I-72, EXIT 82 & CR-10",New Berlin,IL,280,3.539,39.726059,-89.914353
63955,ROAD RANGER #266,"I-72, EXIT 82 & CR-10",New Berlin,IL,280,3.439,39.726059,-89.914353
63955,ROAD RANGER #266,"I-72, EXIT 82 & CR-10",New Berlin,IL,280,3.479,39.726059,-89.914353
63957,SUNMART FOOD STORE,SR-37,Bloomington,IN,375,3.499,39.163700,-86.524264
63959,SPEEDWAY #1429,SR-59 & SR-56,Warrenville,IL,293,3.499,41.820977,-88.187454
63959,SPEEDWAY #1429,SR-59 & SR-56,Warrenville,IL,293,3.599,41.820977,-88.187454
63960,BUTLER ONE STOP,"I-69, EXIT 329",Butler,IN,370,3.519,41.427148,-84.872266
63962,7-ELEVEN #40505,"I-80, EXIT 90",Elkhart,IN,465,4.11566666,41.692081,-85.962567
63964,LOVES TRAVEL STOPS #242,"I-35 & FISHER RD, EXIT 144",Von Ormy,TX,740,3.249,29.277391,-98.657373
63964,LOVES TRAVEL STOP #242,"I-35 & FISHER RD, EXIT 144",Von Ormy,TX,740,3.167,29.277391,-98.657373
63965,GOOD TO GO #11,"I-65, EXIT 158",Frankfort,IN,375,3.549,40.279635,-86.537856
63966,PHILS ONE STOP,"I-69, EXIT 309B",Fort Wayne,IN,370,3.67566666,41.088193,-85.142791
63972,7-ELEVEN #40506,"I-80/I-90, MM 125 WB",Howe,IN,465,3.899,41.722822,-85.425486
63977,CAREFREE FOOD MART,"I-64, EXIT 92",Leavenworth,IN,415,3.499,38.200084,-86.350105
63978,Gallops,"I-80, EXIT 107",Middlebury,IN,370,3.549,41.670559,-85.708679
63979,Jaks Oil,US-90,Broussard,LA,730,3.049,30.137444,-91.955830
63988,Petes #47,US-400/SR-47,Fredonia,KS,307,3.299,37.533095,-95.822348
63990,TREX MART #4,"I-229/US-59, EXIT 4B & US-36",Wathena,KS,400,2.999,39.761058,-94.927518
63992,SANDRAS QUICK STOP,US-169 & US-59,Garnett,KS,485,3.319,38.285873,-95.241231
63994,U STOP #38,I-70 EXIT 298,Junction City,KS,553,3.35566666,39.027220,-96.852271
63997,LEON GROCERY,US-400,Leon,KS,336,3.399,37.689517,-96.783833
64001,PETES #53,US-400 & SR-99 & CR-939,Severy,KS,336,3.249,37.621955,-96.227525
64002,SPEEDWAY #9567,"I-65, EXIT 105",Lebanon Junction,KY,415,3.16566666,37.835239,-85.722355
64003,HUCKS Food & Fuel #305,SR-9001 & WKY PKWY SERVICE AREA,Beaver Dam,KY,460,3.599,37.403758,-86.873606
64003,HUCKS Food & Fuel #305 dba Pilot Dealer #1288,SR-9001 & WKY PKWY SERVICE AREA,Beaver Dam,KY,460,3.629,37.403758,-86.873606
64016,SHELL,US-231 & SR-1468,Morgantown,KY,487,3.799,37.217410,-86.700155
64020,LEEBOS # 9,"I-49, EXIT 90",Alexandria,LA,730,3.21566666,31.293449,-92.470189
64021,CM AMITE,SR-16,Amite,LA,600,3.399,30.732164,-90.515286
64028,DELCAMBRE FUEL DEPOT,SR-14 & SR-89,Delcambre,LA,730,2.999,29.951114,-91.991710
64029,SUNSHINE SUPER STOP TRUCKS,"I-10, EXIT 182",Convent,LA,600,3.399,30.015211,-90.820234
64030,STATE OIL,SR-23,Belle Chasse,LA,725,3.43233333,29.858697,-90.003290
64034,BOONES CHEVRON,SR-317,Franklin,LA,623,3.899,29.784946,-91.509567
64036,CM PROSPECT STATION,SR-3087 & SR-660,Houma,LA,725,3.599,29.578681,-90.708023
64040,PILOT #1051,"I-10, EXIT 43 & SR-383",Iowa,LA,690,3.599,30.241367,-93.013028
64043,COUNTRY AUTO TRUCK STOP,"I-49, EXIT 177 & SR-509",Mansfield,LA,766,3.259,32.035341,-93.699665
64044,DISCOUNT ZONE,"I-510, EXIT 240",New Orleans,LA,725,3.149,30.053420,-89.934502
64045,SILVERS TRAVEL PLAZA - Port Allen,US-190/SR-1,Port Allen,LA,730,3.33233333,30.443835,-91.207410
64047,LUCKY LOUIES TRUCK STOP,US-190,Port Allen,LA,600,3.06566666,30.443835,-91.207410
64048,Pilot #1439,"I-10, Exit 151",Port Allen,LA,600,3.21566666,30.443835,-91.207410
64049,Cash Magic CITGO LAROSE,SR-308,Larose,LA,725,3.399,29.565196,-90.376167
64050,WESTWOOD TRUCK PLAZA,US-90 BUS,Marrero,LA,725,3.279,29.885726,-90.113221
64058,DELTA TOWN TRUCK STOP,"I-10, EXIT 4",Vinton,LA,690,2.799,30.195435,-93.582246
64059,CM SPRINGHILL,"I-20, EXIT 44",Springhill,LA,745,3.399,33.001934,-93.461511
64060,CM VIVIAN,SR-1 & SR-2,Vivian,LA,745,3.26566666,32.871072,-93.986249
64062,XTRA MART #10098,SR-146A,Uxbridge,MA,175,3.649,42.061166,-71.643628
64069,301 BP,US-301/SR-5,Brandywine,MD,22,3.259,38.682077,-76.885314
64072,EZ MART #110,US-127 & US-127 BUS/SR-46,Alma,MI,260,3.649,43.380336,-84.654445
64082,SPEEDWAY #8797,SR-13,Lennon,MI,342,3.379,42.985440,-83.932530
64084,RPF OIL #92 PARMA TRAVEL CENTER,"I-94, EXIT 128",Parma,MI,431,3.499,42.265443,-84.548989
64085,MADCO TRUCK PLAZA,"I-94, EXIT 200",Romulus,MI,325,3.399,42.223649,-83.366036
64085,MADCO TRUCK PLAZA,"I-94, EXIT 200",Romulus,MI,325,3.539,42.223649,-83.366036
64085,MADCO TRUCK PLAZA,"I-94, EXIT 200",Romulus,MI,325,3.499,42.223649,-83.366036
64087,SAHARA PETRO,"I-696, EXIT 22",Warren,MI,325,3.699,42.492904,-83.025001
64087,SAHARA PETRO,"I-696, EXIT 22",Warren,MI,325,3.799,42.492904,-83.025001
64091,Circle K 2746398,US-10 & SR-27,Little Falls,MN,448,3.399,45.985557,-94.359676
64092,ONE9 #4555,"I-20/I-59, EXIT 77",Cottondale,AL,615,2.93233333,33.193047,-87.454861
64097,KWIK TRIP #937,US-12,Willmar,MN,451,3.34066666,45.121029,-95.058734
64098,BLUE LINE TRAVEL CENTER,"I-90, EXIT 45",Worthington,MN,432,3.16566666,43.628733,-95.599702
64101,D DIAMOND TRAVEL PLAZA,"I-44, EXIT 82",Fair Grove,MO,535,3.13233333,37.383321,-93.152154
64106,RAPID ROBERTS #122,SR-43,Joplin,MO,277,2.899,37.075218,-94.501259
64112,RAPID ROBERTS #123,"I-44, EXIT 80",Springfield,MO,535,2.899,37.194157,-93.292642
64116,GRAND LEDGE,"I-96, EXIT 86",Grand Ledge,MI,344,3.789,42.752927,-84.744901
64120,HOLIDAY STATIONSTORE #2746185,US-2,Wakefield,MI,545,3.219,46.476904,-89.933430
64120,HOLIDAY STATIONSTORE #2746185,US-2,Wakefield,MI,545,3.139,46.476904,-89.933430
64120,HOLIDAY STATIONSTORE #2746185,US-2,Wakefield,MI,545,3.479,46.476904,-89.933430
64122,FLYING J TRAVEL PLAZA #691,"I-40, EXIT 333",Tucumcari,NM,585,3.899,35.170291,-103.705046
64124,Shell,"I-94 & I-75, EXIT 171",Saint Cloud,MN,448,3.36233333,45.526658,-94.171007
64126,CASEYS #3471,US-2 & CR-87,Cohasset,MN,333,3.449,47.242447,-93.664230
64132,45 TRUCKSTOP,US-45,Corinth,MS,435,3.089,34.948353,-88.513618
64139,4 MILE TRUCKSTOP,US-98 & HOLT RD,Lucedale,MS,715,3.399,30.931213,-88.595896
64153,SPEEDWAY #6972,US-70,Durham,NC,177,3.799,35.977928,-78.898109
64155,SPEEDWAY #8228,"I-85, EXIT 191 & SR-56",Creedmoor,NC,205,3.999,36.125026,-78.677955
64156,SPEEDWAY #6985,"I-40, EXIT 312 & SR-42",Garner,NC,177,3.499,35.689477,-78.614599
64163,FILL GOOD BP #15,US-74,Monroe,NC,46,3.399,35.001591,-80.561277
64167,NORTH LONDONDERRY SUNOCO,"I-93, EXIT 5",Londonderry,NH,125,3.939,42.853398,-71.362425
64170,LUCKY 7,"I-95, EXIT 61",Wade,NC,205,2.999,35.163402,-78.739673
64171,CIRCLE K #2723130,"I-40, EXIT 364",Warsaw,NC,245,2.87566666,34.999578,-78.092726
64172,CUBBYS #108,"I-80, EXIT 420 & SR-63",Greenwood,NE,319,3.399,40.961687,-96.443043
64173,SAPP BROS TRAVEL CENTER,"I-80, EXIT 405",Lincoln,NE,413,3.36566666,40.810284,-96.674856
64181,SUNOCO- JOYCE KILMER PLAZA #7012,"NJTP,EXIT 8A",East Brunswick,NJ,115,3.899,40.426249,-74.418244
64182,SUNOCO- VINCE LOMBARDI SERVICE AREA #7017,"NJ TURNPIKE, EXIT 18",Ridgefield,NJ,115,3.899,40.832677,-74.014088
64183,SUNOCO- THOMAS EDISON PLAZA #7013,"NJTP, EXIT 11",Woodbridge,NJ,79,3.899,40.552857,-74.286939
64187,SPEEDWAY #9117,"I-25, EXIT 339",Las Vegas,NM,580,3.18566666,35.604818,-105.217023
64189,CIRCLE K #2708931,"I-10, EXIT 155",Tucumcari,NM,585,3.259,35.170291,-103.705046
64195,DANDY MINI MART #14,"I-86, EXIT 62",Nichols,NY,32,3.439,42.020017,-76.370402
64201,POCO SHOP #2,"I-95, EXIT 31",Saint Pauls,NC,205,3.799,34.809197,-78.976559
64206,SUNOCO WOODROW WILSON PLAZA #7010,"NJTP, EXIT 7",Trenton,NJ,150,3.899,40.223841,-74.763624
64210,FUEL 1,"I-287, EXIT 4",South Plainfield,NJ,79,4.799,40.574413,-74.414800
64211,PILOT #490/WESTERN PETROLEUM,US-180,Carlsbad,NM,593,3.729,32.400790,-104.241012
64215,STRIPES 7FLEET #42588,US-380 & SR-206,Tatum,NM,700,3.66233333,33.255394,-103.310822
64216,DANDY MINI MART #31,SR-13 & SR-224,Cayuta,NY,190,4.399,42.271993,-76.684886
64218,PILOT TRAVEL CENTERS #494,"I-88, EXIT 25",Schenectady,NY,12,3.999,42.802641,-73.927200
64221,BELL STORES #49,"I-76E, EXIT 25B",Akron,OH,249,3.499,41.080456,-81.521429
64223,7-ELEVEN #40295,"I-80, EXIT 170",Broadview Heights,OH,249,3.52733333,41.318156,-81.679262
64224,7-ELEVEN #40296,SR-176,Broadview Heights,OH,249,3.53233333,41.318156,-81.679262
64227,GO MART FOOD STORE #116,US-50 & SR-7,Coolville,OH,430,3.35733333,39.216237,-81.799648
64229,SPEEDWAY #9385,"I-70, EXIT 129",Hebron,OH,315,3.369,39.965248,-82.486506
64230,Certified Oil #400423,I-70 EXIT 126,Hebron,OH,315,3.39566666,39.965248,-82.486506
64231,7-ELEVEN #40293,"OHIO TURNPIKE EB MILEPOST 139/I-80, EXIT 139",Amherst,OH,249,3.53233333,41.405329,-82.231725
64233,74 FUEL STOP,"I-74, EXIT 3",Harrison,OH,300,3.859,39.256580,-84.786202
64235,PENNZMART FUEL EXPRESS,ST 100,Tiffin,OH,411,3.4315,41.116422,-83.179478
64236,KFC TRAVELMART,SR-199,Upper Sandusky,OH,411,3.249,40.830669,-83.270709
64243,Caseys #4519,US-62,Altus,OK,483,3.00566666,34.657061,-99.309046
64244,CHOCTAW NATION DURANT WEST #632,US-69/US-75,Calera,OK,253,3.089,33.930829,-96.429060
64256,CHEROKEE TRAVEL PLAZA,"I-40, EXIT 325",Roland,OK,645,3.799,35.413179,-94.508525
64261,Phillips 66,US-75/SR-56,Okmulgee,OK,560,2.989,35.625162,-95.954032
64264,CASEYS #4594,US-81 & US-70,Waurika,OK,253,3.07733333,34.183749,-98.026298
64265,ASAP GENERAL STORE #101,"I-40, EXIT 84 & US-54",Weatherford,OK,483,3.13233333,35.537395,-98.684345
64270,PENN JERSEY DIESEL & TRAILER,"I-95, EXIT 37",Bensalem,PA,160,4.199,40.106196,-74.943689
64275,7-ELEVEN #40279,I-276 & US-202 (KING OF PRUSSIA SERVICE PLAZA WB),King Of Prussia,PA,160,3.884,40.096029,-75.379074
64282,ONVO TRAVEL PLAZA - HICKORY RUN,"I-80, EXIT 274",White Haven,PA,200,3.58566666,41.059700,-75.786946
64285,PILOT #4566,"I-85, EXIT 106",Blacksburg,SC,46,3.429,35.122089,-81.518119
64288,PILOT #4581,"I-20, EXIT 116",Bishopville,SC,135,3.43233333,34.220070,-80.247370
64294,HOT SPOT #6004,"I-26, EXIT 28",Enoree,SC,210,3.099,34.660485,-81.962520
64298,CORNER MART #354,"I-26, EXIT 72",Newberry,SC,30,3.299,34.279880,-81.600333
64299,CIRCLE K #2720881,US-17 & SR-165,Ravenel,SC,42,3.439,32.776278,-80.231948
64300,CIRCLE K #2723416,"I-26, EXIT 28",Roebuck,SC,210,3.08233333,34.878987,-81.964442
64309,CIRCLE K #2723272,"I-26, EXIT 119",West Columbia,SC,135,3.54566666,33.990130,-81.099354
64310,Palmetto Roads #308,"I-95, EXIT 77                 ",Saint George,SC,42,3.009,33.186073,-80.579459
64313,CUBBYS #403,"I-29, EXIT 79",Sioux Falls,SD,530,3.06566666,43.540696,-96.731962
64314,JAKES CORNER,US-81 & SR-34,Winfred,SD,530,3.049,43.998795,-97.361614
64336,LOVES TRAVEL STOPS #345,I-90/I-94 EXIT 48 ,Tomah,WI,450,3.289,43.987927,-90.501437
64336,LOVES TRAVEL STOP #345,I-90/I-94 EXIT 48 ,Tomah,WI,450,3.309,43.987927,-90.501437
64337,GRAVES TRUCK STOP,"I-20, EXIT 59",Carthage,TX,618,2.999,32.152046,-94.337111
64343,Allsup's Marketplace #2411,US-67,Hawley,TX,575,2.889,32.606696,-99.810163
64347,PILOT TRAVEL CENTERS #256,"US-58 & US-29, SE QUAD",Danville,VA,65,4.009,36.583334,-79.408071
64350,STRIPES #40811,"I-37, EXIT 55",George West,TX,625,3.01566666,28.330000,-98.118304
64352,CHEVRON #383461,"I-10, EXIT 259",Fort Stockton,TX,710,3.029,30.892574,-102.884210
64355,CEFCO #34,US-281 & SR-38,Hamilton,TX,765,3.029,31.700387,-98.119669
64360,CIRCLE K #2706983,"I-37, EXIT 36 & SR-359",Mathis,TX,625,3.019,28.090919,-97.817047
64374,CEFCO #2001,US-287 & FM-369,Iowa Park,TX,770,2.864,33.962773,-98.680872
64382,KOSSE COUNTRY STORE,SR-7 & SR-14,Kosse,TX,765,3.11566666,31.307383,-96.629361
64390,TXB #71 DBA KWIK CHEK FOOD STORES,"I-20, EXIT 136",Midland,TX,710,3.079,32.024642,-102.113467
64393,TEX-BEST #505,"I-35, EXIT 183",New Braunfels,TX,740,2.80566666,29.699306,-98.115127
64399,LOVES TRAVEL STOPS #247,US-287 & SR-256,Memphis,TX,585,3.789,34.726734,-100.541655
64399,LOVES TRAVEL STOP #247,US-287 & SR-256,Memphis,TX,585,3.789,34.726734,-100.541655
64406,Main Street Market,SR-84 & FM-73,Prairie Hill,TX,765,2.899,31.654254,-96.782864
64407,CIRCLE K #2741527,US-281,Premont,TX,625,2.999,27.358516,-98.124430
64408,QUIKTRIP #4058,"I-37, EXIT 125 & SR-1604",San Antonio,TX,740,2.96566666,29.462809,-98.524635
64409,LONE STAR TRAVEL CENTER,"I-35, EXIT 147",San Antonio,TX,740,3.059,29.462809,-98.524635
64420,Valero,US-59 & AT ST-87,Timpson,TX,766,3.059,31.906912,-94.397056
64421,TXB #17 DBA KWIK CHEK FOOD STORES,SR-121,Trenton,TX,630,3.299,33.426257,-96.344594
64422,Chevron,"I-10, EXIT 858",Vidor,TX,610,2.749,30.128139,-93.991733
64423,PILOT #568,"I-35, EXIT 140",Von Ormy,TX,740,3.21066666,29.277391,-98.657373
64430,GOLDEN SPIKE TRAVEL PLAZA,"I-15, EXIT 382",Tremonton,UT,835,3.599,41.718178,-112.187719
64431,RJS  FUEL STOP,"I-15, EXIT 40",Tremonton,UT,835,3.459,41.718178,-112.187719
64435,SPEEDWAY #4632,US-360/US-58 & SR-1224,Danville,VA,65,4.059,36.583334,-79.408071
64436,MS 58 PLAZA,"I-95, EXIT 11",Emporia,VA,180,3.18233333,36.696182,-77.535975
64438,PILOT TRAVEL CENTER #4622,US-58,South Boston,VA,65,4.009,36.711825,-78.913354
64441,MILLER MART #55,US-460 & US-58/US-13,Suffolk,VA,130,3.09233333,36.697157,-76.634781
64442,PILOT TRUCK STOP #583,"I-5, EXIT 262",Ferndale,WA,850,4.599,48.853366,-122.590232
64442,PILOT TRUCK STOP #583,"I-5, EXIT 262",Ferndale,WA,850,4.559,48.853366,-122.590232
64445,KWIK TRIP #413,SR-93 & SR-95,Arcadia,WI,295,3.31566666,44.248575,-91.491554
64446,SPEEDWAY #4293,"I-90 & I-43, EXIT 185A",Beloit,WI,448,3.799,42.523506,-89.017660
64447,KWIK TRIP #621,"SR-29/SR-55, EXIT 234 & SR-47/SR-117",Bonduel,WI,582,3.45733333,44.737994,-88.451350
64451,ROYAL FARMS #79,ST 13,New Church,VA,194,3.339,37.983247,-75.529065
64455,SPEEDWAY #4648,SR-254,Waynesboro,VA,180,3.959,38.067157,-78.901420
64463,KWIK TRIP #202,"I-39/US-51, EXIT 151 & SR-54",Plover,WI,395,3.26566666,44.462020,-89.537971
64474,SIGNAL FOOD STORE #108,US-60,Mountain View,MO,535,3.03233333,36.993719,-91.701863
64477,PILOT #1063,"I-40, EXIT 81",Marion,NC,210,3.759,35.676230,-82.000841
64478,PILOT TRAVEL CENTERS #141,"I-80, EXIT 6",Evanston,WY,835,3.699,41.260088,-110.963739
64479,YESWAY #1148,"US-30, EXIT 186",Marshalltown,IA,320,3.24566666,42.034300,-92.906266
64480,TA Garden City,US-83 & US-400,Garden City,KS,525,3.73066666,37.975876,-100.850884
64481,LOVES TRAVEL STOP #282,"I-44, EXIT 4 & SR-43",Joplin,MO,277,3.39733333,37.075218,-94.501259
64482,LOVES TRAVEL STOP #208,"I-55, EXIT 119 & SR-22",Canton,MS,655,3.489,32.598419,-90.032191
64484,LOVES TRAVEL STOP #206,"I-10, EXIT 44 & SR-59",Loxley,AL,715,3.339,30.684588,-87.739213
64485,PILOT TRAVEL CENTERS #433,"I-20, EXIT 470",Dallas,TX,630,3.18233333,32.793333,-96.766513
64486,GREENWAY STORE #614,"I-85/SR-403, EXIT 61 & SR-74",Fairburn,GA,18,3.199,33.547753,-84.587277
64487,PILOT TRAVEL CENTERS #165,"I-57 & I-70, EXIT 162",Effingham,IL,510,3.299,39.120662,-88.550859
64487,PILOT TRAVEL CENTER #165,"I-57 & I-70, EXIT 162",Effingham,IL,510,3.499,39.120662,-88.550859
64487,PILOT TRAVEL CENTER #165,"I-57 & I-70, EXIT 162",Effingham,IL,510,3.349,39.120662,-88.550859
64487,PILOT TRAVEL CENTER #165,"I-57 & I-70, EXIT 162",Effingham,IL,510,3.299,39.120662,-88.550859
64487,PILOT TRAVEL CENTERS #165,"I-57 & I-70, EXIT 162",Effingham,IL,510,3.499,39.120662,-88.550859
64488,PILOT TRAVEL CENTERS #274,"I-10, EXIT 109",Breaux Bridge,LA,600,3.14233333,30.283099,-91.905919
64490,QUICK FUEL #2201,"I-85, EXIT 36",Atlanta,GA,18,3.35233333,33.762909,-84.422675
64491,QUICK FUEL #1803,I-80/I-294 & SR-1,South Holland,IL,290,3.849,41.598372,-87.602736
64491,QUICK FUEL #1803,I-80/I-294 & SR-1,South Holland,IL,290,3.829,41.598372,-87.602736
64491,QUICK FUEL #1803,I-80/I-294 & SR-1,South Holland,IL,290,3.889,41.598372,-87.602736
64493,QUICK FUEL #2801,"I-435, EXIT 1-A AT MILE 1",Lenexa,KS,400,3.369,38.965268,-94.803937
64494,QUICK FUEL #1704,I-75 EXIT 42 AT MILE 42,Lincoln Park,MI,325,3.669,42.243291,-83.181258
64494,QUICK FUEL #1704,I-75 EXIT 42 AT MILE 42,Lincoln Park,MI,325,3.619,42.243291,-83.181258
64495,QUICK FUEL #1702,"I-96, EXIT 173",Livonia,MI,325,3.799,42.397183,-83.372319
64496,QUICK FUEL #1703,"I-94, EXIT 199-A",Romulus,MI,325,3.519,42.223649,-83.366036
64496,QUICK FUEL #1703,"I-94, EXIT 199-A",Romulus,MI,325,3.549,42.223649,-83.366036
64496,QUICK FUEL #1703,"I-94, EXIT 199-A",Romulus,MI,325,3.569,42.223649,-83.366036
64498,QUICK FUEL #1705,SR-53,Warren,MI,325,3.849,42.492904,-83.025001
64498,QUICK FUEL #1705,SR-53,Warren,MI,325,3.749,42.492904,-83.025001
64498,QUICK FUEL #1705,SR-53,Warren,MI,325,3.789,42.492904,-83.025001
64499,QUICK FUEL #2401,"I-71, EXIT 234",Bridgeton,MO,540,3.094,38.773317,-90.416997
64500,QUICK FUEL #2402,"I-435, EXIT 57",Kansas City,MO,400,3.29233333,39.125155,-94.550313
64501,QUICK FUEL #2602,"I-85, EXIT 40",Charlotte,NC,46,3.39566666,35.209045,-80.830990
64502,QUICK FUEL #2305,"I-270, EXIT 10",Columbus,OH,315,3.63066666,39.985531,-82.985594
64503,QUICK FUEL #2304,"I-75, EXIT 210",Toledo,OH,550,3.60066666,41.664071,-83.581861
64508,QUICK FUEL #1150,US-51 & SR-30,Madison,WI,420,3.57566666,43.087815,-89.429856
64509,QUICK FUEL #1002,"I-94, EXIT 319",Milwaukee,WI,444,3.74066666,43.063348,-87.966695
64511,QUICK FUEL #1010,SR-100,Milwaukee,WI,444,3.779,43.063348,-87.966695
64512,QUICK FUEL #1001,"I-94, EXIT 301",New Berlin,WI,444,3.499,42.972000,-88.129168
64514,PILOT TRAVEL CENTERS #435,"I-10, EXIT 0",Anthony,TX,640,3.459,31.986731,-106.598634
64517,KWIK TRIP #696,"I-94, EXIT 19 & US-63",Baldwin,WI,451,3.574,44.954096,-92.371826
64519,BLUE RIDGE TRAVEL PLAZA,"I-81 SOUTHBOUND, EXIT 155",Mountain Top,PA,200,3.649,41.135302,-75.904430
64520,LOVES TRAVEL STOP #222,"I-70/US-35, EXIT 149B & US/35/SR-38",Richmond,IN,375,3.949,39.832086,-84.890917
64521,CHOCTAW TRAVEL PLAZA #635,US-259/SR-3,Broken Bow,OK,560,2.999,34.028862,-94.741357
64525,PILOT TRAVEL CENTERS #3,"I-80, EXIT 223",Youngstown,OH,573,3.45233333,41.099095,-80.645902
64528,Raceway #7007,SR-74 & SR-180,Shelby,NC,46,3.249,35.290405,-81.545645
64529,PILOT TRAVEL CENTERS #436,"I-40, EXIT 75",Amarillo,TX,585,3.26566666,35.199903,-101.830194
64530,PILOT TRAVEL CENTERS #420,"I-20, EXIT 114",Madison,GA,16,3.859,33.579038,-83.475971
64530,PILOT TRAVEL CENTER #420,"I-20, EXIT 114",Madison,GA,16,3.859,33.579038,-83.475971
64532,PILOT #4560,"I-75, EXIT 201",Jackson,GA,67,3.37566666,33.292359,-83.967846
64532,PILOT TRAVEL CENTER #4560,"I-75, EXIT 201",Jackson,GA,67,3.39566666,33.292359,-83.967846
64533,SHELL,US-287/US-81 & CR-718,Haslet,TX,637,2.89066666,32.966518,-97.337825
64534,CIRCLE K #4707045,"I-95, EXIT 32",Biddeford,ME,170,3.95733333,43.438733,-70.392943
64535,FLYING J TRAVEL PLAZA #628,"I-85, EXIT 160",Carnesville,GA,16,3.20566666,34.376645,-83.234687
64536,FLYING J TRAVEL PLAZA #640,"I-84, EXIT 173",Jerome,ID,785,3.90233333,42.717617,-114.515788
64537,FLYING J TRAVEL PLAZA #739,"I-35, EXIT 330B",Waco,TX,765,3.22066666,31.557994,-97.189750
64538,PILOT TRAVEL CENTER #445,"I-94, EXIT 22 & US-20",Chesterton,IN,365,3.829,41.599822,-87.054996
64538,PILOT TRAVEL CENTERS #445,"I-94, EXIT 22 & US-20",Chesterton,IN,365,3.799,41.599822,-87.054996
64545,HOBO PANTRY #24,US-231 & SR-10,Brundidge,AL,720,3.599,31.717639,-85.817550
64546,GRUB MART #13,"I-59, EXIT 205 & US-411/SR-25/SR-68",Centre,AL,587,3.349,34.153059,-85.671683
64558,MR FUEL #1203,"I-20, EXIT 129",Meridian,MS,705,2.81233333,32.384170,-88.689448
64569,LOVES TRAVEL STOP #624,"I-65, EXIT 8B",Mobile,AL,715,3.20566666,30.668246,-88.107853
64571,PETRO STOPPING CENTER #331,"I-15, EXIT 54",Las Vegas,NV,910,3.734,36.233499,-115.264037
64572,CIRCLE K #2723730,US-43/SR-13/SR-69,Northport,AL,615,3.399,33.257565,-87.596396
64578,MARATHON,US-431/SR-1,Phenix City,AL,50,3.249,32.453709,-85.031019
64581,SNEAD SHELL,US-278 & SR-75,Altoona,AL,587,3.109,34.040014,-86.305179
64592,LOVES TRAVEL STOP #368,"I-65, EXIT 208 & CR-28",Clanton,AL,720,3.33733333,32.845572,-86.619494
64595,PILOT TRAVEL CENTERS #425,"I-10, EXIT 192",Midway,FL,20,3.799,28.792398,-81.231279
64595,PILOT TRAVEL CENTER #425,"I-10, EXIT 192",Midway,FL,20,3.799,28.792398,-81.231279
64599,PONY EXPRESS TRAVEL PLAZA #6,"US-167/US-67, EXIT16 & SR-5",Cabot,AR,695,3.499,34.975106,-92.028288
64600,Caseys #4552,"I-40, EXIT 57",Clarksville,AR,645,3.244,35.453918,-93.481558
64610,KINGS RIVER COUNTRY STORE,US-412,Huntsville,AR,735,3.26566666,36.098656,-93.733244
64617,SHELL,"I-55, EXIT 48",Osceola,AR,435,2.999,35.690217,-89.988295
64647,HOOKS,I-16 EXIT 16,East Dublin,GA,85,3.399,32.546925,-82.866967
64648,QUICK FUEL #2203,"I-20, EXIT 14",Atlanta,GA,18,3.319,33.762909,-84.422675
64654,Fast Stop,"I-10, EXIT 177",Saint Gabriel,LA,600,3.699,30.255202,-91.100363
64655,ONE9 #7937,"I-85/I-40, EXIT 132",Mc Leansville,NC,65,3.399,36.097555,-79.654748
64656,QUICK FUEL #2601,SR-27,Charlotte,NC,46,3.51233333,35.209045,-80.830990
64660,QUICK FUEL #1005,SR-59 & SR-164,Waukesha,WI,444,3.623,42.960422,-88.249314
64662,QUICK FUEL #1011,"I-94, EXIT 100",Milwaukee,WI,444,3.52066666,43.063348,-87.966695
64664,CIRCLE K #4701424,"I-74, EXIT 102",Morton,IL,280,3.699,40.613730,-89.466800
64664,CIRCLE K #4701424,"I-74, EXIT 102",Morton,IL,280,3.659,40.613730,-89.466800
64664,CIRCLE K #4701424,"I-74, EXIT 102",Morton,IL,280,3.599,40.613730,-89.466800
64671,FLYING J TRAVEL PLAZA #756,"I-94, EXIT 116 & CR-A",Black River Falls,WI,450,3.38233333,44.298335,-90.840258
64672,FLYING J TRAVEL PLAZA #655,"I-70, EXIT 123 & SR-3",Spiceland,IN,375,3.959,39.843224,-85.426028
64673,WESTVILLE TRUCKSTOP,US-6/US-421,Westville,IN,365,3.58566666,41.537547,-86.904942
64674,ZANCO SHELL,"I-395, EXIT 87",Plainfield,CT,175,4.399,41.675183,-71.924707
64675,Petro Mart #45,"I-70/US-40, EXIT 148 & US-54",Kingdom City,MO,392,2.939,38.947306,-91.935419
64676,PILOT TRAVEL CENTERS #460,"I-40, EXIT 140",Oklahoma City,OK,483,3.309,35.467079,-97.513657
64677,MOUNT VERNON FUEL CENTER,"I-75, EXIT 59 & US-25",Mount Vernon,KY,410,2.999,37.357071,-84.332869
64678,AINSWORTH FOUR CORNERS,US-218/SR-27 & SR-92,Ainsworth,IA,380,3.109,41.290050,-91.554266
64679,PILOT TRAVEL CENTER #118,I-30 EXIT 121,Benton,AR,695,3.259,34.577424,-92.572583
64679,PILOT TRAVEL CENTERS #118,I-30 EXIT 121,Benton,AR,695,3.199,34.577424,-92.572583
64681,PILOT TRAVEL CENTER #458,"I-10, EXIT 208",Eloy,AZ,930,3.439,32.741255,-111.594015
64681,PILOT TRAVEL CENTERS #458,"I-10, EXIT 208",Eloy,AZ,930,3.479,32.741255,-111.594015
64682,FLYING J TRAVEL PLAZA #705,"I-40, EXIT 20 & US-283",Sayre,OK,483,3.18233333,35.295653,-99.628239
64683,QUIKTRIP #777,"I-20, EXIT 49",Atlanta,GA,18,2.97233333,33.762909,-84.422675
64687,PILOT TRAVEL CENTERS #421,"I-75, EXIT 326",Dalton,GA,285,3.30566666,34.767898,-84.972812
64687,PILOT TRAVEL CENTER #421,"I-75, EXIT 326",Dalton,GA,285,3.28566666,34.767898,-84.972812
64706,CIRCLE K #2721571,"I-65, EXIT 69",Brewton,AL,715,3.399,31.109175,-87.076583
64712,SUNSTOP #650,US-431 & SR-210,Dothan,AL,20,3.41233333,31.233698,-85.406823
64713,GOOD TO GO,"I-65, EXIT 200",Enterprise,AL,20,3.599,31.325529,-85.846071
64715,CIRCLE K #2709067,US-31/SR-6,Prattville,AL,720,3.499,32.449041,-86.449401
64718,CUZZS,US-43/SR-13,Thomasville,AL,720,3.53233333,31.915011,-87.737204
64719,CIRCLE K #2706697,"I-85, EXIT 77",Valley,AL,720,3.399,32.808736,-85.181080
64721,FLASH MARKET #17049,"I-40/US-63, EXIT 216 & US-49/SR-17",Brinkley,AR,695,3.179,34.889781,-91.189819
64723,CASHS #4470,US-65,Dumas,AR,655,3.209,33.883372,-91.485632
64724,TOBOS TRAVEL CENTER,"I-540, EXIT 58",Fayetteville,AR,735,3.349,36.071455,-94.166564
64755,PILOT TRAVEL CENTERS #44,"I-70, EXIT 101",Boonville,MO,310,3.519,38.961439,-92.746203
64764,CORNER MARKET #62,SR-13/SR-789 & SR-64,Meeker,CO,800,3.729,40.049953,-107.894584
64765,CENEX,"I-76, EXIT 125",Sterling,CO,800,3.41566666,40.620487,-103.192582
64773,Sun Gas,US-301,Middletown,DE,243,2.999,39.443394,-75.717504
64775,SHORE STOP #287,US-13,New Castle,DE,243,3.289,39.670017,-75.566519
64775,SHORE STOP #287,US-13,New Castle,DE,243,3.309,39.670017,-75.566519
64777,4 POINTS MARKET,US-441/SR-7 & SR-804,Boynton Beach,FL,95,3.229,26.528334,-80.080722
64778,SUNSTOP #347,US-27,Branford,FL,75,3.699,29.962250,-82.924284
64779,SPEEDWAY #6530,US-50,Brooksville,FL,225,3.38233333,28.516578,-82.404665
64789,KROME EXXON,SR-997 & SR-994,Miami,FL,95,3.399,25.775163,-80.208615
64793,CIRCLE K #2721297,US-301,Middleburg,FL,75,3.399,30.050226,-81.901075
64795,QUICK FUEL #5101,"I-4, EXIT 79",Orlando,FL,140,3.36233333,28.472818,-81.320242
64798,RIVIERA TRUCKSTOP,SR-710,West Palm Beach,FL,95,3.779,26.745114,-80.127038
64803,MARATHON,"I-4, EXIT 3",Tampa,FL,225,3.42233333,27.970086,-82.479673
64804,SPEEDLANE,US-301 &SR-574,Tampa,FL,225,3.449,27.970086,-82.479673
64811,SUNSTOP #819,US-19,Americus,GA,15,3.699,32.074377,-84.222829
64815,BUENA VISTA GAS N GO,SR-26 & SR-41,Buena Vista,GA,10,3.299,32.318481,-84.517564
64819,CIRCLE K #4174,"I-285/SR-407, EXIT 53 & US-23/SR-42",Conley,GA,18,3.999,33.642273,-84.334334
64820,Mr Pips,US-84/SR-38,Donalsonville,GA,20,3.199,31.039691,-84.878424
64831,CIRCLE K #2745072,US-341,Lumber City,GA,195,3.529,31.933052,-82.683197
64833,QWICKSERV,US-319 BUS & SR-133/SR-35/SR-33,Moultrie,GA,20,3.599,31.179430,-83.790786
64834,SUSIE Q #90,US-319 & SR-33,Moultrie,GA,10,3.799,31.179430,-83.790786
64840,BP,US-278/SR-6 & SR-101,Rockmart,GA,18,3.599,34.008306,-85.044978
64842,Circle K #2745128,US-301 & US-25,Statesboro,GA,195,3.199,32.437726,-81.775637
64843,A TO Z TRUCKSTOP,US-301/US-25/SR-73,Statesboro,GA,195,3.599,32.437726,-81.775637
64850,SHAKE RAG EXPRESS,US-1 & US-78,Wadley,GA,135,3.41566666,32.864790,-82.402802
64856,KUM & GO #1056,"I-35, EXIT 56",Bevington,IA,320,3.099,41.359945,-93.784239
64857,CHARITON FOOD SHOP,US-34,Chariton,IA,320,3.369,41.017447,-93.309629
64859,QUICK FUEL #2901,"I-35/I-80, EXIT 136",Des Moines,IA,320,3.13733333,41.572590,-93.610243
64860,BP TRUCK PLAZA,US-61/US-151,Dubuque,IA,335,3.489,42.498901,-90.707258
64862,218 FUEL EXPRESS,US-218 & US-18,Floyd,IA,433,3.489,43.128185,-92.739944
64863,FT MADISON FAST BREAK,US-61,Fort Madison,IA,345,3.399,40.621463,-91.346257
64868,MEDIAPOLIS FAST BREAK,US-61,Mediapolis,IA,345,3.349,41.007901,-91.163705
64871,STEWART ROAD FAST BREAK,CR-X61,Muscatine,IA,270,3.299,41.419058,-91.067946
64873,CUBBYS #2301,"I-29, EXIT 112",Onawa,IA,319,3.149,42.026476,-96.090917
64874,OSCEOLA TRAVEL PLAZA,"I-25, EXIT 33 & US-34",Osceola,IA,320,3.31233333,41.034955,-93.786603
64875,CASEYS #2598,"SR-163, EXIT 42",Pella,IA,320,3.199,41.404715,-92.917412
64876,PILOT #238,"I-29, EXIT 10",Percival,IA,319,3.799,40.751269,-95.813266
64876,PILOT TRAVEL CENTER #238,"I-29, EXIT 10",Percival,IA,319,3.799,40.751269,-95.813266
64877,CASEYS #3900,"US-218, EXIT 80 & SR-22",Riverside,IA,380,3.17066666,41.483235,-91.572195
64880,CASEYS #2487,US-71/SR-9,Spirit Lake,IA,440,3.38233333,43.416659,-95.113071
64881,SPARKYS ONE STOP #16,US-71 & SR-3,Storm Lake,IA,527,3.23233333,42.642951,-95.196463
64883,KUM & GO #1046,"I-80, EXIT 46 & CR-M47",Walnut,IA,486,3.109,41.489453,-95.219669
64884,SAPP BROS TRAVEL CENTER,US-61 & SR-78,Sioux City,IA,527,3.649,42.495380,-96.389495
64886,WEVER JUNCTION,US-61 & CR-X50,Wever,IA,345,3.399,40.705655,-91.228102
64887,COUNCIL FOOD AND FUEL,US-95,Council,ID,785,3.589,44.733195,-116.436837
64888,NOMNOM #21,US-95 & SR-13,Grangeville,ID,970,3.90733333,45.925826,-116.121916
64892,JACKSONS FOOD STORE #3,US-95,Wilder,ID,785,3.579,43.677492,-116.907579
64894,CIRCLE K #4701251,"I-55, EXIT 160B & SR-9",Bloomington,IL,280,3.399,40.475777,-88.969912
64894,CIRCLE K #4701251,"I-55, EXIT 160B & SR-9",Bloomington,IL,280,3.599,40.475777,-88.969912
64894,CIRCLE K #4701251,"I-55, EXIT 160B & SR-9",Bloomington,IL,280,3.499,40.475777,-88.969912
64902,DOWNS TRAVEL MART,"I-74, EXIT 142",Downs,IL,368,3.499,40.398775,-88.889199
64907,FREEDOM OIL #77,"I-74, EXIT 112 & SR-117",Goodfield,IL,368,3.659,40.630590,-89.258083
64913,Circle K #4701331,US-136 & US-67,Macomb,IL,345,3.499,40.470149,-90.683114
64914,Martinsville Food and Fuel,"I-70, EXIT 136",Martinsville,IL,510,3.489,39.338421,-87.880862
64920,KWIK STAR #1530,"I-88/SR-110, EXIT 76 & SR-251",Rochelle,IL,520,3.499,41.919149,-89.063661
64928,SPEEDWAY #1432,"I-294, EXIT 22",Willow Springs,IL,293,3.859,41.734137,-87.884010
64929,KARTAR TRUCK STOP,"I-74, EXIT 32 & SR-17",Woodhull,IL,270,3.599,41.178433,-90.322179
64930,THORNDALE SHELL,"I-290, EXIT 5",Wood Dale,IL,290,3.459,41.966405,-87.980953
64933,MCCLURE OIL #66,US-33/US-27,Decatur,IN,370,3.699,40.828854,-84.927813
64938,FAMILY EXPRESS #41 (DISCOUNT AVAILABLE),US-52,Lafayette,IN,375,3.43233333,40.399410,-86.862806
64939,FAMILY EXPRESS #27 (DISCOUNT AVAILABLE),US-421,Medaryville,IN,365,3.649,41.080356,-86.890549
64946,MORNING STAR AUTO TRUCK PLAZA,"I-69, EXIT 334 & US-6",Waterloo,IN,370,3.699,41.437398,-85.051661
64949,PETES #36,US- 54 & US-169,Iola,KS,400,3.20566666,37.928176,-95.400097
64950,CASEYS #2957,US-73 & US-36,Hiawatha,KS,400,3.15066666,39.851661,-95.537789
64952,AMPRIDE,US-160,Johnson,KS,525,3.399,37.570442,-101.744783
64961,SAC AND FOX TRUCK STOP,US-75,Powhattan,KS,553,2.984,39.761734,-95.634011
64963,FLINT HILLS ONE STOP,US-50,Strong City,KS,553,2.919,38.395431,-96.536666
64964,U PUMP IT,US-83 & US-56,Sublette,KS,525,3.679,37.482179,-100.846563
64969,ALLSTAR FOOD MART,SR-55,Campbellsville,KY,415,3.159,37.343920,-85.352238
64982,FAS MART #5260,SR-9 & US-68/US-62/SR-10,Maysville,KY,312,3.364,38.650015,-83.792961
64984,DOUBLE KWIK MARKET #1062,"I-75, EXIT 104",Nicholasville,KY,410,3.499,37.891636,-84.566024
64990,LAKE COUNTRY OUTDOORS,SR-127,Russell Springs,KY,410,3.199,37.050696,-85.080481
64994,E Z STOP,SR-555 & SR-9002,Willisburg,KY,410,3.379,37.810316,-85.119581
64996,AVONDALE TRUCK STOP,SR-90,Westwego,LA,725,3.449,29.905363,-90.143545
64998,CM BAYOU VISTA,US-90,Morgan City,LA,725,3.399,29.710332,-91.191542
64999,I 220 TRAVEL PLAZA,"I-270, EXIT 17A & US-80/US-79",Bossier City,LA,766,2.99233333,32.523674,-93.655426
65000,SILVERS TRAVEL CENTER,"I-10, EXIT 109",Breaux Bridge,LA,690,3.369,30.283099,-91.905919
65002,FOOD N FUN #11,US-90 & SR-92-1,Broussard,LA,600,3.30233333,30.137444,-91.955830
65005,USA TRAVEL CENTER,"I-20, EXIT 103/US-80",Calhoun,LA,719,3.21566666,32.515309,-92.353926
65006,GOLDMINE TRUCKSTOP,US-190,Eunice,LA,730,3.199,30.490429,-92.419064
65007,GOLDEN GROVE TRUCK PLAZA,SR-641 & SR-3125,Gramercy,LA,725,3.419,30.061999,-90.693926
65008,BIG WHEELS TRAVEL CENTER,"US-90, EXIT 204 & SR-316",Gray,LA,725,3.499,29.678003,-90.783138
65011,PLANTATION TRUCK PLAZA,SR-311 & SR-664,Houma,LA,725,3.11566666,29.578681,-90.708023
65017,Y NOT STOP MANSURA,SR-1,Mansura,LA,730,3.399,31.067324,-92.052825
65019,Hwy 31 Truck Stop,SR 31,Saint Martinville,LA,730,3.329,30.127002,-91.831118
65021,OPELOUSAS 190 TRUCK STOP,US-190,Opelousas,LA,600,2.87066666,30.524897,-92.081654
65022,CM RACELAND,SR-1,Raceland,LA,725,3.299,29.723489,-90.629751
65023,SHOP RITE #85,"I-10, EXIT 87 AT MILE 87",Rayne,LA,600,3.149,30.240513,-92.267335
65025,ELSIE AUTO AND TRUCK PLAZA,SR-1,Shreveport,LA,766,2.949,32.466879,-93.792193
65026,TA ST Rose #06480,US-61,Saint Rose,LA,725,3.22566666,29.963475,-90.307893
65027,STARKS TRUCK STOP,SR-12,Starks,LA,690,3.599,30.310462,-93.666698
65030,CASH MAGIC THIBODAUX,SR-1,Thibodaux,LA,725,3.399,29.794874,-90.814578
65033,PILOT TRAVEL CENTERS #457,"I-75, EXIT 135",Beaverdam,OH,411,3.33066666,40.832487,-83.973383
65036,WAVERLY TRUCKSTOP,"I-20, EXIT 157 & SR-577",Delhi,LA,719,2.964,32.452843,-91.489976
65037,CIRCLE K #2707783,"I-20, EXIT 114 & SR-617",West Monroe,LA,719,2.95733333,32.512341,-92.151068
65048,Irving,SR-2,Westminster,MA,34,3.749,42.554598,-71.905441
65059,ROYAL FARMS #111,"I-95, EXIT 57",Baltimore,MD,22,3.209,39.300032,-76.610476
65062,AC & T BIG POOL,"I-70, EXIT 12 & SR-56",Big Pool,MD,70,3.659,39.625094,-78.016168
65064,A C AND T SHARPSBURG PIKE,"I-70, EXIT 29A & SR-65",Hagerstown,MD,70,3.799,39.637986,-77.723252
65066,HURLOCK CITGO,SR-392 & SR-331,Hurlock,MD,194,3.259,38.625714,-75.867185
65069,CIRCLE K #4707056,"I-95, EXIT 75",Auburn,ME,170,3.899,44.084537,-70.249649
65074,CIRCLE K #4707004,"I-95, EXIT 244 & SR-157",Medway,ME,170,3.50233333,45.642403,-68.478671
65075,CIRCLE K #4707017,"I-95, EXIT 48",Portland,ME,170,3.74233333,43.633157,-70.185305
65083,SUNOCO,"I-75, EXIT 34B",Riverview,MI,325,3.639,42.173456,-83.198380
65084,BEACON & BRIDGE #19,US-131 & SR-115,Cadillac,MI,260,3.259,44.245940,-85.431125
65084,BEACON & BRIDGE #19,US-131 & SR-115,Cadillac,MI,260,3.239,44.245940,-85.431125
65084,BEACON & BRIDGE #19,US-131 & SR-115,Cadillac,MI,260,3.279,44.245940,-85.431125
65086,FRED MOORE BP,"I-94, EXIT 257",Casco,MI,325,4.099,42.459559,-86.198229
65088,Circle K #2746528,US-41/SR-28 & SR-95,Champion,MI,360,3.819,46.633833,-87.839560
65091,WYOMING FUEL PLAZA,"I-94, EXIT 210A",Dearborn,MI,325,3.599,42.313057,-83.211488
65092,BP,"I-94 & US-12, EXIT 210",Dearborn,MI,325,3.579,42.313057,-83.211488
65092,BP,"I-94 & US-12, EXIT 210",Dearborn,MI,325,3.759,42.313057,-83.211488
65092,BP,"I-94 & US-12, EXIT 210",Dearborn,MI,325,4.099,42.313057,-83.211488
65092,BP,"I-94 & US-12, EXIT 210",Dearborn,MI,325,3.199,42.313057,-83.211488
65094,MARATHON,"I-75 & SR-32, EXIT 282",Gaylord,MI,287,3.829,45.018978,-84.680907
65094,MARATHON,"I-75 & SR-32, EXIT 282",Gaylord,MI,287,3.799,45.018978,-84.680907
65108,PICKLEMANS ONE STOP-ZEPHYR,ST 28,Newberry,MI,360,3.699,46.353821,-85.509804
65113,NORTHWIND TRAVEL CENTER,"US-131, EXIT 153 & US-10",Reed City,MI,456,3.599,43.872754,-85.507006
65113,NORTHWIND TRAVEL CENTER,"US-131, EXIT 153 & US-10",Reed City,MI,456,3.499,43.872754,-85.507006
65121,BP TRAVEL CENTER AND TRUCK PLAZA,"I-275, EXIT 20",Belleville,MI,325,4.199,42.201917,-83.482812
65127,PITSTOP MOBIL MART,"I-196, EXIT 72",Wyoming,MI,456,3.799,42.890317,-85.706733
65127,PITSTOP MOBIL MART,"I-196, EXIT 72",Wyoming,MI,456,3.549,42.890317,-85.706733
65129,HOLIDAY STATIONSTORE #2746345,"I-94, EXIT 103/US-52 & SR-29",Alexandria,MN,250,3.499,45.877178,-95.376965
65132,PETES PLACE SOUTH,US-71 & US-2,Bemidji,MN,355,3.41566666,47.487034,-94.882690
65135,CIRCLE K #3819,SR-7,Clara City,MN,432,3.33233333,44.957438,-95.367668
65136,HOLIDAY STATIONSTORE #2746422,"I-35, EXIT 253B",Duluth,MN,334,3.499,46.774458,-92.134135
65141,KWIK TRIP #619,US-14 & ST-57,Kasson,MN,515,3.549,44.033174,-92.748578
65142,HOLIDAY STATIONSTORE #2746376,"I-35W, EXIT 36 & CR-23",Circle Pines,MN,448,3.549,45.143748,-93.147517
65153,7Fleet #46516,"I-75, EXIT 164",Waite Park,MN,250,3.459,45.520868,-94.242983
65162,Petro Mart #15,I-270 EXIT 33,Saint Louis,MO,540,2.904,38.635699,-90.244582
65165,AMERIMART # 11,US-61,Jackson,MO,275,3.299,37.379922,-89.654073
65171,SIGNAL FOOD STORE #110,US-60 & SR-5,Mansfield,MO,535,3.02566666,37.109843,-92.580955
65177,KUM & GO #0497,US-60/SR-413 & CR-M,Republic,MO,535,3.079,37.168552,-93.413059
65180,TREX MART #11,"I-29, EXIT 65 & US-59",Savannah,MO,400,2.999,39.938789,-94.828049
65188,GAS MART,"US-78, EXIT 14 & SR-309",Byhalia,MS,435,2.97233333,34.869188,-89.689993
65192,CIRCLE K #2723396,US-49,Collins,MS,620,3.879,31.648272,-89.567581
65194,CIRCLE K #2723401,US-98 BYP/SR-44 & SR-13,Columbia,MS,620,3.33233333,31.258593,-89.818669
65197,SINGH PETRO,US-11,Ellisville,MS,620,3.059,31.597277,-89.210269
65198,CIRCLE K #2723437,US-49,Florence,MS,760,2.89566666,32.155615,-90.122454
65204,SHELL GAS MART,US-82,Mathiston,MS,576,3.36566666,33.538877,-89.125890
65212,Taters #2,US-98 & SR-29,New Augusta,MS,620,3.31566666,31.203377,-89.029338
65213,CIRCLE K #2723390,US-98,New Augusta,MS,620,3.199,31.203377,-89.029338
65214,NEWTON CROSSING,"I-20, EXIT 109 & SR-15",Newton,MS,705,3.249,32.330112,-89.147528
65216,STUCKEYS EXPRESS,US-43S,Pelahatchie,MS,760,3.199,32.320903,-89.807951
65221,CEFCO #544,"I-55/US-51, EXIT 81",Terry,MS,760,2.899,32.106057,-90.292595
65223,SHELL EXPRESS MART,SR-7 & SR-315,Water Valley,MS,435,3.06566666,34.161990,-89.630120
65225,CIRCLE K #2723402,US-49,Wiggins,MS,620,3.509,30.856048,-89.138981
65234,COUNTRY MART,US-13/SR-11,Bethel,NC,205,3.00733333,35.807223,-77.376250
65241,CIRCLE K #2723474,US-70,Goldsboro,NC,205,3.54066666,35.378226,-77.971869
65246,DOBBS PLACE,"I-95, EXIT 17",Lumberton,NC,245,3.159,34.630608,-79.018601
65250,CIRCLE K #2723473,US-70,Morehead City,NC,245,3.649,34.727891,-76.739088
65251,SPEEDWAY #8277,US-17 & SR-43,New Bern,NC,245,3.26566666,35.092713,-77.071774
65252,SPEEDWAY #6964,SR-125 & SR-11/SR-42,Oak City,NC,205,3.19733333,35.962519,-77.305093
65267,CIRCLE K #2720939,"I-795/US-264, EXIT 43A & US-301",Wilson,NC,205,3.049,35.731488,-77.930750
65270,INTERSTATE CENEX,"I-94, EXIT 1 & SR-16",Beach,ND,273,3.499,46.918747,-104.005446
65273,SIMONSON TRAVEL CENTER,"I-29, EXIT 141 & US-2",Grand Forks,ND,341,3.539,47.919595,-97.087328
65274,CENEX C STORE,US-2 & SR-3,Rugby,ND,452,3.399,48.365422,-99.990223
65282,HEBRON SINCLAIR,US-81,Hebron,NE,413,3.284,40.168769,-97.585984
65283,CUBBYS #2107,US-20/SR-15,Laurel,NE,470,3.139,42.428614,-97.096363
65284,Caseys #4526,"I-80, EXIT 237",Lexington,NE,330,3.05733333,40.777453,-99.746755
65287,AM ENERGY,"I-80, EXIT 248",Overton,NE,330,2.899,40.740570,-99.537410
65289,SHOEMAKERS SOUTH,US-77,Roca,NE,413,3.349,40.658469,-96.661397
65290,ESSENTIAL FUEL #3,ST 71,Scottsbluff,NE,475,3.599,41.868088,-103.662035
65292,CUBBYS #117,SR-2 & SR-50,Syracuse,NE,319,3.319,40.663504,-96.182733
65293,TRAILS WEST SINCLAIR,US-34 & SR-25,Trenton,NE,475,3.499,40.174733,-101.013573
65294,PRIME STOP,ST 35                         ,Wayne,NE,470,3.244,42.237481,-97.008862
65296,CIRCLE K #4707214,"I-93, EXIT 12S & I-89 & SR-3A",Bow,NH,170,4.199,43.133177,-71.537242
65299,EPPING FUELING CENTER,SR-27 & SR-125,Epping,NH,125,4.029,43.034896,-71.098414
65308,SUNOCO,SR-17,East Rutherford,NJ,115,3.19233333,40.817097,-74.085024
65310,Edison Fuel Stop,US-1,Edison,NJ,115,3.159,40.504396,-74.348843
65314,Union 76,"I-55, EXIT 50A",Richwood,NJ,150,3.399,39.716021,-75.172451
65315,SUNOCO- RICHARD STOCKTON PLAZA #7009,NJ TURNPIKE MILE POST 58.7 ,Trenton,NJ,115,3.899,40.223841,-74.763624
65319,PHILLIPS 66,US-30,Clementon,NJ,150,3.199,39.802681,-74.983763
65320,PILOT #891,"I-80, EXIT 27B",Ledgewood,NJ,105,4.099,40.883268,-74.668029
65328,THIND TRAVEL PLAZA,SR-20,North Bergen,NJ,115,3.259,40.793644,-74.025027
65329,UTE MOUNTAIN TRAVEL CENTER,US-160 & US-491,Towaoc,CO,810,3.45733333,37.212599,-108.726461
65332,BETTY ROSS TRUCK STOP /BP,US-130 & SR-73,Pennsauken,NJ,150,3.329,39.968368,-75.057851
65334,SUNOCO,US 22 WEST,Phillipsburg,NJ,115,3.329,40.691974,-75.179006
65335,CONOCO,US-22,Phillipsburg,NJ,90,3.359,40.691974,-75.179006
65338,SWIFT FUEL STOP,"I-78, EXIT 13",Newark,NJ,115,3.879,40.724220,-74.172574
65339,US GAS & DIESEL,US-46,Ridgefield,NJ,115,3.229,40.832677,-74.014088
65343,ENRITE,"I-287, EXIT 4",South Plainfield,NJ,115,3.999,40.574413,-74.414800
65345,SOUTH BRUNSWICK VALERO,US-130,North Brunswick,NJ,115,3.16566666,40.450392,-74.479416
65350,Phillips 66,"I-295, EXIT 1",Vineland,NJ,150,3.359,39.465007,-74.997115
65351,RIGGINS TRUCK PLAZA,"I-55, EXIT 26",Vineland,NJ,150,3.269,39.465007,-74.997115
65353,SUNOCO- GROVER CLEVELAND TRAVEL PLAZA #7014,"NORTH NJ TNPK, EXIT 11",Woodbridge,NJ,115,3.899,40.552857,-74.286939
65359,ROAD RUNNER TRAVEL CENTER,"I-25, EXIT 156",Lemitar,NM,580,3.299,34.155034,-106.912241
65360,Roswell #60,US-285,Roswell,NM,593,3.36566666,33.373442,-104.529393
65361,BLACK MESA TRAVEL CENTER,"I-25, EXIT 252",Algodones,NM,580,3.269,35.370711,-106.488878
65365,CHEVRON #381125,US-95,Hawthorne,NV,966,4.079,38.525267,-118.626031
65373,CHAMPLAIN PETERBILT FUEL MART,"I-87, EXIT 43",Champlain,NY,39,3.799,44.988281,-73.432429
65383,M AND M ALLEGANY JUNCTION,"I-86/SR-17, EXIT 23 & US-219/US-219 BUS",Limestone,NY,38,3.129,42.017267,-78.631327
65386,MIRABITO #73,"I-88, EXIT 12",Otego,NY,12,3.999,42.392799,-75.180071
65387,MAPLEFIELDS,SR-22 & SR-442,Peru,NY,235,3.799,44.579326,-73.533292
65392,CIRCLE K #4707622,"I-90, EXIT 41",Seneca Falls,NY,220,3.999,42.911607,-76.797058
65395,BELLSTORES #132,US-30 & SR-60,Ashland,OH,249,3.499,40.867068,-82.315152
65400,NORTHSIDE FUEL STOP,US-30 & SR-19,Bucyrus,OH,411,3.50733333,40.805119,-82.971632
65406,MOBIL,"I-90/SR-2, EXIT 182B",Cleveland,OH,305,3.76566666,41.478462,-81.679435
65411,CLARKS PUMP N SHOP #10,SR- 32,Jackson,OH,315,3.699,39.044460,-82.644658
65415,SPEEDWAY #9314,US-20 & SR-21,Massillon,OH,249,3.48233333,40.784483,-81.525216
65423,BARNEYS CONVENIENCE MART #15,"I-75, EXIT 195 & I-90, EXIT 64 & SR-795",Rossford,OH,550,3.599,41.577572,-83.572178
65426,CIRCLE K #4705357,US-23 & SR-316,Ashville,OH,315,3.089,39.725092,-82.955291
65431,QUICK MART AND MORE,US-22 & SR-43,Steubenville,OH,573,3.639,40.366310,-80.657061
65441,HUTCH'S #103,SR-6 & SR-66,Elk City,OK,483,2.969,35.389612,-99.428749
65444,TXB #24 dba Kwik Chek Food Stores,US-70,Hugo,OK,253,2.969,34.011584,-95.512179
65445,QWIK CHEQUE,US-70 & SR-37,Idabel,OK,253,3.199,33.907406,-94.822174
65451,Petes #15,US-169 & SR-88,Oologah,OK,560,3.159,36.443778,-95.708911
65457,THACKERSVILLE TRAVEL PLAZA,"I-35, EXIT 1",Thackerville,OK,253,2.93233333,33.787526,-97.139182
65490,PILOT TRAVEL CENTER #422,"I-85, EXIT 41 & US-29",Newnan,GA,18,3.699,33.375833,-84.777324
65490,PILOT TRAVEL CENTERS #422,"I-85, EXIT 41 & US-29",Newnan,GA,18,3.699,33.375833,-84.777324
65494,FLYING J TRAVEL PLAZA #633,"I-20, EXIT 138",Union Point,GA,135,3.859,33.618816,-83.075036
65513,GETGO #3602,"I-76, EXIT 146 & I-99, EXIT 1 & US-220",Bedford,PA,14,4.09233333,40.015115,-78.503017
65514,ONVO TRAVEL PLAZA,"I-78, EXIT 13 & SR- 501",Bethel,PA,70,3.34733333,40.476483,-76.287970
65518,KWIK FILL #239,ST 51,Crescent,PA,165,3.799,40.555653,-80.228561
65521,RUTTERS #17,US-15 & SR-234,East Berlin,PA,70,4.294,39.936829,-76.979459
65522,TURKEY HILL #950324,US-322 & SR-23/SR-897,East Earl,PA,208,3.78566666,40.110171,-76.025953
65523,SAC SHOP #512,US-30,Everett,PA,14,4.099,40.010867,-78.355903
65524,SAC SHOP #514,I-76/I-70 & US-30,Everett,PA,14,4.099,40.010867,-78.355903
65525,SHELL,"I-95, EXIT 46A & US-1",Fairless Hills,PA,160,3.899,40.177667,-74.850960
65527,SUNOCO SERVICE STATION,"I-81, EXIT 5",Greencastle,PA,70,3.899,39.790670,-77.726674
65530,7-ELEVEN #40284,"I-76, EXIT 19/247",Hershey,PA,70,3.96733333,40.280010,-76.644328
65532,PILOT TRAVEL CENTERS #1,"I-80,  EXIT 173",Mill Hall,PA,14,4.01566666,41.105235,-77.488485
65533,LIBERTY EXXON,US-15 & SR-414,Liberty,PA,138,3.699,41.558497,-77.105520
65538,WELMART,"SR-28, EXIT 16",Natrona Heights,PA,165,4.19233333,40.623705,-79.726152
65549,T&C MINI MART,SR-33 & SR-191,Stockertown,PA,90,3.699,40.754917,-75.262935
65556,RUTTERS #60,US-30 & SR-116,York,PA,70,4.249,39.964798,-76.731840
65572,CIRCLE K #2705377,"I-20, EXIT 22 & US-1",Aiken,SC,135,3.129,33.531594,-81.725073
65573,SPEEDWAY/7fleet #4587,US-501,Aynor,SC,205,3.124,34.000230,-79.207117
65578,CIRCLE K #2723355,US-52,North Charleston,SC,42,3.399,32.917881,-80.065000
65587,HOT SPOT #2022,US-25/US-76,Honea Path,SC,30,2.909,34.447619,-82.394957
65588,SPEEDWAY #2836,US-17,Johns Island,SC,42,3.069,32.740290,-80.034125
65593,CIRCLE K #2723441,"I-82, EXIT 73 & SR-773",Prosperity,SC,210,3.11566666,34.213372,-81.528386
65594,PILOT #4567,I-77 EXIT 77,Rock Hill,SC,46,3.149,34.938216,-81.019177
65598,LEES QUICK STOP,US-52 & SR-45,Saint Stephen,SC,42,3.41566666,33.402629,-79.925194
65603,JET TRUCK PLAZA,"I-29, EXIT 47",Beresford,SD,530,3.159,43.079646,-96.780224
65604,SHELL,"I-29, EXIT 132",Huron,SD,455,3.359,44.362341,-98.209571
65608,ZIP TRIP #81,"I-29, EXIT 62 & US-18",Lennox,SD,530,3.204,43.349369,-96.894066
65614,281 TRAVEL CENTER,US-281,Wolsey,SD,571,3.089,44.410763,-98.473892
65622,QUICK STOP #34,US-11/SR-1,Bristol,TN,405,3.299,36.558549,-82.217001
65624,Sudden Service #61,SR-149 & SR-46,Cumberland City,TN,460,3.564,36.379739,-87.639869
65625,Chevron,US-64,Fayetteville,TN,460,3.754,35.150178,-86.562298
65629,CASEYS GOODSTOP #4036,"I-40, EXIT 355",Kingston,TN,405,3.164,35.872669,-84.504486
65639,SPEEDWAY #7138,"I-24, EXIT 70 & SR-102",Smyrna,TN,460,3.049,35.969019,-86.528617
65641,ALLSUPS CONVENIENCE STORE #2331,I-20 & FM 600,Abilene,TX,575,2.87566666,32.454514,-99.738147
65652,CIRCLE K #2706343,"I-20, EXIT 428",Fort Worth,TX,630,2.969,32.781954,-97.348573
65659,ALLSUPS CONVENIENCE STORE #2169,US-287,Chillicothe,TX,770,2.89566666,34.255741,-99.514142
65666,FUEL CITY #2,"I-30, EXIT 45B/I-35E",Dallas,TX,630,2.96566666,32.793333,-96.766513
65667,ALLSUPS CONVENIENCE STORE #2103,US-287/US-81,Decatur,TX,630,2.899,33.225912,-97.586980
65671,SUPER STOP #22,SR-87 & SR-12,Orange,TX,610,3.439,30.123528,-93.754548
65673,PILOT #894,US-57 & US-277,Eagle Pass,TX,693,3.899,28.701071,-100.476229
65674,VALLEY MART #09,US-277,Eagle Pass,TX,740,3.199,28.701071,-100.476229
65678,ONE9 #1300,US-287 & SR-34,Ennis,TX,630,2.869,32.325067,-96.633799
65683,ALLSUPS CONVENIENCE STORE #2225,US-60,Friona,TX,585,2.999,34.639434,-102.723118
65686,CEFCO #2004,"I-35 , EXIT 499",Vernon,TX,770,2.86066666,34.147664,-99.300427
65690,CIRCLE G TRUCK STOP,US-183 & SR-97,Gonzales,TX,595,2.799,29.512549,-97.447205
65691,CIRCLE K #2704037,US-90/SR-97 & US-183,Gonzales,TX,595,2.904,29.512549,-97.447205
65721,Paradise RV & Truck Park,US-287/US-81,Alvord,TX,770,2.81566666,33.357052,-97.696224
65724,STRIPES 7FLEET #42427,US-385 & SR-191,Odessa,TX,710,3.289,31.880461,-102.345314
65728,RIVER MART,US-281/SR-241,Pharr,TX,639,3.349,26.163436,-98.193890
65738,CIRCLE K #2741499,SR-35 & FM-1069,Rockport,TX,625,2.80566666,28.047649,-97.049971
65755,CIRCLE K #2723373,US-11 & SR-622,Atkins,VA,185,3.349,36.866981,-81.398577
65761,NEW DIXIE MART #15,US-58 & SR-671,Franklin,VA,180,3.099,36.684014,-76.941396
65762,7-ELEVEN #34516,"I-66, EXIT 6",Front Royal,VA,60,3.52566666,38.924952,-78.183426
65764,LEESBURG CITGO,US-15,Leesburg,VA,60,3.499,39.106396,-77.559195
65765,FOSTERS CONVENIENCE STORE,US-29 & SR-685,Rustburg,VA,185,3.599,37.272189,-79.100105
65767,STATELINE FOOD MART #69,US-23,Pound,VA,44,3.599,37.126086,-82.607340
65770,JOLLEY #136,"I-89, EXIT 21",Alburgh,VT,39,3.539,44.976728,-73.302570
65771,CITGO,"I-91, EXIT 3 & US-5",Brattleboro,VT,12,3.67233333,42.861623,-72.559216
65789,BEAR CREEK CITGO,US-45 & SR-76/SR-22,Bear Creek,WI,360,3.439,44.531318,-88.727536
65791,EDGAR TRAVEL CENTER,SR-29 & CR-H,Edgar,WI,395,3.559,44.922851,-89.962611
65793,KWIK TRIP #921,SR-13 & SR-21,Friendship,WI,420,3.274,43.971746,-89.820016
65794,BP,"I-43, EXIT 180",Green Bay,WI,360,3.349,44.521542,-87.986568
65796,ADDISON STATION,"I-41/US-41, EXIT 68 & CR-K",Hartford,WI,444,3.149,43.322467,-88.377737
65800,BP,US-45,Kewaskum,WI,444,3.219,43.518028,-88.231528
65805,HI WAY HOP BP,"I-42/US-41, EXIT 85 & SR-67",Lomira,WI,444,3.099,43.594248,-88.443216
65806,SHELL,US-41 & SR-67,Lomira,WI,444,3.389,43.594248,-88.443216
65809,KWIK TRIP #399,SR-21 & SR-80,Necedah,WI,395,3.249,44.022091,-90.075051
65810,HIGHWAY HARRY'S,I-90/I-94 EXIT 61 & SR-80,New Lisbon,WI,420,3.17233333,43.875292,-90.162379
65812,PLAINFIELD PLAZA,SR-73 & I-39,Plainfield,WI,395,3.29066666,44.217499,-89.496926
65813,KWIK TRIP #683,"I-39, EXIT 92 & US-51",Portage,WI,420,3.249,43.548951,-89.465866
65814,Kracheys BP Truck Stop,US-18 & SR-35,Prairie Du Chien,WI,420,3.574,43.041618,-91.135408
65817,TREGO TRAVEL CENTER,US-53 & CR-E,Trego,WI,545,3.58233333,45.905802,-91.831060
65818,KWIK TRIP #1048,"I-90, EXIT 12",West Salem,WI,515,3.31733333,43.898534,-91.087453
65820,KWIK TRIP #673,"I-90 & SR-19, EXIT 131",Windsor,WI,420,3.254,43.245704,-89.281518
65822,RSTORE #4499,US-45 & SR-29,Wittenberg,WI,395,3.15566666,44.826881,-89.166583
65824,CHANEYS SERVICE STATION,US-30 & SR-2,Chester,WV,165,3.799,40.612924,-80.562730
65828,PAR MAR FOOD STORE #52,US-50 & CR-50/16,West Union,WV,430,4.099,39.296785,-80.776020
65831,Hat Six Travel Center,"I-25/US-87, EXIT 182 & SR-253/SR-256",Evansville,WY,790,3.999,42.875985,-106.267750
65835,SOUTHSIDE TRAVEL CENTER,US-20/SR-789,Thermopolis,WY,790,3.799,43.647615,-108.214538
65836,PILOT TRAVEL CENTERS #434,"I-35W, EXIT 65",Fort Worth,TX,630,3.264,32.781954,-97.348573
65837,PILOT TRAVEL CENTERS #455,"I-71, EXIT 140",Marengo,OH,315,3.719,40.400820,-82.810994
65842,AM PM TRAVEL CENTER,US-1/SR-4,Blythe,GA,135,3.599,33.303066,-82.207357
65847,ROAD RANGER #132,"I-57, EXIT 240",Champaign,IL,280,3.509,40.114099,-88.274619
65847,ROAD RANGER #132,"I-57, EXIT 240",Champaign,IL,280,3.409,40.114099,-88.274619
65847,ROAD RANGER #132,"I-57, EXIT 240",Champaign,IL,280,3.549,40.114099,-88.274619
65847,ROAD RANGER #132,"I-57, EXIT 240",Champaign,IL,280,3.449,40.114099,-88.274619
65848,Mobil,I-475,Flint,MI,342,3.199,43.024420,-83.691971
65849,PS FOOD MART #1034,"I-94, EXIT 110 & US-27",Marshall,MI,431,3.459,42.265201,-84.974241
65849,PS FOOD MART #1034,"I-94, EXIT 110 & US-27",Marshall,MI,431,3.499,42.265201,-84.974241
65849,PS FOOD MART #1034,"I-94, EXIT 110 & US-27",Marshall,MI,431,3.429,42.265201,-84.974241
65849,PS FOOD MART #1034,"I-94, EXIT 110 & US-27",Marshall,MI,431,3.549,42.265201,-84.974241
65857,PILOT TRAVEL CENTERS #199,"I-20, EXIT 33",Haughton,LA,745,3.14566666,32.527609,-93.504172
65858,SPEEDWAY #6661,"I-94, EXIT 40  & US-20 & US-35",La Porte,IN,465,3.599,41.610876,-86.714837
65859,SPEEDWAY #6662,US-20 & SR-15,Bristol,IN,465,3.549,41.712215,-85.830898
65860,LOVES TRAVEL STOPS #283,"E I-30 & FM 549, EXIT 70",Rockwall,TX,630,3.049,32.918056,-96.438050
65860,LOVES TRAVEL STOP #283,"E I-30 & FM 549, EXIT 70",Rockwall,TX,630,3.109,32.918056,-96.438050
65862,PILOT TRAVEL CENTERS #396,"I-81, EXIT 213",Staunton,VA,185,3.659,38.157978,-79.061876
65863,VALERO,SR-31,Clinton,NJ,115,3.359,40.636794,-74.915205
65866,FLYING J TRAVEL PLAZA #710,"I-81, EXIT 219",New Milford,PA,200,4.17566666,41.876143,-75.726561
65868,7-ELEVEN #36073,"I-77, EXIT 54 & US-21",Statesville,NC,46,2.879,35.783369,-80.871654
65873,PILOT TRAVEL CENTER #4619,"I-81 & I-77, EXIT 77",Wytheville,VA,185,3.55066666,36.953385,-81.088438
65880,MR FUEL DBA ONE9 #1245,"I-55, EXIT 52 & SR-16",Litchfield,IL,574,3.199,39.175963,-89.665482
65880,ONE9 MR FUEL #1245,"I-55, EXIT 52 & SR-16",Litchfield,IL,574,3.239,39.175963,-89.665482
65880,ONE9 MR FUEL #1245,"I-55, EXIT 52 & SR-16",Litchfield,IL,574,3.299,39.175963,-89.665482
65880,ONE9 MR FUEL #1245,"I-55, EXIT 52 & SR-16",Litchfield,IL,574,3.199,39.175963,-89.665482
65880,MR FUEL DBA ONE9 #1245,"I-55, EXIT 52 & SR-16",Litchfield,IL,574,3.299,39.175963,-89.665482
65883,FLYING J TRAVEL PLAZA #647,"I-64, EXIT 25 & US-41",Haubstadt,IN,340,3.959,38.203242,-87.574735
65885,LOVES TRAVEL STOP #299,"US-75, EXIT 48 & SR-455",Anna,TX,630,3.19733333,33.348167,-96.553452
65909,7-Eleven/7FLEET #40496,"I-81, EXIT 47 & SR-12",Watertown,NY,220,4.149,43.973292,-75.910039
65912,ATOKA FUEL,US-75/US-69/SR-3,Atoka,OK,569,3.179,34.386353,-96.131101
65914,CASEYS #2732,US-30 & US-284/SR-2,Grand Island,NE,330,3.149,40.921352,-98.358559
65915,Marathon,"I-94/US-52, EXIT 346 & CR-17",West Fargo,ND,341,3.029,46.856380,-96.904809
65917,CUMBERLAND CORNER MART,SR-90 & US-127,Albany,KY,410,3.574,36.690546,-85.135489
65919,QUICK FUEL #5001,US-78/SR-4,Memphis,TN,435,3.02566666,35.109164,-89.968511
65935,MAIN ST JUNCTION,SR-14 & SR-15,Louisville,MS,705,3.099,33.122934,-89.054879
65962,CIRCLE K #2705937,US-301/SR-35 & SR-50,Dade City,FL,225,3.33233333,28.352630,-82.194158
65969,PILOT  #1105,SR-29 & SR-182,Bunkie,LA,730,3.21233333,30.953661,-92.188111
65974,BEACON & BRIDGE #13,"US-127, EXIT 117",Ithaca,MI,342,3.649,43.291094,-84.595673
65978,KWIK TRIP #623,US-61,Minnesota City,MN,515,3.399,44.092347,-91.749679
65983,SPEEDWAY #6967,"US-17, EXIT 227 & SR-32",Edenton,NC,130,3.287,36.058565,-76.598979
66014,BIG D TRAVEL CENTER,SR-12 & SR-183,Irving,TX,630,2.95566666,32.857748,-96.970022
66015,LOVES TRAVEL STOP #298,"I-35, EXIT 39 & SR-44",Encinal,TX,693,3.589,28.040475,-99.354489
66016,FLYING J TRAVEL PLAZA #660,"I-64, EXIT 185 & SR-180",Catlettsburg,KY,255,3.76566666,38.417041,-82.603017
66017,FLYING J TRAVEL PLAZA #626,"I-95/SR-9, EXIT 305 & SR-206",Saint Augustine,FL,75,3.449,29.896152,-81.311128
66020,LOVES TRAVEL STOP #221,I-70 EXIT 160,Zanesville,OH,315,3.48233333,39.957027,-82.011954
66021,LOVES TRAVEL STOP #238,"I-65, EXIT 116 & SR-480",Shepherdsville,KY,415,3.599,37.981425,-85.702007
66022,PILOT TRAVEL CENTERS #459,"I-10, EXIT 133",Avondale,AZ,930,3.599,33.313236,-112.328928
66022,PILOT TRAVEL CENTER #459,"I-10, EXIT 133",Avondale,AZ,930,3.587,33.313236,-112.328928
66023,SAPP BROS TRAVEL CENTER,"I-29, EXIT 10 & SR-2",Percival,IA,486,3.789,40.751269,-95.813266
66024,LOVES TRAVEL STOPS #239,"I-81/US-11, EXIT 84 & SR-619",Max Meadows,VA,185,3.589,36.978941,-80.961796
66024,LOVES TRAVEL STOP #239,"I-81/US-11, EXIT 84 & SR-619",Max Meadows,VA,185,3.545,36.978941,-80.961796
66025,SPACE AGE TRAVEL CENTER,"I-84, EXIT 183 & SR-207",Hermiston,OR,935,3.33233333,45.832915,-119.284780
66026,FLYING J TRAVEL PLAZA #643,"I-70 & I-57, EXIT 160",Effingham,IL,510,3.349,39.120662,-88.550859
66026,FLYING J TRAVEL PLAZA #643,"I-70 & I-57, EXIT 160",Effingham,IL,510,3.299,39.120662,-88.550859
66026,FLYING J TRAVEL PLAZA #643,"I-70 & I-57, EXIT 160",Effingham,IL,510,3.499,39.120662,-88.550859
66029,Roady's Lucky Deuces,"I-10, EXIT 92 & SR-95",Duson,LA,600,3.03566666,30.238360,-92.189070
66030,Colfax Travel Center,"I-80, EXIT 159 & SR-117",Colfax,IA,320,3.149,41.679795,-93.236279
66031,WILCO FAST BREAK,US-61/US-24,Palmyra,MO,494,3.119,39.797910,-91.526558
66034,FAS MART #5134,"I-72, EXIT 144 S",Decatur,IL,280,3.459,39.855983,-88.933746
66034,FAS MART #5134,"I-72, EXIT 144 S",Decatur,IL,280,3.499,39.855983,-88.933746
66035,ROAD RANGER #136,"I-90, EXIT 147",Cottage Grove,WI,420,3.544,43.092222,-89.205337
66036,FLYING J TRAVEL PLAZA #602,"I-65, EXIT 264",Birmingham,AL,615,3.559,33.527174,-86.797036
66037,TA PRESCOTT TRAVEL CENTER,"I-30, EXIT 44",Prescott,AR,635,3.50233333,33.804320,-93.391207
66038,FLYING J TRAVEL PLAZA #1043,"I-15, EXIT 113",Idaho Falls,ID,825,3.799,43.489616,-112.035340
66038,FLYING J #1043,"I-15, EXIT 113",Idaho Falls,ID,825,3.699,43.489616,-112.035340
66039,LOVES TRAVEL STOP #237,"I-20, EXIT 171 & US-65",Tallulah,LA,760,3.259,32.406696,-91.191700
66040,LOVES TRAVEL STOP #272,"I-40 & DW (RANCH RD), EXIT 59",Kingman,AZ,910,3.85566666,35.216992,-114.010529
66041,PILOT TRAVEL CENTERS #195,"I-84, EXIT 104 & US-97",Wasco,OR,935,3.86566666,45.591657,-120.697464
66042,FLYING J TRAVEL PLAZA #707,"I-80, EXIT 78",Brookville,PA,14,4.034,41.161676,-79.082652
66043,LOVES TRAVEL STOP #216,US-67 & US-287,Midlothian,TX,630,3.231,32.468198,-96.990724
66043,LOVES TRAVEL STOPS #216,US-67 & US-287,Midlothian,TX,630,3.199,32.468198,-96.990724
66044,TA TAMPA TRAVEL CENTER,"I-4, EXIT 10",Seffner,FL,225,3.39566666,28.001639,-82.274077
66045,FLYING J TRAVEL PLAZA #698,"I-71, EXIT 69",Jeffersonville,OH,315,3.399,39.649616,-83.558138
66046,PETRO STOPPING CENTER #345,I-69 EXIT357,Fremont,IN,550,3.899,41.727622,-84.938855
66050,PILOT TRAVEL CENTERS #130,"I-77, EXIT 145",Richfield,OH,305,3.799,41.233132,-81.643941
66051,Caseys #4419,I-165 EXIT 5,Bowling Green,KY,460,3.02566666,36.976832,-86.433661
66054,LOVES TRAVEL STOP #220,"I-25/US-87, EXIT 7 & SR-212",Cheyenne,WY,795,3.709,41.128275,-104.799155
66055,WINDMILL BP,"US-20, EXIT 208 & SR-14",Holland,IA,320,3.599,42.400127,-92.798835
66056,PILOT TRAVEL CENTERS #114,"I-40, EXIT 320",Crossville,TN,405,3.24566666,35.951539,-85.030587
66057,ROAD RANGER #205,"I-90, EXIT 1",South Beloit,IL,290,3.469,42.484842,-89.027433
66059,TIME OUT TRAVEL CENTER,"I-40, EXIT 432-B",Newport,TN,405,2.96566666,35.961640,-83.197695
66061,FLYING J TRAVEL PLAZA #709,"I-80, EXIT 173",Mill Hall,PA,14,4.01566666,41.105235,-77.488485
66062,FLYING J TRAVEL PLAZA #716,"I-29, EXIT 83",Sioux Falls,SD,530,3.899,43.540696,-96.731962
66065,LOVES TRAVEL STOP #321,"SR 770 & I-75 , EXIT 29",Corbin,KY,410,3.599,36.931584,-84.100790
66070,TAURO,"SR-78, EXIT 3",Phillipsburg,NJ,90,3.34233333,40.691974,-75.179006
66072,GENES GO TRUCK STOP,"I-10/US-83, EXIT 456 & US-377",Junction,TX,740,3.289,30.490759,-99.773222
66073,EXXON,"I-24 & HUSBAND ROAD, EXIT 11",Paducah,KY,460,3.15733333,37.070892,-88.644477
66074,HEARTLAND XPRESS,US-67 & SR-M,Poplar Bluff,MO,275,3.199,36.763259,-90.413953
66075,CORNER MART #349,"I-26, EXIT 54 & SR-72",Clinton,SC,210,3.099,34.473887,-81.860899
66083,KANGAROO CROSSING,SR-35,Kosciusko,MS,705,3.199,33.058169,-89.589364
66090,ROAD RANGER #267,US-281,Pharr,TX,639,3.564,26.163436,-98.193890
66091,KEYSVILLE SAV U TIME,US-360,Keysville,VA,180,3.399,37.038989,-78.480437
66093,KWIK TRIP #414,"I-90, EXIT 209A & US-63/SR-30",Stewartville,MN,515,3.55733333,43.860791,-92.489986
66099,NEW JERSEY TRUCK STOP DIESEL ONLY,"I-95, EXIT 15E & US-9/US-1",Kearny,NJ,79,3.759,40.752332,-74.123093
66100,CIRCLE K #2723692,"I-26, EXIT 213",North Charleston,SC,42,3.399,32.917881,-80.065000
66103,TERRIBLE HERBST #243,I-95 & SR-164,Searchlight,NV,910,3.83233333,35.455431,-114.920426
66106,FLYING J TRAVEL PLAZA #509,"I-15, EXIT 112",Beaver,UT,910,3.689,38.275872,-112.638098
66109,QUARTERS TRAVEL PLAZA,"I-49, EXIT 23 & US-167 /SR-744",Opelousas,LA,730,3.184,30.524897,-92.081654
66110,LOVES TRAVEL STOP #479,"I-29, EXIT143",Sioux City,IA,527,3.64233333,42.495380,-96.389495
66111,CROSSROADS EXPRESS,US-36 & US-83,Oberlin,KS,475,3.089,39.823040,-100.530737
66113,7-ELEVEN #39467,"I-95, EXIT 16E",Jersey City,NJ,115,3.259,40.711417,-74.064760
66114,LOVES TRAVEL STOP #235,"I-29 & US-169, EXIT 44",Saint Joseph,MO,400,3.33233333,39.759460,-94.821143
66115,FLYING J TRAVEL PLAZA #697,"I-80, EXIT 234B",Hubbard,OH,573,3.459,41.158121,-80.564651
66116,ONVO TRAVEL PLAZA - HARFORD,"I-81, EXIT 217 & SR-547",Harford,PA,200,3.589,41.781996,-75.706221
66117,ONVO TRAVEL PLAZA PINE GROVE,"I-81, EXIT 32",Pine Grove,PA,70,3.539,40.553414,-76.386016
66119,FLYING J TRAVEL PLAZA #645,"I-270 & SR-11, EXIT 6",Granite City,IL,540,3.699,38.729283,-90.125472
66119,FLYING J TRAVEL PLAZA #645,"I-270 & SR-11, EXIT 6",Granite City,IL,540,3.659,38.729283,-90.125472
66119,FLYING J TRAVEL PLAZA #645,"I-270 & SR-11, EXIT 6",Granite City,IL,540,3.559,38.729283,-90.125472
66119,FLYING J TRAVEL PLAZA #645,"I-270 & SR-11, EXIT 6",Granite City,IL,540,3.579,38.729283,-90.125472
66119,FLYING J TRAVEL PLAZA #645,"I-270 & SR-11, EXIT 6",Granite City,IL,540,3.599,38.729283,-90.125472
66120,LOVES TRAVEL STOP #306,"I-40/SR-66, EXIT 412",Dandridge,TN,405,3.689,36.030124,-83.429831
66121,ROAD RANGER #226,"I-65, EXIT 99",Greenwood,IN,375,3.60066666,39.603372,-86.105227
66122,ROAD RANGER #139,"I-57, EXIT 212",Tuscola,IL,280,3.229,39.795912,-88.275483
66123,ROAD RANGER #225,"I-80, EXIT 56",Princeton,IL,290,3.289,41.380554,-89.464081
66123,ROAD RANGER #225,"I-80, EXIT 56",Princeton,IL,290,3.389,41.380554,-89.464081
66123,ROAD RANGER #225,"I-80, EXIT 56",Princeton,IL,290,3.449,41.380554,-89.464081
66125,LOVES TRAVEL STOP #249,"I-55, EXIT 109",Williamsville,IL,318,3.489,39.956112,-89.543628
66125,LOVES TRAVEL STOP #249,"I-55, EXIT 109",Williamsville,IL,318,3.389,39.956112,-89.543628
66125,LOVES TRAVEL STOP #249,"I-55, EXIT 109",Williamsville,IL,318,3.399,39.956112,-89.543628
66126,LOVES TRAVEL STOP #209,"I-20, EXIT 3 & US-80 & SR-169",Greenwood,LA,745,3.134,32.431470,-93.959889
66131,SPEEDWAY #3446,"I-95, EXIT 10 & SR-440",Edison,NJ,115,3.58566666,40.504396,-74.348843
66133,LOVES TRAVEL STOPS #228,"I-4, EXIT 44",Polk City,FL,225,3.389,28.180471,-81.830032
66133,LOVES TRAVEL STOP #228,"I-4, EXIT 44",Polk City,FL,225,3.461,28.180471,-81.830032
66134,CIRCLE K #2721591,"I-10, EXIT 10 & US-29/SR-95",Pensacola,FL,155,3.22233333,30.440989,-87.191242
66135,CIRCLE K #2721592,"I-10, EXIT 5 & US-90 ALT",Pensacola,FL,155,3.22233333,30.440989,-87.191242
66136,CHOCTAW TRAVEL PLAZA #638,US-270 & US-59 & US-112,Poteau,OK,645,3.299,35.066650,-94.610269
66137,CIRCLE K #2721594,"I-10, EXIT 263",Slidell,LA,725,3.17066666,30.288913,-89.782926
66138,LOVES TRAVEL STOP #307,"I-75, EXIT 201",Jackson,GA,18,3.38566666,33.292359,-83.967846
66139,LOVES TRAVEL STOPS #305,"I-81, EXIT 291 & SR-651",Toms Brook,VA,60,3.649,38.946542,-78.440046
66139,LOVES TRAVEL STOP #305,"I-81, EXIT 291 & SR-651",Toms Brook,VA,60,3.649,38.946542,-78.440046
66141,QUICK FUEL #5102,"SR-826, EXIT NW 58TH ST",Miami,FL,95,3.389,25.775163,-80.208615
66142,QUICK FUEL #5106,SR-589 & SR-580,Tampa,FL,225,3.49233333,27.970086,-82.479673
66149,QUICK FUEL #5105,"I-75, EXIT W BRANDON BLVD",Tampa,FL,225,3.50066666,27.970086,-82.479673
66152,Flying J Travel Plaza #656,"I-65, EXIT 95 & CR-500",Whiteland,IN,375,3.959,39.555138,-86.074352
66155,7-ELEVEN #36575,"I-35, EXIT 248",Pflugerville,TX,595,2.899,30.447765,-97.602116
66156,7-ELEVEN #36567,SR-6 & SR-21,Bryan,TX,670,3.144,30.666016,-96.381049
66172,Timewise Food Store #163,"I-35, EXIT 8",Laredo,TX,693,2.93566666,27.560379,-99.489181
66173,TIMEWISE FOOD STORE #160,"I-10, EXIT 661",Flatonia,TX,740,3.199,29.689710,-97.105205
66174,TIMEWISE FOOD STORE #162,"I-10, EXIT 456",Junction,TX,740,3.099,30.490759,-99.773222
66176,PILOT #6996,"I-40, EXIT 364",Warsaw,NC,245,3.47233333,34.999578,-78.092726
66177,PILOT #6978,"I-74/I-73/US-220, EXIT 44 & SR-211",Candor,NC,65,3.999,35.296389,-79.732521
66178,LOVES TRAVEL STOP #284,I-69C/US-281 & FM-2812,Edinburg,TX,639,3.11066666,26.318374,-98.153480
66179,LOVES TRAVEL STOP #246,I-80 EXIT 46,Fernley,NV,966,3.91566666,39.564770,-119.189433
66183,CHEVRON CURB STORE,SR-35 & SR-21,Forest,MS,705,3.569,32.359838,-89.475908
66184,HENRIETTA TRUCK STOP,"I-390, EXIT 12 & I-90, EXIT 46",Henrietta,NY,190,3.899,43.054316,-77.640078
66185,TIGERMART OF BUFFALO,"I-45, EXIT 178 & US-79",Buffalo,TX,670,3.599,31.458905,-96.066163
66186,STRIPES #40813,US-281 & SR-285,Falfurrias,TX,625,3.08733333,27.224410,-98.145191
66195,MOBIL,"I-495, EXIT 26 & SR-62",Berlin,MA,34,3.699,42.384929,-71.633889
66196,EXXON TIGER MART,"I-35, EXIT 386",Italy,TX,630,3.12233333,32.186464,-96.885789
66198,CIRCLE K #2703117,"I-20, EXIT 11",Graniteville,SC,135,3.159,33.564682,-81.809231
66221,ROAD RANGER #236,"I-43, EXIT 38",East Troy,WI,420,3.08233333,42.785184,-88.395573
66223,7-ELEVEN #36548,SR-83,Laredo,TX,693,2.999,27.560379,-99.489181
66224,ROAD RANGER #235,"I-90, EXIT 36",Hampshire,IL,290,3.369,42.116614,-88.505165
66225,ROAD RANGER #140,"I-39, EXIT 72",Mendota,IL,520,3.439,41.556655,-89.100507
66225,ROAD RANGER #140,"I-39, EXIT 72",Mendota,IL,520,3.299,41.556655,-89.100507
66225,ROAD RANGER #140,"I-39, EXIT 72",Mendota,IL,520,3.269,41.556655,-89.100507
66225,ROAD RANGER #140,"I-39, EXIT 72",Mendota,IL,520,3.339,41.556655,-89.100507
66227,Pilot Travel Centers #482,"I-57, EXIT 95",Mount Vernon,IL,574,3.399,38.314205,-88.917470
66227,Pilot Travel Center #482,"I-57, EXIT 95",Mount Vernon,IL,574,3.599,38.314205,-88.917470
66227,Pilot Travel Center #482,"I-57, EXIT 95",Mount Vernon,IL,574,3.459,38.314205,-88.917470
66227,Pilot Travel Center #482,"I-57, EXIT 95",Mount Vernon,IL,574,3.359,38.314205,-88.917470
66229,LOVES TRAVEL STOP #308,"I-40, EXIT 86 & SR-226",Marion,NC,210,3.739,35.676230,-82.000841
66230,PETRO COLBY TRUCKSTOP,"I-70, EXIT 53 & SR-25",Colby,KS,525,3.599,39.384348,-101.045090
66235,LOVES TRAVEL STOP #291,"I-75, EXIT 95 & SR-627",Richmond,KY,410,3.599,37.729145,-84.299364
66236,LOVES TRAVEL STOP #309,"I-80, EXIT 332 & SR-14",Aurora,NE,330,3.289,40.863867,-98.006966
66237,ROUTE 66 TRAVEL CENTER,"I-40, EXIT 140",Albuquerque,NM,580,3.359,35.104780,-106.646809
66238,BETTY BEAVERS TRUCKSTOP,"I- 90, EXIT 29",Canajoharie,NY,12,3.599,42.899080,-74.567869
66239,Hola,US-27/SR-80/SR-25,South Bay,FL,95,3.419,26.688379,-80.735526
66241,PUMP & PANTRY #29,US-30,Central City,NE,330,3.33733333,41.113043,-98.000335
66242,PUMP & PANTRY #23,"US-34, EXIT 4TH AVE",Holdrege,NE,330,3.449,40.439441,-99.377037
66243,CIRCLE K #4707000,SR-9,Baileyville,ME,170,3.899,45.182325,-67.441681
66244,STRIPES #40809,"I-37, EXIT 56",George West,TX,625,3.044,28.330000,-98.118304
66247,GULF OIL #5045,I-90 EXIT 83,Charlton,MA,34,3.909,42.133935,-71.968025
66248,CIRCLE K #4707046,"I-95, EXIT 6",Scarborough,ME,170,3.909,43.571203,-70.334170
66249,CIRCLE K #4707206,SR-125,Epping,NH,170,3.76733333,43.034896,-71.098414
66250,SPEEDWAY #6973,US-1,Wake Forest,NC,177,2.949,35.963685,-78.511740
66252,CIRCLE K #4707023,US-1A,Holden,ME,170,3.73233333,44.761837,-68.675967
66255,CIRCLE K #4707217,US-2 & SR-16,Gorham,NH,170,3.75066666,44.393485,-71.198635
66257,LOVES TRAVEL STOP #310,"I-80/US-30, EXIT 173",Wamsutter,WY,795,3.723,41.667977,-107.979142
66257,LOVES TRAVEL STOPS #310,"I-80/US-30, EXIT 173",Wamsutter,WY,795,3.759,41.667977,-107.979142
66258,CIRCLE K #4707208,"I-93, EXIT 23",New Hampton,NH,170,3.659,43.610629,-71.652754
66259,CEFCO #48,"I-35, EXIT 304",Temple,TX,765,2.96566666,31.104936,-97.388512
66261,CIRCLE K #2723123,"I-95, EXIT 71",Dunn,NC,205,3.14233333,35.311635,-78.612962
66263,One9 SPEEDWAY #6753,"I-78, EXIT 1",Fleetwood,PA,208,3.83233333,40.456503,-75.821579
66266,7-ELEVEN #40508,"I-80, EXIT 90",Elkhart,IN,465,3.999,41.692081,-85.962567
66267,TA DEMOTTE TRAVEL CENTER,"I-65, EXIT 230",Demotte,IN,365,3.44733333,41.199271,-87.195453
66272,MOOSETRACKS #752,"I-85, EXIT 113",High Point,NC,63,3.114,35.990803,-79.992713
66273,PETRO STOPPING CENTER,"I-59, EXIT 181 & US-77",Gadsden,AL,615,3.999,34.006597,-86.016078
66274,FLYING J TRAVEL PLAZA #692,"I-80, EXIT 352 & US-93",Wells,NV,835,3.709,41.113155,-114.953537
66278,PILOT TRAVEL CENTERS #394,"I-84, EXIT 6",Newburgh,NY,32,4.359,41.503249,-74.019640
66284,JOLLEY #150,"I-89, EXIT 19",Saint Albans,VT,39,3.539,44.811538,-73.084462
66286,CASEYS #4205,"I-40/75, EXIT 374",Knoxville,TN,405,3.099,35.970680,-83.949270
66290,ABBYLAND TRUCK STOP,"SR-29, EXIT 127",Curtiss,WI,395,3.46233333,44.952767,-90.439585
66292,LOVES TRAVEL STOP #311,"I-20, EXIT 9",Waco,GA,18,3.39066666,33.702175,-85.189755
66293,One9 #254,"I-24, EXIT 169",Wildwood,GA,285,3.099,34.966937,-85.421501
66294,FLYING J TRAVEL PLAZA #667,"I-69, EXIT 81SB / I-96, EXIT 9",Grand Ledge,MI,406,3.959,42.752927,-84.744901
66295,LOVES TRAVEL STOP #432,"I-94/I-41,  EXIT 322 & SR-100",Oak Creek,WI,444,3.867,42.878693,-87.898676
66295,LOVES TRAVEL STOPS #432,"I-94/I-41,  EXIT 322 & SR-100",Oak Creek,WI,444,3.879,42.878693,-87.898676
66299,XTRA MART #10093,SR-146,Millbury,MA,175,3.649,42.192246,-71.777649
66300,PILOT TRAVEL CENTERS #149,"I-40, EXIT 42 & SR-222",Stanton,TN,435,3.509,35.461332,-89.401373
66301,KWIK TRIP #743,US-10 & SR-114,Menasha,WI,582,3.50733333,44.212338,-88.427357
66303,KWIK TRIP #787,US-51 & CR-JJ,Schofield,WI,395,3.41566666,44.913348,-89.621478
66307,CM ST HELENA,SR-16,Amite,LA,600,3.399,30.732164,-90.515286
66310,FLYING J #620,"I-70, EXIT 49",Smithton,PA,165,4.109,40.153808,-79.741667
66313,LOVES TRAVEL STOP #313,"I-55, EXIT 58  & SR-80",Matthews,MO,275,3.27733333,36.756800,-89.567477
66314,PS FOOD MART #1042,"US-23, EXIT 17",Dundee,MI,325,3.429,41.966485,-83.669417
66314,PS FOOD MART #1042,"US-23, EXIT 17",Dundee,MI,325,3.499,41.966485,-83.669417
66314,PS FOOD MART #1042,"US-23, EXIT 17",Dundee,MI,325,3.459,41.966485,-83.669417
66314,PS FOOD MART #1042,"US-23, EXIT 17",Dundee,MI,325,3.599,41.966485,-83.669417
66315,SPEEDWAY #6748,"I-94, EXIT 34 & US-421",Michigan City,IN,465,3.68233333,41.708776,-86.866875
66316,CASEYS #4204,SR-168,Knoxville,TN,405,3.259,35.970680,-83.949270
66317,LOVES TRAVEL STOP #314,I-24 EXIT 89,Christiana,TN,460,3.46233333,35.719269,-86.412922
66318,ROAD RANGER #242,"I-44, EXIT 163",Saint Robert,MO,540,3.264,37.825332,-92.151981
66319,ROAD RANGER #211,I-90 & RIVERSIDE BLVD,Loves Park,IL,520,3.469,42.337843,-88.998649
66320,SPEEDWAY #8772,"I-69, EXIT 168 & SR-53",Imlay City,MI,342,3.779,43.017052,-83.077098
66322,LOVES TRAVEL STOP #318,"I-57, EXIT 83 & CR-42",Ina,IL,574,3.489,38.149892,-88.904019
66322,LOVES TRAVEL STOP #318,"I-57, EXIT 83 & CR-42",Ina,IL,574,3.589,38.149892,-88.904019
66322,LOVES TRAVEL STOP #318,"I-57, EXIT 83 & CR-42",Ina,IL,574,3.389,38.149892,-88.904019
66328,LOVES TRAVEL STOP #320,"I-16/SR-404, EXIT 49 & SR-257",Dublin,GA,85,3.33233333,32.535471,-82.928807
66329,CIRCLE K #2723438,"I-85, EXIT 96",Gaffney,SC,210,3.199,35.073558,-81.661532
66332,PWI #172,"I-45, EXIT 258",Palmer,TX,630,2.77566666,26.070721,-97.634776
66334,Hucks Travel Center #052,"I-24/I-69, EXIT 40 & US-641/US-62/SR-93",Kuttawa,KY,490,3.699,37.060467,-88.114389
66337,ZIP TRIP #60,"I-25, EXIT 299 & US-16/SR-196",Buffalo,WY,836,3.58066666,44.338545,-106.715344
66338,SHELL,"I-30, EXIT 160 & US-271/SR-49 & US-67",Mount Pleasant,TX,723,3.899,33.158236,-94.974468
66339,PILOT DEALER #873,US-27,Miami,FL,176,3.699,25.775163,-80.208615
66339,PILOT TRAVEL CENTERS #873,US-27,Miami,FL,176,3.699,25.775163,-80.208615
66341,7-ELEVEN #218,"I-44, EXIT 4",Harrold,TX,770,2.68733333,34.067570,-99.033091
66342,ONE9 #398,"I-75, EXIT 109",Vienna,GA,10,3.109,32.092747,-83.786839
66346,PILOT TRAVEL CENTERS #247,"I-74, EXIT 39 & SR-32",Crawfordsville,IN,375,3.899,40.041092,-86.897682
66346,PILOT TRAVEL CENTER #247,"I-74, EXIT 39 & SR-32",Crawfordsville,IN,375,3.899,40.041092,-86.897682
66348,PIT STOP,I-40 EXIT 221,Wheatley,AR,695,2.999,34.921186,-91.106255
66349,CIRCLE K #2741796,"I-40, EXIT 5",Little Rock,AR,695,3.36566666,34.725393,-92.358556
66352,KWIK TRIP #871,"US-41, EXIT 124 & SR-76",Oshkosh,WI,582,3.29066666,44.023168,-88.562260
66353,MOTOMART #3361,"I-55, EXIT 129",Perryville,MO,540,2.989,37.726330,-89.876493
66355,CIRCLE K #2723439,"I-26, EXIT 5",Campobello,SC,30,3.13233333,35.125765,-82.149330
66357,LOVES TRAVEL STOP #351,"I-80 & E 8TH RD, EXIT 81",Utica,IL,290,3.289,41.345599,-88.986337
66357,LOVES TRAVEL STOP #351,"I-80 & E 8TH RD, EXIT 81",Utica,IL,290,3.449,41.345599,-88.986337
66357,LOVES TRAVEL STOP #351,"I-80 & E 8TH RD, EXIT 81",Utica,IL,290,3.589,41.345599,-88.986337
66357,LOVES TRAVEL STOP #351,"I-80 & E 8TH RD, EXIT 81",Utica,IL,290,3.389,41.345599,-88.986337
66361,SHADY NOOK,US-61/US-49,Lyon,MS,655,3.999,34.216925,-90.543195
66362,TA FLORENCE TRAVEL CENTER,"I-95, EXIT 164 & US-52",Florence,SC,46,3.32566666,34.178923,-79.792217
66363,LOVES TRAVEL STOP #178,"US-35/KS TPKE, MM 26",Belle Plaine,KS,570,3.329,37.393428,-97.279548
66364,SHELL,"I-4, EXIT 64",Plant City,FL,225,3.44733333,28.015355,-82.117805
66365,LIBERTY,US-202,Ringoes,NJ,230,3.399,40.430883,-74.871795
66368,PETRO STOPPING CENTER #371,"I-90, EXIT 41",Waterloo,NY,190,4.19566666,42.904586,-76.859023
66369,LOVES TRAVEL STOP #319,"I-74, EXIT 61",Pittsboro,IN,375,3.889,39.871141,-86.465499
66370,SPEEDWAY #6979,US-301,Wilson,NC,177,3.129,35.731488,-77.930750
66371,RAPIDES STATION TRUCK STOP,"I-49, EXIT 94",Boyce,LA,730,3.099,31.389895,-92.670374
66372,CEFCO #54,"I-35, EXIT 292",Belton,TX,765,2.95233333,31.052345,-97.479542
66374,BROOKSHIRE BROS #6111,US-259,Nacogdoches,TX,618,3.369,31.612364,-94.652046
66376,SUBS AND GRUBS,"I-63, EXIT 39",Jonesboro,AR,435,3.389,35.819755,-90.679033
66377,QUIKTRIP #873,"I-35W, EXIT 42",Fort Worth,TX,630,2.97566666,32.781954,-97.348573
66382,STATELINE CONOCO,"I-35, EXIT 114",Eagleville,MO,320,3.549,40.468725,-93.985963
66383,TENAHA EXPRESS MART,US-96 & US-84,Tenaha,TX,618,3.299,31.943709,-94.245706
66385,TA EXPRESS MINDEN,"I-20, EXIT 52",Minden,LA,745,3.114,32.619146,-93.272754
66386,SPEEDWAY #4631,US-220,Bassett,VA,185,3.41566666,36.761517,-79.986551
66388,Gas n Go,"I-75, EXIT 117 AT MILE 117",Pinehurst,GA,85,3.099,32.196212,-83.759519
66392,MISSILE MART #10,"I-40, EXIT 161",El Dorado,AR,635,3.499,33.218982,-92.664071
66393,VILLAGE PANTRY #5210,"I-74, EXIT 206",Oakwood,IL,280,3.199,40.110126,-87.776925
66393,VILLAGE PANTRY #5210,"I-74, EXIT 206",Oakwood,IL,280,3.299,40.110126,-87.776925
66393,VILLAGE PANTRY #5210,"I-74, EXIT 206",Oakwood,IL,280,3.179,40.110126,-87.776925
66396,CIRCLE K #2723988,"I-55, EXIT 61 & SR-38",Kentwood,LA,600,3.299,30.933755,-90.515162
66399,CIRCLE K #2723672,"I-59/I-20, EXIT 128",Birmingham,AL,615,3.699,33.527174,-86.797036
66400,PWI #640,"I-10/US-95, EXIT 5",Ehrenberg,AZ,900,3.359,33.614208,-114.483007
66404,QUICK FUEL #5302,"I-635, EXIT 14",Garland,TX,637,3.08733333,32.909826,-96.630334
66405,FLYING J FUEL STOP #668,"I-75, EXIT 151",Saginaw,MI,260,3.289,43.417678,-83.954716
66405,FLYING J FUEL STOP #668,"I-75, EXIT 151",Saginaw,MI,260,3.399,43.417678,-83.954716
66405,FLYING J FUEL STOP #668,"I-75, EXIT 151",Saginaw,MI,260,3.599,43.417678,-83.954716
66405,FLYING J FUEL STOP #668,"I-75, EXIT 151",Saginaw,MI,260,3.489,43.417678,-83.954716
66407,CIRCLE K #2723668,SR-35,Fort Payne,AL,615,3.649,34.457329,-85.689447
66410,SIBLEY FOOD FUEL,US-72/SR-20 & CR-150,Courtland,AL,615,3.399,34.669946,-87.327892
66416,DUCK THRU FOOD STORE #18,US-13,Winton,NC,130,3.56233333,36.389448,-76.934729
66420,PILOT TRAVEL CENTER #911,I-90 EXIT 47,Superior,MT,820,3.559,47.195120,-114.901363
66422,PLAQUEMINE TRUCK STOP,ST 1                          ,Plaquemine,LA,600,3.999,30.283156,-91.243812
66424,CIRCLE K #2741652,"I-10, EXIT 139",Phoenix,AZ,930,3.369,33.572154,-112.090132
66425,CLARK OIL #31,"I-10, EXIT 44",Biloxi,MS,620,2.849,30.426663,-88.935762
66428,SHELL,US-167,Hensley,AR,695,3.589,34.510410,-92.209517
66437,PILOT #4596,"I-81, EXIT 4",White Pine,TN,405,3.699,36.101255,-83.285661
66439,JACK FLASH,I-55,Farmersville,IL,574,3.259,39.440677,-89.652540
66439,JACK FLASH,I-55,Farmersville,IL,574,3.199,39.440677,-89.652540
66440,BP CONNECT #4701,I-55,Chicago,IL,290,3.569,41.837045,-87.684939
66447,CIRCLE K #4701207,"U-55, EXIT 220",Dwight,IL,399,3.349,41.098705,-88.422077
66448,HAMMOND TRAVEL CENTER,"I-55, EXIT 31B & US-190/SR-3260",Hammond,LA,600,3.099,30.505650,-90.456493
66449,CITGO,"I-55, EXIT 67",Blytheville,AR,435,3.389,35.934066,-89.905133
66454,Fast Stop Shell,I-10,Reserve,LA,600,3.799,30.072962,-90.555022
66456,TEXACO #383124,SR-70,Saint James,LA,623,2.969,30.018643,-90.850881
66460,CASH MAGIC BROUSSARD NORTH,"I-49, EXIT 103",Broussard,LA,600,3.399,30.137444,-91.955830
66461,YESWAY #1167,US-62 & CR-41/CR-168,Ropesville,TX,700,3.04066666,33.413334,-102.155102
66465,Knapp Truck Stop,"I-64, EXIT 50 & SR-127",Nashville,IL,574,3.299,38.344542,-89.390983
66470,CIRCLE K #9068,"I-65, EXIT 181",Millbrook,AL,720,3.21566666,32.501474,-86.373914
66472,DIAMOND #21,"I-65, EXIT 54",Atmore,AL,715,3.259,31.124067,-87.457798
66474,FAMCO EXPRESS,"I-690, EXIT 8",Syracuse,NY,235,3.299,43.040998,-76.143554
66475,SPEEDWAY #4346,SR-7,Calexico,CA,900,4.799,32.684859,-115.494738
66478,LOVES TRAVEL STOP #175,"I-70, EXIT 187",Tecumseh,KS,553,3.289,39.034955,-95.579650
66480,LOVES TRAVEL STOP #360,"I-65, EXIT 58 & SR-218 & SR-335",Horse Cave,KY,415,3.429,37.169892,-85.917188
66487,COMPASS,"I-55, EXIT 282",La Grange,IL,290,3.549,41.807213,-87.874148
66487,COMPASS,"I-55, EXIT 282",La Grange,IL,290,3.749,41.807213,-87.874148
66488,HUCKS FOOD & FUEL #54,I-74,Farmer City,IL,280,3.339,40.248464,-88.641655
66488,HUCKS FOOD & FUEL #54,I-74,Farmer City,IL,280,3.269,40.248464,-88.641655
66495,SUPER SAVER EXPRESS,"I-10, EXIT 21",Sulphur,LA,690,2.999,30.229792,-93.356343
66496,EXXON FUEL EXPRESS,"I-10/SR-8, EXIT 31 & SR-87",Milton,FL,155,3.999,30.629636,-87.051407
66502,SHOP RITE #82,"I-10, EXIT 64",Jennings,LA,690,3.589,30.223978,-92.658295
66507,ST IGNACE TRUCKSTOP,I-75,Saint Ignace,MI,287,3.799,45.887164,-84.731707
66508,SAMS SUNOCO,I-75                          ,Toledo,OH,550,3.399,41.664071,-83.581861
66509,FOUR STAR FOOD MART,"I-75, EXIT 122",Lima,OH,411,3.144,40.740679,-84.112091
66513,SUNRISE STORE,"I-75, EXIT 212",West Branch,MI,260,3.399,44.273789,-84.236589
66513,SUNRISE STORE,"I-75, EXIT 212",West Branch,MI,260,3.199,44.273789,-84.236589
66514,BIGFOOT TRAVEL CENTER,"I-75, EXIT 29",Hahira,GA,10,3.099,30.992155,-83.377258
66516,ADEL TRUCK PLAZA,"I-75, EXIT 39",Adel,GA,10,2.999,31.124800,-83.425485
66518,Racetrac #2622,"I-75, EXIT 60",Valdosta,GA,75,3.03233333,30.850126,-83.278833
66523,LOVES TRAVEL STOP #325,"I-75, EXIT 59 & SOUTHWELL BLVD",Tifton,GA,10,3.609,31.462099,-83.520499
66525,BP,"I-76, EXIT 6",Luna Pier,MI,550,3.399,41.803255,-83.442482
66525,BP,"I-76, EXIT 6",Luna Pier,MI,550,3.499,41.803255,-83.442482
66527,TA EXPRESS #648,"I-76, EXIT 90A",Brush,CO,800,4.099,40.259263,-103.636334
66528,GO MART FOOD STORE #99,US-50 & SR-14,Parkersburg,WV,430,3.489,39.261278,-81.543350
66531,MIDWAY EXXON TRAVEL CENTER,"I-78, EXIT 16",Bethel,PA,70,3.359,40.476483,-76.287970
66532,PETRO PLAZA,"I-78, EXIT 17",Hampton,NJ,115,3.26566666,40.704570,-74.971525
66534,LOVES TRAVEL STOP #347,"I-70, EXIT 101 & SR-5",Boonville,MO,310,3.509,38.961439,-92.746203
66537,BECKS EXPRESS MART #26,"I-80, EXIT 19",Geneseo,IL,270,3.269,41.451252,-90.154844
66538,KUM & GO #0023,"I-80, EXIT 23",Neola,IA,486,3.15733333,41.451904,-95.618914
66539,SOUTH RIDGE FARM MARKET,"I-80, EXIT 6",Clyde,OH,550,3.399,41.303585,-82.979425
66548,YESWAY #1156,US-84 & SR-289,Lubbock,TX,700,2.95066666,33.561901,-101.888883
66550,CIRCLE K #2709663,"I-82, EXIT 730",Umatilla,OR,982,3.639,45.917612,-119.331979
66552,GEM STOP,I-84,Marsing,ID,785,3.58566666,43.546360,-116.810422
66553,JACKSONS FOOD STORE #83,"I-84, EXIT 304",Baker City,OR,982,3.599,44.774972,-117.831808
66556,PILOT TRAVEL CENTER #899- SLIP IN,I-85,South Hill,VA,180,3.959,36.725662,-78.128886
66560,Sunoco,"I-85, EXIT 11",Townville,SC,30,3.199,34.521037,-82.880237
66562,TA EXPRESS FAIR PLAY,"I-85, EXIT 4",Fair Play,SC,16,3.209,34.508090,-82.986838
66564,SPEEDWAY #6954,US-70,High Point,NC,65,3.049,35.990803,-79.992713
66565,KWIK FILL #395,"I-86, EXIT 12",Jamestown,NY,240,4.499,42.097603,-79.236135
66565,KWIK FILL #395,"I-86, EXIT 12",Jamestown,NY,240,4.469,42.097603,-79.236135
66571,LEXINGTON GULF,"I-128, NORTH MASS PIKE",Lexington,MA,34,4.299,42.445222,-71.230015
66573,Brake Time Corner Market,"I-135, EXIT 14",Wichita,KS,570,3.299,37.690638,-97.345836
66579,GULF OIL LP #5010,"I-90, EXIT 2",Lee,MA,215,3.914,42.306836,-73.250736
66582,PWI #807,"I-15, EXIT 163 & SR-99",Fillmore,UT,835,3.374,38.964259,-112.338671
66584,MOAPA PAIUTE TRAVEL CENTER,"I-15, EXIT 75",Moapa,NV,910,3.33233333,36.692535,-114.635647
66586,CIRCLE K #4707609,US-20 & SR-12,Sangerfield,NY,235,4.099,42.891607,-75.380220
66588,CUBBYS #402,"I-90, EXIT 330",Mitchell,SD,530,3.149,43.727072,-98.042192
66594,FRIENDLY GUS STORE #23,I-16/SR-19,Dublin,GA,85,3.399,32.535471,-82.928807
66595,GULF OIL LP #5040,"I-90, EXIT 9",Charlton,MA,34,3.909,42.133935,-71.968025
66597,BP,"I-16, EXIT 90 & US-1",Twin City,GA,195,3.78233333,32.582227,-82.159379
66601,LOVES TRAVEL STOP #323,"I-69, EXIT 264 & SR-18",Marion,IN,457,3.57566666,39.589618,-85.755854
66603,COFFEE CUP FUEL STOP #7,"I-90, EXIT 406 & SR-11",Brandon,SD,530,2.97733333,43.592908,-96.583769
66604,GALLOPS,"I-90, I-80, EXIT 40",La Porte,IN,370,3.549,41.610876,-86.714837
66606,BART INDUSTRIES,"I-91, EXIT 6",Bellows Falls,VT,215,3.709,43.134564,-72.459095
66607,7-ELEVEN #37392,"I-93, EXIT 5",Londonderry,NH,34,3.799,42.853398,-71.362425
66608,CASEYS #2650,I-94/US-52 EXIT 135 & CR-173,Melrose,MN,522,3.179,45.677008,-94.814774
66612,STOP N GO #1709,"I-94, EXIT 105",Hixton,WI,295,3.23733333,44.383081,-91.014800
66613,LOVES TRAVEL STOP #362,"I-10, EXIT 7 & SR-3063",Vinton,LA,690,3.30566666,30.195435,-93.582246
66614,MARATHON,"I-94, EXIT 212A",Detroit,MI,325,3.899,42.383037,-83.102237
66614,MARATHON,"I-94, EXIT 212A",Detroit,MI,325,3.699,42.383037,-83.102237
66615,KWIK TRIP #396,"I-94, EXIT 295",Waukesha,WI,444,3.399,42.960422,-88.249314
66618,CIRCLE K #2723378,I-95,Sumter,SC,42,3.159,33.940848,-80.395543
66620,Shell,"I-95, EXIT 130",Ashland,VA,180,3.264,37.760417,-77.472414
66622,DUNCAN TRUCK STOP,"I-95, EXIT 15",Jersey City,NJ,115,3.409,40.711417,-74.064760
66624,Sunoco,"I-95, EXIT 25",Croydon,PA,160,3.659,40.090348,-74.896679
66625,EXIT 43 QUICK STOP,"I-95, EXIT 43",Richmond,ME,170,3.76566666,44.099038,-69.809567
66628,Chevron,"I-95, EXIT 5 & US-17",Hardeeville,SC,42,3.00733333,32.295308,-81.040983
66631,SPEEDWAY #3589,I-96,Lake Odessa,MI,342,3.599,42.782920,-85.137538
66632,SHELL FOOD MART AND TRUCKSTOP,I-985,Gainesville,GA,16,3.399,34.290100,-83.829106
66635,C  BARN,US-67,Park Hills,MO,540,3.049,37.816979,-90.499893
66637,BERKLYS TRAVEL CENTER,US-281,Round Mountain,TX,595,3.31566666,30.394346,-98.361174
66640,Kent Kwik #928,US-82/SR-6 & SR-5/SR-25,Brent,AL,615,3.099,32.944893,-87.172088
66643,DEERFIELD TRAVEL CENTER,"I-55, EXIT 8",Steele,MO,275,2.97566666,36.094790,-89.862102
66645,ALLSUPS #2390,"I-20/US-84, EXIT 270",Merkel,TX,575,2.87566666,32.469731,-100.011096
66648,CHEVRON,"I-20, EXIT 113",Bessemer,AL,615,3.099,33.370858,-86.971522
66649,CHOCTAW TRAVEL PLAZA #637,US-59 & CR-E1452,Heavener,OK,645,3.299,34.891965,-94.607790
66659,MARATHON,SR-37,Mitchell,IN,415,3.599,38.737092,-86.475220
66664,CASEYS #3294,"I-380/SR-27, EXIT 43 & SR-150",Urbana,IA,380,3.449,42.229835,-91.885511
66667,CIRCLE K #4701408,"I-36, EXIT 99",Rochelle,IL,520,3.499,41.919149,-89.063661
66668,ACME TRUCK STOP,"I-4, EXIT 96",Orlando,FL,140,3.399,28.472818,-81.320242
66669,CIRCLE K #2726032,I-40,Jacksonville,FL,75,3.429,30.336864,-81.661603
66670,SPEEDWAY #7930,"I-40, 1126 N MAIN ST",Lillington,NC,63,3.759,35.413080,-78.811703
66671,CIRCLE K #2723686,US-72,Scottsboro,AL,285,3.26566666,34.644620,-86.048155
66673,MARATHON,SR-72,Huntsville,AL,615,2.979,34.697720,-86.676670
66676,HUTCH'S #118,"I-40, EXIT 108",Watonga,OK,483,3.099,35.847503,-98.402734
66678,NKS ROYAL TRUCKSTOP,"I-40, EXIT 16",Gallup,NM,580,3.119,35.513753,-108.743733
66680,BIG TOP TRAVEL CENTER,"I-20, EXIT 157",Delhi,LA,760,2.969,32.452843,-91.489976
66683,SUPERSTOP Shell,"I-40, EXIT 192",Stuttgart,AR,695,3.41566666,34.495233,-91.548638
66689,ROSCOE TRAVEL PLAZA,"I-20, EXIT 235",Roscoe,TX,575,2.759,32.441934,-100.532231
66693,Allsup Marketplace #2400,"I-40, EXIT 356",San Jon,NM,585,3.059,35.111299,-103.336299
66705,7-ELEVEN,"I-44, EXIT 1/US-287",Wichita Falls,TX,770,2.76066666,33.906654,-98.525848
66709,CIRCLE K #2709343,"I-24, EXIT 169",Wildwood,GA,285,3.14566666,34.966937,-85.421501
66715,7-Eleven #34210,"I-25/US-87, EXIT 240 & SR-119",Longmont,CO,800,3.189,40.168199,-105.100522
66717,Fast Stop Travel Centers #1131,"I-25/US-87, EXIT 80",Wheatland,WY,795,3.499,42.051706,-104.959472
66718,Bartonville SHELL,"I-474, EXIT 6",Peoria,IL,368,4.299,40.751641,-89.617198
66720,MOUNTAIN ENERGY #126,"I-26, EXIT 13",Hendersonville,NC,210,2.84566666,35.324302,-82.456282
66721,USA SPEEDTRAC,"I-49US-167, EXIT 11",Grand Coteau,LA,730,3.399,30.420237,-92.043790
66725,SPEEDWAY #9662,I-264,Louisville,KY,415,3.029,38.224728,-85.740614
66728,CIRCLE K #2723706,"I-81/US-52, EXIT 72 & I-77, EXIT 41",Wytheville,VA,185,3.349,36.953385,-81.088438
66737,THE JUNCTION,US-59 & US-73,Atchison,KS,400,3.279,39.562552,-95.136611
66738,TREX MART #9,I-29,Dearborn,MO,400,2.999,39.525142,-94.771972
66739,ZIP TRIP #64,I-29,Brookings,SD,530,3.399,44.303364,-96.787339
66741,DEANS LANE VALERO,I-295,Monmouth Junction,NJ,230,3.14566666,40.376068,-74.557923
66742,DEEP WATER TRUCK STOP,"I-295, EXIT 2C",Penns Grove,NJ,230,3.279,39.727704,-75.469035
66746,CASEYS #4246,"I-30, EXIT 123",Bryant,AR,695,3.03233333,34.615059,-92.491338
66747,LOVES TRAVEL STOP #322,"I-90, EXIT 3",Roscoe,IL,290,3.789,42.425559,-89.009455
66749,BIG RIVER #18,"I-310 EXIT 2, & US-61",Saint Rose,LA,725,3.099,29.963475,-90.307893
66750,LOVES TRAVEL STOP #177,I-35,El Dorado,KS,336,3.25566666,37.820429,-96.862979
66751,FAST N FRIENDLY,"I-35, EXIT 132",Emporia,KS,336,3.65733333,38.401860,-96.191654
66756,CASEYS #2550,"I-35, EXIT 33 & US-34",Osceola,IA,320,3.339,41.034955,-93.786603
66760,LOVES TRAVEL STOP #326,I-26 EXIT 154A,Orangeburg,SC,135,3.389,33.493596,-80.866880
66761,SPEEDWAY #4589,US-501 & SR-90,Conway,SC,205,3.064,33.834533,-79.049173
66762,EXXON TIGER MART #44,"US-45,  EXIT 249",Ennis,TX,637,3.099,32.325067,-96.633799
66763,SPEEDWAY #7998,US-52 & US-74,Wadesboro,NC,46,3.64566666,34.963829,-80.074694
66765,STRIPES #40736,US-77/US-83,Olmito,TX,598,2.999,26.027593,-97.540059
66767,SPRINT MART #49,"I-22/US-78, EXIT 87 & SR-811",Tupelo,MS,742,2.99233333,34.270604,-88.732455
66769,PETRO STOPPING CENTER #344,"I-95, EXIT 3",Kingsland,GA,75,3.649,30.846097,-81.790911
66771,FLYING J TRAVEL PLAZA #727,"I-69C/US-281, EXIT 8 & FM-1925",Edinburg,TX,639,3.084,26.318374,-98.153480
66773,STRIPES 7FLEET #42475,US-62,Hobbs,NM,700,3.459,32.729089,-103.160588
66774,Clark #4667,"I-80/I-90, EXIT 39 & SR-109",Delta,OH,550,3.699,41.579283,-84.020862
66775,GO MART,US-33 & CR-116,Rockbridge,OH,315,3.499,39.586228,-82.526229
66778,LOVES TRAVEL STOP #169,"I-44, EXIT 179 & US-377/SR-99",Stroud,OK,560,3.144,35.768874,-96.650062
66780,DIAMOND #20,"I-65, EXIT 93 & SR-84",Evergreen,AL,720,3.399,31.433216,-86.976081
66784,Texaco #384529,US-80/SR-8 & SR-14,Selma,AL,720,3.299,32.416983,-87.035702
66785,WINFIELD TRUCK STOP,SR-129,Winfield,AL,615,3.659,33.934717,-87.791310
66786,Circle K #2741791,"I-40, EXIT 175 & SR-31",Lonoke,AR,695,3.139,34.790501,-91.907362
66787,TEXACO,"I-59, EXIT 67B",Hattiesburg,MS,620,3.06566666,31.307305,-89.317434
66788,CIRCLE K #4703626,"I-75, EXIT 60 & SR-68",Sweetwater,TN,285,3.289,35.602623,-84.473378
66793,CIRCLE K #2723693,"I-526, EXIT 19 & SR-10-60",Charleston,SC,42,2.97566666,32.828017,-79.972896
66795,FUEL MART #645,"I-90, EXIT 353",Spencer,SD,530,3.499,43.727466,-97.591110
66796,ROYAL FARMS #109,US-13 & SR-404,Bridgeville,DE,243,3.259,38.725150,-75.602811
66799,ONE9 #1403,"I-75/SR-93, EXIT 451 & US-129",Jasper,FL,10,3.259,30.455935,-82.934214
66799,SHELL DBA ONE9 #1403,"I-75/SR-93, EXIT 451 & US-129",Jasper,FL,10,3.244,30.455935,-82.934214
66800,CIRCLE K #2743950,I-35,San Antonio,TX,740,2.804,29.462809,-98.524635
66801,SUNSTOP #330,"I-75, EXIT 460 & SR-6",Jennings,FL,75,3.299,30.596821,-83.106994
66802,MOBIL,US-27 & SR-66,Sebring,FL,140,3.459,27.471396,-81.451568
66803,Stripes,FM-2061 & FM-3072,Pharr,TX,639,3.16566666,26.163436,-98.193890
66804,PWI #586,"I-80, EXIT 104  & US-191",Rock Springs,WY,835,3.199,41.594705,-109.220921
66805,CIRCLE K #2723553,US-27,Ringgold,GA,285,3.07566666,34.913616,-85.121393
66807,QUICK FUEL #5303,"I-35E, EXIT 436A",Dallas,TX,637,3.04566666,32.793333,-96.766513
66809,CASEYS #3449,SR-78,Wapello,IA,380,3.349,41.177222,-91.188991
66810,QUICK FUEL #3145,SR-83,Bensenville,IL,290,3.509,41.958011,-87.943825
66810,QUICK FUEL #3145,SR-83,Bensenville,IL,290,3.449,41.958011,-87.943825
66810,QUICK FUEL #3145,SR-83,Bensenville,IL,290,3.539,41.958011,-87.943825
66812,FAMILY EXPRESS #47 (DISCOUNT AVAILABLE),"I-65, EXIT 201 & US-24/US-231",Remington,IN,375,3.55233333,40.769405,-87.129724
66813,MCCLURE OIL #59,I-69 EXIT 259,Gas City,IN,457,3.639,40.488650,-85.594335
66815,MAXS #132,US-641 N,Murray,KY,490,3.399,36.614202,-88.322075
66816,CIRCLE K #4707082,"I-95, EXIT 132 & SR-139",Fairfield,ME,170,3.899,44.590339,-69.605215
66817,JOLLY TRUCK STOP,US-82/US-287,Wichita Falls,TX,770,2.899,33.906654,-98.525848
66819,ROAD RANGER #265,"I-88, EXIT 54",Dixon,IL,520,3.499,41.843288,-89.477547
66819,ROAD RANGER #265,"I-88, EXIT 54",Dixon,IL,520,3.479,41.843288,-89.477547
66820,CM BREAUX BRIDGE,"I-10, EXIT 109",Breaux Bridge,LA,600,3.299,30.283099,-91.905919
66821,DENTON GOOSE CREEK,SR-404/SR-619,Denton,MD,194,3.259,38.879421,-75.824452
66822,WILD BILL'S,I-78,Sherman,MS,435,2.919,34.361170,-88.838744
66824,STRIPES #42435,US-87/US-277,San Angelo,TX,740,2.799,31.441078,-100.450499
66833,STRIPES #5148,US-281,Pharr,TX,639,3.399,26.163436,-98.193890
66834,ROAD RANGER #186,"I-39/US-51, EXIT 27 & SR-2/CR-2200",Minonk,IL,280,3.339,40.910368,-89.038153
66834,ROAD RANGER #186,"I-39/US-51, EXIT 27 & SR-2/CR-2200",Minonk,IL,280,3.439,40.910368,-89.038153
66834,ROAD RANGER #186,"I-39/US-51, EXIT 27 & SR-2/CR-2200",Minonk,IL,280,3.449,40.910368,-89.038153
66838,RUTTERS #96,US-322 & SR-655,Milroy,PA,14,4.05066666,40.719360,-77.589990
66843,FLYING J TRAVEL PLAZA #728,"I-10, EXIT 37",El Paso,TX,640,3.09233333,31.847780,-106.431106
66844,CIRCLE K #2706984,US-77 & CR-1356,Kingsville,TX,625,2.82233333,27.509201,-97.861028
66845,CIRCLE K #2723643,SR-431,Dothan,AL,20,3.58233333,31.233698,-85.406823
66846,CIRCLE K #2723664,US-280,Childersburg,AL,615,3.899,33.292558,-86.340864
66847,CIRCLE K #2723667,"I-20, EXIT 185 & SR-21",Oxford,AL,615,2.999,33.596410,-85.868219
66848,CIRCLE K #2723695,"I-55, EXIT 265",Senatobia,MS,435,3.199,34.608650,-89.980994
66850,Stripes,ST 77,Riviera,TX,625,3.12566666,27.299534,-97.798090
66853,LOVES TRAVEL STOP #327,US-77 & FM-1898,Kingsville,TX,625,3.15566666,27.509201,-97.861028
66854,TA WAPAKONETA TRAVEL CENTER,"I-75, EXIT 111",Wapakoneta,OH,411,3.28233333,40.565229,-84.190695
66856,Speedway #4800,"I-94, EXIT 183",Clearwater,MN,453,3.199,45.409879,-94.044560
66858,LOVES TRAVEL STOP #328,"I-10, EXIT 162",Chandler,AZ,930,3.469,33.282765,-111.851819
66862,LOVES TRAVEL STOP #330,I-40 EXIT 280 & SR-56,Baxter,TN,460,3.234,36.153678,-85.634922
66865,FLYING J FUEL STOP #741,US-287/US-281/US-82 & SR-473,Wichita Falls,TX,770,3.12566666,33.906654,-98.525848
66867,KWIK STAR #212,"US-61, EXIT 156",Maquoketa,IA,335,3.624,42.060530,-90.663862
66868,STRIPES #40604,US-83,Mission,TX,639,2.88233333,26.204060,-98.325221
66869,SPEEDWAY #4630,US-220 BUS & CR-782,Ridgeway,VA,185,3.409,36.578174,-79.858290
66870,PETRO STOPPING CENTER NAPOLEON,"US-24/US-6/CR-3, EXIT 41",Napoleon,OH,550,3.70566666,41.397969,-84.124984
66874,FLYING J TRAVEL PLAZA #733,"I-27, EXIT 4 & US-82",Lubbock,TX,700,3.33233333,33.561901,-101.888883
66876,PILOT TRAVEL CENTERS #156,SR-1633 & SR-813 & SR-9004,Mortons Gap,KY,490,3.629,37.240706,-87.464606
66877,PILOT TRAVEL CENTER #916- TOWN PUMP,US-93 & US-12,Lolo,MT,820,3.609,46.771857,-114.108453
66878,PILOT TRAVEL CENTER #915- TOWN PUMP,"I-90, EXIT 455",Billings,MT,780,3.58066666,45.788538,-108.552475
66879,TA EXPRESS,"I-40, EXIT 101",Atkins,AR,695,3.34066666,35.240863,-92.949643
66880,LOVES TRAVEL STOP #324,I-80 EXIT 242 & SR 339,Mifflinville,PA,138,3.96566666,41.030711,-76.302779
66881,PLAZAGO TRUCKSTOP,US-50/SR-61 & SR-96/SR-14,South Hutchinson,KS,570,3.269,38.023082,-97.944845
66888,LOVES TRAVEL STOP #334,"I-84, EXIT 211 & US-30/SR-24",Heyburn,ID,785,3.89233333,42.559982,-113.762067
66892,LOVES TRAVEL STOP #336,"I-94, EXIT 112",Marshall,MI,385,3.489,42.265201,-84.974241
66892,LOVES TRAVEL STOP #336,"I-94, EXIT 112",Marshall,MI,385,3.569,42.265201,-84.974241
66892,LOVES TRAVEL STOP #336,"I-94, EXIT 112",Marshall,MI,385,3.589,42.265201,-84.974241
66892,LOVES TRAVEL STOP #336,"I-94, EXIT 112",Marshall,MI,385,3.649,42.265201,-84.974241
66893,ONE9 #1291,US-287 & CR-174,Bowie,TX,770,2.91233333,33.556959,-97.846101
66894,PILOT TRAVEL CENTERS #259,US-69,Muskogee,OK,560,3.32233333,35.743797,-95.356405
66895,TA Express Tonkawa,"I-35, EXIT 40 & US-60",Tonkawa,OK,500,3.294,36.670589,-97.315028
66897,FLYING J TRAVEL PLAZA #604,"I-65, EXIT 158",Hope Hull,AL,720,3.309,32.198998,-86.344383
66898,PILOT TRAVEL CENTERS #384,"I-95, EXIT 58",Colonial Heights,VA,180,3.799,37.261685,-77.396804
66899,LOVES TRAVEL STOP #333,"I-77, EXIT 83",Fort Mill,SC,46,3.38066666,35.005997,-80.940000
66900,DODGE CITY PETRO #397,"I-65, EXIT 299 & SR-69",Hanceville,AL,615,3.919,34.064010,-86.764436
66902,CIRCLE K #4707239,SR-103,Warner,NH,170,3.93233333,43.284261,-71.824059
66905,CIRCLE K #4707212,SR-27,Raymond,NH,170,3.759,43.035577,-71.175454
66906,LOVES TRAVEL STOP #331,"I-45, EXIT 272",Hutchins,TX,630,3.10233333,32.643392,-96.709833
66908,CIRCLE K #2723708,"I-81, EXIT 77",Wytheville,VA,65,3.36566666,36.953385,-81.088438
66911,LOVES TRAVEL STOP #343,"I-20 & I-59, EXIT 165",Toomsuba,MS,705,3.009,32.430282,-88.507088
66912,LOVES TRAVEL STOP #335,"I-15, EXIT 62 & SR-130",Cedar City,UT,910,3.677,37.683847,-113.095566
66912,LOVES TRAVEL STOPS #335,"I-15, EXIT 62 & SR-130",Cedar City,UT,910,3.649,37.683847,-113.095566
66914,FLYING J TRAVEL PLAZA #683,"I-95, EXIT 106",Kenly,NC,205,3.709,35.600767,-78.127935
66915,CIRCLE K #2723716,"I-81, EXIT 84",Max Meadows,VA,185,3.46233333,36.978941,-80.961796
66918,MINIT MART #647,"I-39, EXIT 35 & SR-17",Wenona,IL,280,3.549,41.048655,-89.052258
66918,MINIT MART #647,"I-39, EXIT 35 & SR-17",Wenona,IL,280,3.499,41.048655,-89.052258
66920,7-ELEVEN #35562,"I-85, EXIT 32",Charlotte,NC,46,3.379,35.209045,-80.830990
66921,LOVES TRAVEL STOP #338,"I-95/SR-405, EXIT 90 & SR-144",Richmond Hill,GA,195,3.364,31.900191,-81.310077
66922,LOVES TRAVEL STOPS #339,"I-20, EXIT 115 & FM-1882",Odessa,TX,710,3.549,31.880461,-102.345314
66922,LOVES TRAVEL STOP #339,"I-20, EXIT 115 & FM-1882",Odessa,TX,710,3.549,31.880461,-102.345314
66923,LOVES TRAVEL STOP #765,"I-85, EXIT 147",Commerce,GA,16,3.21066666,34.214298,-83.475713
66925,FLYING J TRAVEL PLAZA #714,"I-77, EXIT 73",Rock Hill,SC,46,3.399,34.938216,-81.019177
66927,PILOT TRAVEL CENTER #41,I-64 EXIT 113 SE QUAD,Mount Sterling,KY,410,3.759,38.065465,-83.948822
66927,PILOT TRAVEL CENTERS #41,I-64 EXIT 113 SE QUAD,Mount Sterling,KY,410,3.769,38.065465,-83.948822
66928,FLYING J TRAVEL PLAZA #730,"I-35/US-83, EXIT 13",Laredo,TX,693,3.599,27.560379,-99.489181
66929,FLYING J TRAVEL PLAZA #642,"I-255,  EXIT 17",East Saint Louis,IL,540,3.599,38.616361,-90.130528
66929,FLYING J TRAVEL PLAZA #642,"I-255,  EXIT 17",East Saint Louis,IL,540,3.499,38.616361,-90.130528
66929,FLYING J TRAVEL PLAZA #642,"I-255,  EXIT 17",East Saint Louis,IL,540,3.389,38.616361,-90.130528
66929,FLYING J TRAVEL PLAZA #642,"I-255,  EXIT 17",East Saint Louis,IL,540,3.699,38.616361,-90.130528
66931,CASEYS #3896,"I-380, EXIT 35",Center Point,IA,380,3.449,42.183811,-91.780478
66932,CIRCLE K #4701444,US-34 & SR-164,Monmouth,IL,345,3.449,40.914233,-90.643075
66932,CIRCLE K #4701444,US-34 & SR-164,Monmouth,IL,345,3.399,40.914233,-90.643075
66935,FRANCIS CREEK TRAVEL PLAZA,SR-41,Francis Creek,WI,444,3.384,44.200532,-87.720911
66937,LOVES TRAVEL STOP #341,"I-44, EXIT 189",Rolla,MO,540,3.30066666,37.945940,-91.761202
66939,KWIK TRIP #416,SR-172 & CR-GV,De Pere,WI,582,3.39066666,44.430990,-88.079936
66941,PILOT TRAVEL CENTERS #367,"I-30, EXIT 87 & 88",Caddo Mills,TX,630,3.169,33.074543,-96.226924
66942,MAVERIK COUNTRY STORE #612,"I-15, EXIT 362",Brigham City,UT,835,3.449,41.505904,-112.051418
66944,LOVES TRAVEL STOPS #316,"I-95, EXIT 273 & US-1",Ormond Beach,FL,75,3.489,29.293276,-81.101447
66944,LOVES TRAVEL STOP #316,"I-95, EXIT 273 & US-1",Ormond Beach,FL,75,3.477,29.293276,-81.101447
66948,CIRCLE K #4707618,"I-481, EXIT 8 & CR-82",East Syracuse,NY,220,3.799,43.063823,-76.069789
66951,BERKLYS TRAVEL CENTER #3,US-377/US-87,Brady,TX,575,3.61566666,31.115378,-99.345935
66953,LOVES TRAVEL STOP #355,"I-65, EXIT 16",Memphis,IN,415,3.949,38.494822,-85.767036
66954,LOVES TRAVEL STOP #344,I-240 EXIT 21 & US-78/SR-4,Memphis,TN,435,3.249,35.109164,-89.968511
66955,LOVES TRAVEL STOP #349,"I-8, EXIT 3",Yuma,AZ,900,3.50233333,32.516286,-114.521782
66956,LOVES TRAVEL STOP #348,"I-69/I-24, EXIT 27 & US-62",Calvert City,KY,490,3.689,37.046422,-88.395537
66957,LOVES TRAVEL STOP #346,I-65 EXIT 46 & SR-99,Columbia,TN,460,3.789,35.625616,-87.044232
66959,PILOT TRAVEL CENTERS #388,"I-20 & I-59, EXIT 151",Meridian,MS,705,2.979,32.384170,-88.689448
66961,CIRCLE K #2707020,"I-4, EXIT 32 & US-98/SR-700/SR-35",Lakeland,FL,225,3.414,28.055496,-81.954772
66962,PILOT TRAVEL CENTERS #242,"I-74, EXIT 109",Shelbyville,IN,375,3.999,39.546597,-85.776841
66962,PILOT TRAVEL CENTER #242,"I-74, EXIT 109",Shelbyville,IN,375,3.999,39.546597,-85.776841
66963,SPARTA TRAVEL CENTER,"I-90, EXIT 28",Sparta,WI,420,3.179,43.938249,-90.812705
66964,PILOT TRAVEL CENTERS #239,US-30/US-23,Upper Sandusky,OH,411,3.899,40.830669,-83.270709
66965,EATONTON TRAVEL CENTER,US-441/US/129/SR-24,Eatonton,GA,67,3.249,33.325821,-83.388862
66966,LOVES TRAVEL STOP #352,I-71 EXIT 65,Jeffersonville,OH,315,3.42233333,39.649616,-83.558138
66968,FLYING J TRAVEL PLAZA #675,US-136 & SR-27,Wayland,MO,345,3.30566666,40.396301,-91.575443
66972,PETRO STOPPING CENTER #339,"I-90, EXIT 272",Spokane,WA,970,3.999,47.666935,-117.433322
66972,PETRO STOPPING CENTER #339,"I-90, EXIT 272",Spokane,WA,970,3.959,47.666935,-117.433322
66987,LOVES TRAVEL STOP #354,"US-78 & I-20, EXIT 172",Thomson,GA,135,3.849,33.469270,-82.495116
66993,PILOT TRAVEL CENTERS #198,US-30 & US-31,Plymouth,IN,465,3.869,41.348770,-86.319336
66993,PILOT TRAVEL CENTER #198,US-30 & US-31,Plymouth,IN,465,3.859,41.348770,-86.319336
66994,PILOT TRAVEL CENTERS #303,US-24/US-6 & SR-108,Napoleon,OH,550,3.71066666,41.397969,-84.124984
66995,PILOT TRAVEL CENTERS #322,"I-86, EXIT 37",Bath,NY,190,4.499,42.336093,-77.316860
66997,LOVES TRAVEL STOP #289,"I-20, EXIT 49 & SR-531",Minden,LA,745,3.149,32.619146,-93.272754
67008,TA ST LOUIS EAST TRAVEL CENTER,"I-55, EXIT 18",Troy,IL,574,3.439,38.726219,-89.893470
67008,TA ST LOUIS EAST TRAVEL CENTER,"I-55, EXIT 18",Troy,IL,574,3.619,38.726219,-89.893470
67008,TA ST LOUIS EAST TRAVEL CENTER,"I-55, EXIT 18",Troy,IL,574,3.629,38.726219,-89.893470
67008,TA ST LOUIS EAST TRAVEL CENTER,"I-55, EXIT 18",Troy,IL,574,3.439,38.726219,-89.893470
67008,TA ST LOUIS EAST TRAVEL CENTER,"I-55, EXIT 18",Troy,IL,574,3.489,38.726219,-89.893470
67008,TA ST LOUIS EAST TRAVEL CENTER,"I-55, EXIT 18",Troy,IL,574,3.379,38.726219,-89.893470
67009,PILOT TRAVEL CENTERS #407,"I-35, EXIT 194",Clear Lake,IA,433,3.659,43.135090,-93.373651
67009,PILOT TRAVEL CENTER #407,"I-35, EXIT 194",Clear Lake,IA,433,3.659,43.135090,-93.373651
67030,LOVES TRAVEL STOP #337,"I-90 & I-35, EXIT 11",Albert Lea,MN,515,4.089,43.654293,-93.364148
67034,LOVES TRAVEL STOP #356,"I-75, EXIT 167",North Baltimore,OH,550,3.34733333,41.179853,-83.668665
67037,LOVES TRAVEL STOP #332,I-71 EXIT 204,Burbank,OH,305,3.689,40.986232,-81.994840
67038,PILOT TRAVEL CENTERS #260,US-82/SR-520 & SR-300,Albany,GA,10,3.799,31.578117,-84.176224
67038,PILOT TRAVEL CENTER #260,US-82/SR-520 & SR-300,Albany,GA,10,3.799,31.578117,-84.176224
67039,ROAD RANGER #145,"I-44, EXIT 275",Fenton,MO,540,3.359,38.528547,-90.450674
67040,FLYING J TRAVEL PLAZA #603,US-431/SR-210 & US-231/SR-1,Dothan,AL,20,3.999,31.233698,-85.406823
67041,CIRCLE K #4707040,"I-95, EXIT 133 & US-201",Skowhegan,ME,170,3.72566666,44.778149,-69.712196
67044,PILOT TRAVEL CENTER #1212,"I-10, EXIT 45",Salome,AZ,930,3.959,33.777771,-113.606047
67044,PILOT #1212,"I-10, EXIT 45",Salome,AZ,930,3.959,33.777771,-113.606047
67047,Circle K #2746490,"I-90, EXIT 332",Mitchell,SD,455,3.064,43.727072,-98.042192
67051,PILOT TRAVEL CENTERS #208,"I-44, EXIT 257",Pacific,MO,540,3.324,38.479724,-90.749453
67053,TA LAREDO TRAVEL CENTER,"I-35/US-83, EXIT 13",Laredo,TX,693,3.649,27.560379,-99.489181
67054,LOVES TRAVEL STOPS #436,"I-80, EXIT 118",Salt Lake City,UT,835,3.649,40.776928,-111.930991
67054,LOVES TRAVEL STOP #436,"I-80, EXIT 118",Salt Lake City,UT,835,3.777,40.776928,-111.930991
67055,FLYING J TRAVEL PLAZA #641,I-15,Mccammon,ID,825,3.749,42.648236,-112.189394
67056,Arco,US-2 & US-59,Erskine,MN,355,3.399,47.663163,-96.016683
67058,PILOT TRAVEL CENTERS #368,"I-72, EXIT 144",Decatur,IL,280,3.599,39.855983,-88.933746
67058,PILOT TRAVEL CENTER #368,"I-72, EXIT 144",Decatur,IL,280,3.559,39.855983,-88.933746
67058,PILOT TRAVEL CENTER #368,"I-72, EXIT 144",Decatur,IL,280,3.459,39.855983,-88.933746
67058,PILOT TRAVEL CENTERS #368,"I-72, EXIT 144",Decatur,IL,280,3.499,39.855983,-88.933746
67060,PILOT TRAVEL CENTERS #151,"I-5, EXIT 99NE",Olympia,WA,977,4.599,47.040604,-122.895000
67063,PILOT TRAVEL CENTERS #330,"I-35, EXIT 184 SW",New Braunfels,TX,740,3.399,29.699306,-98.115127
67064,LOVES TRAVEL STOP #385,"I-40, EXIT 101 & US-281",Hinton,OK,483,3.38566666,35.493227,-98.354723
67065,TA GREENWOOD TRAVEL CENTER,"I-20, EXIT 5 & US-79",Greenwood,LA,745,3.16566666,32.431470,-93.959889
67066,LOVES TRAVEL STOP #361,"I-80, EXIT 168",Newton,IA,320,3.76233333,41.696337,-93.040512
67067,LOVES TRAVEL STOP #377,"I-76/US-6, EXIT 31 & SR-52",Hudson,CO,800,3.459,40.091746,-104.593741
67069,FLYING J FUEL STOP #621,"I-70, EXIT 359 & US-24",Limon,CO,800,3.899,39.265074,-103.685911
67069,FLYING J TRAVEL PLAZA #621,"I-70, EXIT 359 & US-24",Limon,CO,800,3.874,39.265074,-103.685911
67071,FAS MART #5154,"I-270, EXIT 3 & SR-3",Hartford,IL,574,3.299,38.813086,-90.092073
67071,FAS MART #5154,"I-270, EXIT 3 & SR-3",Hartford,IL,574,3.279,38.813086,-90.092073
67073,PILOT TRAVEL CENTERS #81,"I-79, EXIT 99",Portersville,PA,165,4.259,40.924332,-80.146883
67075,CM FOREST GOLD,SR-16,Amite,LA,600,3.399,30.732164,-90.515286
67076,CASH MAGIC LUCKY MAGNOLIA,SR-63/SR-16,Denham Springs,LA,600,3.399,30.474329,-90.959027
67077,CASH MAGIC BROUSSARD SOUTH,US-90,Broussard,LA,600,3.399,30.137444,-91.955830
67078,CASH MAGIC SILVER FOX,SR-63/SR-16,Denham Springs,LA,600,3.399,30.474329,-90.959027
67081,LOVES TRAVEL STOP #376,"I-85/SR-403, EXIT 28 & SR-54/SR-100",Hogansville,GA,18,3.689,33.166986,-84.902788
67082,PILOT TRAVEL CENTERS #179,"I-81, EXIT 5-B",Hagerstown,MD,22,3.959,39.637986,-77.723252
67085,PILOT TRAVEL CENTERS #210,"I-287, EXIT 66 & SR-17",Mahwah,NJ,105,3.899,41.082067,-74.183061
67086,SPEEDWAY #7945,SR-24,Swansboro,NC,205,3.699,34.693583,-77.134274
67087,SPEEDWAY #8189,"I-40, EXIT 408 & SR-210 & US-117",Rocky Point,NC,245,3.60566666,34.444048,-77.890907
67088,PILOT #4580,"I-26, EXIT 82",Prosperity,SC,30,3.42566666,34.213372,-81.528386
67090,LOVES TRAVEL STOP #373,US-69 & PLATTER RD,Calera,OK,253,3.229,33.930829,-96.429060
67091,SPEEDWAY #7903,SR-211,Raeford,NC,63,3.699,34.981303,-79.229567
67092,SPEEDWAY #8288,US-64 & SR-149,Plymouth,NC,177,3.20733333,35.858537,-76.748202
67094,SPEEDWAY #7943,US-64/SR-49 & US-220,Asheboro,NC,65,3.54233333,35.702596,-79.804120
67095,SPEEDWAY #8297,US-17 & US-17 BYP,Chocowinity,NC,205,3.13233333,35.514640,-77.101470
67096,SPEEDWAY #6997,I-95/US-301,Fayetteville,NC,63,3.39566666,35.082766,-78.973515
67097,SPEEDWAY #8298,SR-11/SR-55,Kinston,NC,205,3.353,35.275099,-77.593368
67101,SPEEDWAY #7974,US-601 & SR-24/SR-27,Midland,NC,46,3.429,35.249167,-80.530075
67103,SPEEDWAY #8225,US-13/US-17 & US-64,Williamston,NC,205,3.849,35.846539,-77.066078
67106,PILOT TRAVEL CENTER #4656,"I-295, EXIT 3-A & US-460",Disputanta,VA,180,3.57233333,37.123551,-77.224856
67107,SPEEDWAY/7fleet #4595,US-501 & SR-544,Conway,SC,205,3.089,33.834533,-79.049173
67108,SPEEDWAY/7fleet #4594,SR-90,Longs,SC,205,3.309,33.953479,-78.773953
67109,SPEEDWAY #4676,US-13/SR-32,Suffolk,VA,130,3.799,36.697157,-76.634781
67113,COLUMBUS WEST TRAVEL CENTER,"US-151, EXIT 118",Columbus,WI,420,3.119,43.336805,-89.029988
67114,SPEEDWAY #1415,"I-57, EXIT 306 & US-45/US-52",Kankakee,IL,280,3.379,41.101654,-87.863690
67114,SPEEDWAY #1415,"I-57, EXIT 306 & US-45/US-52",Kankakee,IL,280,3.339,41.101654,-87.863690
67115,CIRCLE K #3912,"I-24/SR-27, EXIT 155 & SR-28",Jasper,TN,285,2.889,35.068255,-85.621162
67117,MCCLURE OIL #65,US-31 & SR-38,Cicero,IN,375,3.889,40.121932,-86.034042
67118,ABELS QUIK SHOP #20,US-36 & CR-437,Hannibal,MO,540,3.06566666,39.710208,-91.394044
67119,EASTWAY TRUCKSTOP,SR-80,Somerset,KY,410,3.599,37.086473,-84.605350
67120,LOVES TRAVEL STOP #379,"I-10 & CR 255, EXIT 262 SW",Lee,FL,20,3.789,30.413101,-83.304142
67121,BETTY BEAVERS TRUCKSTOP,"I-88, EXIT 12 & CR-48",Otego,NY,12,3.819,42.392799,-75.180071
67122,WORKMANS TRAVEL CENTER,"I-540, EXIT 24 & SR-282",Alma,AR,735,3.37233333,35.492375,-94.213947
67125,LOVES TRAVEL STOP #370,I-80 EXIT 234,Hubbard,OH,573,3.46566666,41.158121,-80.564651
67126,PILOT TRAVEL CENTERS #366,"I-40, EXIT 85 CHRISTMASVILLE RD",Jackson,TN,435,3.509,35.658451,-88.837399
67127,LOVES TRAVEL STOP #381,"I-65, EXIT 322 & CR-55",Falkville,AL,615,3.849,34.377019,-86.909547
67129,PILOT TRAVEL CENTER #920,"I-70, EXIT 54",Colby,KS,525,3.634,39.384348,-101.045090
67129,PILOT TRAVEL CENTERS #920,"I-70, EXIT 54",Colby,KS,525,3.649,39.384348,-101.045090
67130,Pilot Travel Centers #473,"I-55, EXIT 248 & US-6",Channahon,IL,290,3.499,41.422789,-88.262954
67130,Pilot Travel Centers #473,"I-55, EXIT 248 & US-6",Channahon,IL,290,3.359,41.422789,-88.262954
67130,Pilot Travel Center #473,"I-55, EXIT 248 & US-6",Channahon,IL,290,3.459,41.422789,-88.262954
67130,Pilot Travel Center #473,"I-55, EXIT 248 & US-6",Channahon,IL,290,3.599,41.422789,-88.262954
67130,Pilot Travel Centers #473,"I-55, EXIT 248 & US-6",Channahon,IL,290,3.399,41.422789,-88.262954
67130,Pilot Travel Center #473,"I-55, EXIT 248 & US-6",Channahon,IL,290,3.399,41.422789,-88.262954
67133,LOVES TRAVEL STOP #365,I-80 EXIT 352,Wells,NV,835,3.71566666,41.113155,-114.953537
67137,PILOT TRAVEL CENTERS #485,"I-80, EXIT 173",Winnemucca,NV,966,3.77066666,40.964397,-117.724642
67138,Kum N Go #0561,US-65 & SR-744,Springfield,MO,535,2.899,37.194157,-93.292642
67139,LOVES TRAVEL STOP #383,I-71 EXIT 55 & SR-1039,Sparta,KY,415,3.749,38.695435,-84.906136
67140,Maverik Country Store #5069,I-35 EXIT 133,Ellsworth,IA,320,3.09566666,42.310239,-93.581877
67141,KUM & GO #0022,"I-80, EXIT 182 & SR-146",Grinnell,IA,320,3.19733333,41.735236,-92.724902
67143,ALL AMERICAN STORES #7,US-30,Fort Wayne,IN,370,3.559,41.088193,-85.142791
67149,HOOPS TRAVEL CENTER,I-39 & SR-21,Coloma,WI,395,3.18233333,44.038651,-89.531148
67150,Maverik Country Store #5119,"US-30, EXIT 150",Ames,IA,320,3.08233333,42.026327,-93.621264
67151,CASEYS #2523,"SR-163, EXIT 29 & SR-14",Monroe,IA,320,3.199,41.518945,-93.103739
67155,PILOT TRAVEL CENTER #1219,"I-70, EXIT 61",Vandalia,IL,540,3.699,38.974564,-89.110695
67155,PILOT TRAVEL CENTER #1219,"I-70, EXIT 61",Vandalia,IL,540,3.759,38.974564,-89.110695
67155,PILOT #1219,"I-70, EXIT 61",Vandalia,IL,540,3.699,38.974564,-89.110695
67158,GOLDEN GATE AUTO TRUCK PLAZA,"I-80 , EXIT 32",Sparks,NV,966,3.539,39.574341,-119.715154
67160,LOVES TRAVEL STOPS #378,"I-77, EXIT 132 ",Ripley,WV,44,3.589,38.821616,-81.709312
67160,LOVES TRAVEL STOP #378,"I-77, EXIT 132 ",Ripley,WV,44,3.621,38.821616,-81.709312
67162,PILOT TRAVEL CENTERS #495,"I-80 , EXIT 201",Brooklyn,IA,380,3.78566666,41.731470,-92.444886
67162,PILOT TRAVEL CENTER #495,"I-80 , EXIT 201",Brooklyn,IA,380,3.699,41.731470,-92.444886
67163,LOVES TRAVEL STOP #358,"I-78, EXIT 23",Hamburg,PA,208,3.85733333,40.556225,-75.982357
67164,FLYING J TRAVEL PLAZA #510,"I-15 , EXIT 188",Scipio,UT,835,3.689,39.249080,-112.104411
67165,SOMERSET TRAVEL CENTER,"I-76 , EXIT 110",Somerset,PA,14,4.219,40.005030,-79.077855
67166,Circle K #4705726,US-33,Carroll,OH,315,3.24566666,39.802585,-82.706178
67167,LOVES TRAVEL STOP #372,"I-84, EXIT 374",Ontario,OR,982,3.689,44.025336,-116.977368
67168,LOVES TRAVEL STOP #455,"I-70, EXIT 145",Ellis,KS,525,3.623,38.934654,-99.556791
67168,LOVES TRAVEL STOPS #455,"I-70, EXIT 145",Ellis,KS,525,3.689,38.934654,-99.556791
67169,JD ORANGEBURG,US-301/US-601/SR-4,Orangeburg,SC,135,3.34233333,33.493596,-80.866880
67170,FAST TRACK #410,"I-10, EXIT 258",Madison,FL,20,3.749,30.471487,-83.413453
67174,KWIK STAR #419,"US-218, EXIT 218",Charles City,IA,433,3.539,43.064760,-92.674457
67175,KWIK STAR #428,SR-9,Cresco,IA,515,3.524,43.371746,-92.116287
67178,KWIK STAR #701,US-63,Denver,IA,565,3.499,42.668220,-92.333942
67182,KWIK STAR #817,US-52 & SR-24,Calmar,IA,565,3.579,43.181104,-91.867965
67185,KWIK TRIP #385,SR-19/SR-3,Northfield,MN,451,3.499,44.455645,-93.170311
67186,KWIK TRIP #424,SR-15 & CR-26,Fairmont,MN,425,3.399,43.644789,-94.464015
67192,KWIK TRIP #464,US-63,Rochester,MN,515,3.54066666,44.014299,-92.478592
67193,KWIK TRIP #609,SR-16 & SR-43,Rushford,MN,515,3.499,43.804587,-91.785578
67195,KWIK TRIP #646,US-169 & CR-53,Blue Earth,MN,425,3.324,43.640994,-94.100339
67196,KWIK TRIP #753,US-14 & SR-42,Eyota,MN,515,3.61566666,43.988310,-92.232124
67200,KWIK TRIP #319,SR-13,Spencer,WI,395,3.47566666,44.753615,-90.298465
67202,KWIK TRIP #328,US-53 & SR-95,Blair,WI,295,3.23733333,44.327131,-91.299402
67204,KWIK TRIP #337,SR-65,New Richmond,WI,451,3.499,45.124977,-92.547938
67206,KWIK TRIP #352,US-53,Chippewa Falls,WI,295,3.40733333,44.934653,-91.389165
67207,KWIK TRIP #354,SR-26,Watertown,WI,420,3.37233333,43.189405,-88.728910
67208,KWIK TRIP #363,US-14 & CR-O,Richland Center,WI,420,3.389,43.339577,-90.383430
67209,KWIK TRIP #386,SR-64,Merrill,WI,395,3.499,45.180635,-89.700339
67211,KWIK TRIP #392,SR-49/SR-23,Ripon,WI,582,3.39066666,43.843560,-88.837936
67219,KWIK TRIP #455,US-8 & SR-27,Ladysmith,WI,295,3.27233333,45.460974,-91.097573
67220,KWIK TRIP #456,"US-18/151, EXIT 79 & CR-PB",Verona,WI,420,3.579,42.991265,-89.539247
67221,KWIK TRIP #457,"I-41/US-41, EXIT 116 & SR-44/SR-91",Oshkosh,WI,582,3.29066666,44.023168,-88.562260
67223,KWIK TRIP #476,"US-53, EXIT 140",Rice Lake,WI,295,3.43233333,45.481992,-91.745762
67226,KWIK TRIP #494,US-53 & SR-35,Onalaska,WI,515,3.33566666,43.889658,-91.204356
67229,KWIK TRIP #740,SR-15,Hortonville,WI,582,3.509,44.335766,-88.636599
67230,KWIK TRIP #750,US-14/US-61/SR-35,La Crosse,WI,515,3.299,43.824685,-91.224616
67233,KWIK TRIP #807,US-10,Brillion,WI,582,3.36566666,44.173510,-88.067823
67234,KWIK TRIP #847,SR-33 & SR-82/SR-80,Wonewoc,WI,395,3.499,43.653477,-90.224242
67235,FLYING J TRAVEL PLAZA #507,I-35,Jarrell,TX,765,3.22066666,30.810264,-97.615122
67237,OUTPOST TRAVEL CENTER,US-79 & CR-111,Minden,LA,745,3.13233333,32.619146,-93.272754
67239,RELAY STATION,SR-1,Shreveport,LA,745,3.13233333,32.466879,-93.792193
67241,RELAY STATION 3,SR-175,Frierson,LA,745,3.259,32.246949,-93.686859
67242,SPEEDWAY #6940,"I-77, EXIT 85 & SR-268",Elkin,NC,65,2.859,36.263365,-80.847106
67243,LOVES TRAVEL STOP #386,"I-40, EXIT 9 & SR-95",Lake Havasu City,AZ,910,3.92233333,34.499809,-114.310943
67245,SPEEDWAY #4582,US-378,Conway,SC,205,3.089,33.834533,-79.049173
67246,SPEEDWAY #7941,US-17 & SR-24,Jacksonville,NC,245,3.32566666,34.729730,-77.393661
67247,CIRCLE K #4707512,"I-93, EXIT 47",Methuen,MA,170,3.799,42.742641,-71.178651
67248,SPEEDWAY #6962,"I-40, EXIT 303",Garner,NC,177,2.92066666,35.689477,-78.614599
67255,LOVES TRAVEL STOP #393,"I-55, EXIT 13",Mccomb,MS,620,3.239,31.244474,-90.471593
67262,PILOT TRAVEL CENTERS #497,"I-20, EXIT 165",Lincoln,AL,615,3.199,33.580169,-86.127876
67262,PILOT TRAVEL CENTER #497,"I-20, EXIT 165",Lincoln,AL,615,3.109,33.580169,-86.127876
67264,CIRCLE K #4707016,US-1,Princeton,ME,170,3.88233333,45.144593,-67.526972
67265,CIRCLE K #4707048,US-2,Lincoln,ME,170,3.73233333,45.362677,-68.501730
67269,ONVO TRAVEL PLAZA - GOULDSBORO,"I-380, EXIT 13 & SR-507",Gouldsboro,PA,200,3.58566666,41.245668,-75.441703
67271,KWIK TRIP #330,US-169 & SR-25,Belle Plaine,MN,451,3.379,44.619780,-93.764595
67272,PILOT TRAVEL CENTER #922- TOWN PUMP,US-2 & SR-40,Columbia Falls,MT,820,3.649,48.371476,-114.191834
67273,LOVES TRAVEL STOP #396,I-26 EXIT 76,Newberry,SC,30,3.41566666,34.279880,-81.600333
67274,KWIK STAR #790,"US-20, EXIT 275 & SR-13",Manchester,IA,335,3.56233333,42.485339,-91.456086
67275,KWIK TRIP #481,US-61,Red Wing,MN,451,3.324,44.581265,-92.605011
67279,LOVES TRAVEL STOP #391,"I-74, EXIT 123",Saint Paul,IN,375,3.989,39.428152,-85.628713
67281,PARKERS SURRENCY #208,US-341/SR-27 & SR-121,Surrency,GA,195,3.58566666,31.721916,-82.197823
67282,RUTTERS #65,"I-81, EXIT 14 & US-11",Chambersburg,PA,70,4.399,39.931433,-77.655642
67283,PILOT #4597,"I-40, EXIT 258/SR-53",Gordonsville,TN,460,3.24566666,36.186129,-85.931490
67284,LOVES TRAVEL STOP #390,"I-80, EXIT 179",North Platte,NE,475,3.45566666,41.124960,-100.750359
67285,CASEY'S #4504,"I-35, EXIT 159 & CR-C47",Dows,IA,433,3.299,42.658364,-93.502041
67292,LOVES TRAVEL STOP #304,"I-59, EXIT 174",Steele,AL,615,3.989,33.941378,-86.192107
67293,KWIK TRIP #367,SR-33/CR-A,Fox Lake,WI,582,3.24566666,43.561568,-88.914752
67294,MAPLEFIELDS,"I-87, EXIT 42/SR-11",Champlain,NY,300,3.799,44.988281,-73.432429
67296,LOVES TRAVEL STOP #340,"I-15, EXIT 64 & US-93",Las Vegas,NV,910,3.689,36.233499,-115.264037
67297,BAR-B,I-20 EXIT 370 & FM-919,Gordon,TX,637,2.93233333,32.545546,-98.367183
67298,SPEEDWAY #5360,US-42,London,OH,315,3.099,39.892845,-83.438875
67302,KUM & GO #0187,"I-90, EXIT 87",Sherburn,MN,440,3.18733333,43.654900,-94.727489
67303,KUM & GO #0615,"I-29, EXIT 15",Elk Point,SD,527,3.07233333,42.681224,-96.680480
67304,JACKRABBIT JUNCTION,"SR-60, EXIT 51 & CR-A22",Sibley,IA,521,3.26566666,43.401476,-95.743031
67306,150 QUICK STOP,US-150/SR-605,Bardstown,KY,415,3.17233333,37.817665,-85.455345
67307,CMS FUELING CENTER,I-69 EXIT 153 AT MILE 153,Lapeer,MI,342,3.899,43.045127,-83.326746
67308,FUEL STAR,SR-48,New Orleans,LA,619,3.279,30.053420,-89.934502
67311,HOLIDAY STATIONSTORE #2746409,US-53 & CR-13,Duluth,MN,334,3.499,46.774458,-92.134135
67312,RHODES 101 STOP #790,"I-55, EXIT 91",Scott City,MO,275,3.424,37.224530,-89.537647
67313,Majors 660 Diboll Truck Plaza,US-59,Diboll,TX,610,2.83233333,31.188315,-94.782885
67316,LOVES TRAVEL STOP #302,US-287 & US-412,Boise City,OK,585,3.40233333,36.731336,-102.509522
67321,LOVES TRAVEL STOP #388,"I-55, EXIT 246 & SR-35",Batesville,MS,655,3.46066666,34.320982,-89.924878
67322,LOVES TRAVEL STOP #398,"US-78, EXIT 81 & SR-178",Tupelo,MS,435,3.88233333,34.270604,-88.732455
67323,PUMP & PANTRY #13,US-281/SR-92,Saint Paul,NE,330,3.30733333,41.213669,-98.459446
67325,LOVES TRAVEL STOP #225,"I-65, EXIT 93 & US-84",Evergreen,AL,720,3.339,31.433216,-86.976081
67329,LOVES TRAVEL STOP #387,"I-85, EXIT 4",Fair Play,SC,16,3.21233333,34.508090,-82.986838
67331,LOVES TRAVEL STOP #227,"I-20 /I-59, EXIT 100 & SR-216",Mc Calla,AL,615,3.159,33.303112,-87.026660
67333,PILOT #880,"I-84, EXIT 1",Montague,NJ,105,3.999,41.280958,-74.730511
67334,KWIK TRIP #338,US-51,Plover,WI,395,3.299,44.462020,-89.537971
67335,TOP STOP MARKET,"I-24, EXIT 111",Manchester,TN,285,3.01566666,35.464125,-86.072895
67336,LOVES TRAVEL STOPS #342,"I-37, EXIT 72 & US-281",Three Rivers,TX,740,3.089,28.466853,-98.177947
67336,LOVES TRAVEL STOP #342,"I-37, EXIT 72 & US-281",Three Rivers,TX,740,3.169,28.466853,-98.177947
67337,KWIK TRIP #422,"I-94, EXIT 322",Oak Creek,WI,444,3.744,42.878693,-87.898676
67338,HUTCH'S #114,US-81,Enid,OK,337,2.999,36.406702,-97.869861
67340,MCCLURE,I-74 EXIT  34,Crawfordsville,IN,375,3.61566666,40.041092,-86.897682
67341,CASEYS #3898,"US-151, EXIT 49 & CR-E34",Anamosa,IA,380,3.359,42.108825,-91.275205
67342,One9 #1414,"I-81, EXIT 128",Elliston,VA,185,3.24233333,37.223009,-80.215723
67343,EAGLE EXPRESS,US-41,Peshtigo,WI,360,3.399,45.059392,-87.749483
67344,DODGE CITY SHELL,"I-65, EXIT 299",Hanceville,AL,615,3.95233333,34.064010,-86.764436
67345,STEELE SERVICE STATION,"I-59, EXIT 174",Steele,AL,587,3.889,33.941378,-86.192107
67348,LOVES TRAVEL STOP #389,I-90 EXIT 241,Conneaut,OH,305,3.849,41.927299,-80.568382
67350,DE PERE SUPER STORE,US-41,De Pere,WI,360,3.25566666,44.430990,-88.079936
67356,PRIDE CONVENIENCE STORE,"I-91, EXIT 8 & US-20",Springfield,MA,100,3.559,42.115454,-72.539978
67357,LOVES TRAVEL STOP #353,"I-29, EXIT 62",Fargo,ND,341,3.52566666,46.864700,-96.829080
67358,KWIK TRIP #453,SR-35/SR-65,River Falls,WI,451,3.44733333,44.860850,-92.625708
67359,SAGE HILL TRAVEL CENTER,"I-15, EXIT 89 & US-91",Blackfoot,ID,825,3.569,43.194595,-112.346811
67360,BP,"I-95/SR-405, EXIT 49 & SR-251",Darien,GA,195,3.539,31.343489,-81.424103
67361,SUMNER TRUCK STOP,SR-167,Sumner,WA,977,4.299,47.227215,-122.236264
67362,TA Glenrio,"I-40, Exit 369 & SR-392",San Jon,NM,585,3.899,35.111299,-103.336299
67364,KWIK TRIP #373,"I-94, EXIT 295",Waukesha,WI,444,3.45733333,42.960422,-88.249314
67365,KWIK TRIP #491,US-151,Manitowoc,WI,582,3.38233333,44.097981,-87.678945
67366,KWIK TRIP #499,"I-43, EXIT 57",New Berlin,WI,444,3.49066666,42.972000,-88.129168
67367,KWIK TRIP #757,US-14/US-61/SR-27,Viroqua,WI,515,3.359,43.560622,-90.886155
67368,KWIK TRIP #653,"I-39, EXIT 87 & US-51/SR-16",Portage,WI,420,3.274,43.548951,-89.465866
67369,KENOSHA TRAVEL PLAZA,"I-94, EXIT 340/US-41 & SR-142",Kenosha,WI,444,3.719,42.587526,-87.879996
67371,PARAMOUNT TRAVEL PLAZA,"I-30, EXIT 46 & SR-19",Prescott,AR,635,3.379,33.804320,-93.391207
67380,MILLERS TRAVEL CENTER,"I-80, EXIT 1",Wendover,UT,835,3.599,40.724025,-114.025097
67381,ENMARKET #875,US-78 & US-21,Branchville,SC,195,3.26566666,33.251712,-80.816078
67382,CORNER PANTRY TRAVEL PLAZA,SR-79 & SR-40,Hermosa,SD,506,3.299,43.840434,-103.189707
67383,FRIENDSHIP FOOD MART #96,SR-101/SR- 2,Sandusky,OH,550,3.529,41.455885,-82.714436
67391,SHOEMAKERS SHELL TRAVEL CENTER,I-80 EXIT 395 AT MILE 395,Lincoln,NE,413,3.349,40.810284,-96.674856
67393,LOVES TRAVEL STOP #280,"I-10, EXIT 114",Buckeye,AZ,930,3.569,33.431573,-112.641626
67394,Circle K #2745133,US-23 & SR-38,Waycross,GA,75,3.399,31.211006,-82.357658
67395,KUM & GO #0267,"I-80, EXIT 267 & SR 38",Tipton,IA,380,2.98233333,41.770121,-91.128281
67396,Q C MART,US-61 & CR-E63,Welton,IA,270,3.699,41.905503,-90.595614
67397,EXPRESS LANE #51,I-80 EXIT 93 ROUTE 71,Ottawa,IL,290,3.899,41.354046,-88.823408
67397,EXPRESS LANE #51,I-80 EXIT 93 ROUTE 71,Ottawa,IL,290,3.599,41.354046,-88.823408
67398,CASEYS #3998,SR-13 & HWY-C,Lowry City,MO,400,3.249,38.140018,-93.726769
67400,SPEEDWAY #3547,I-75 & 696,Lima,OH,411,3.499,40.740679,-84.112091
67401,QUIKTRIP #973,"I-45, EXIT 272",Hutchins,TX,630,2.88233333,32.643392,-96.709833
67402,TA EXPRESS HOT SPRINGS,US-395/US-18 & SR-79,Hot Springs,SD,506,3.299,43.419530,-103.465089
67404,Meskwaki Travel Plaza,HIGHWAY 30 E,Tama,IA,486,3.234,41.965123,-92.573799
67405,ANTELOPE TRUCK STOP,"I-80, EXIT 386",Burns,WY,795,3.199,41.190871,-104.359035
67406,GETGO #3701,"I-99, EXIT 23",East Freedom,PA,14,4.099,40.355235,-78.430471
67408,STOCKTON TRAVEL CENTER,US-20/SR-78,Stockton,IL,520,3.599,42.352509,-90.001933
67409,XTRA MART #7025,SR-146,Sutton,MA,175,3.649,42.132049,-71.750322
67410,STRIPES #40532,US-83 & US-277,Carrizo Springs,TX,740,3.349,28.525843,-99.859255
67411,LOVES TRAVEL STOP #226,"I-25, EXIT 104",Pueblo,CO,803,3.619,38.269228,-104.610816
67414,PILOT TRAVEL CENTERS #590,"I-94, EXIT 100",Alexandria,MN,250,3.46566666,45.877178,-95.376965
67416,CASEYS #4025,US-61/SR-92,Muscatine,IA,380,3.299,41.419058,-91.067946
67417,QUIKTRIP #444,"I-10 EXIT, 139",Phoenix,AZ,930,3.369,33.572154,-112.090132
67418,KUM & GO #0080,"US-218/SR-27, EXIT 80 & SR-22",Riverside,IA,380,3.09733333,41.483235,-91.572195
67419,LOVES TRAVEL STOP #359,"I-75, EXIT 283",Cartersville,GA,18,3.55566666,34.164579,-84.801704
67420,LOVES TRAVEL STOP #369,I-40 EXIT 163 & SR-48,Dickson,TN,460,3.17566666,36.063320,-87.368842
67421,LOVES TRAVEL STOP #375,US-79/SR-6 & FM-485,Hearne,TX,670,3.489,30.877062,-96.595217
67422,KUM & GO #0137,"I-80, EXIT 237",Tiffin,IA,380,3.099,41.705183,-91.653593
67423,FIRELAKE GRAND TRAVEL PLAZA,"I-40, EXIT 178 & SR-102",Shawnee,OK,483,2.899,35.369413,-96.956408
67424,FLORIDA 595 TRUCK STOP,"I-595/SR-84, EXIT 9 & US-441",Fort Lauderdale,FL,64,3.769,26.141227,-80.146731
67425,LITTLEFIELD EXPRESS #15,"US-67, EXIT 55 & SR-258",Bald Knob,AR,695,3.309,35.312539,-91.571253
67426,Spearville Truck Stop,"I-56, 126 RD",Spearville,KS,570,3.46566666,37.848067,-99.754714
67427,CASEYS #2907,I-57 & I-62,Charleston,MO,275,3.044,36.916934,-89.333912
67428,CONOCO,"I-95, EXIT 12",Carteret,NJ,79,3.499,40.583790,-74.227457
67429,7-ELEVEN #40396,"NJTP, EXIT 8A",Monroe Township,NJ,115,3.559,39.660224,-74.969195
67431,SPARKYS ONE STOP #32,I-30 & CR 33,Carroll,IA,320,3.23233333,42.070359,-94.864643
67432,PILOT TRAVEL CENTERS #471,US-27 & US-17,Haines City,FL,140,3.559,28.112817,-81.616537
67432,PILOT TRAVEL CENTER #471,US-27 & US-17,Haines City,FL,140,3.569,28.112817,-81.616537
67434,SHELL FOOD MART,"I-35, EXIT 54",Cameron,MO,400,2.99066666,39.743977,-94.232367
67435,7 ELEVEN #40122,I-95 MM2,Newark,DE,160,3.459,39.677649,-75.757479
67436,7-ELEVEN #40069,"I-81, EXIT 29",Shippensburg,PA,70,3.42233333,40.048733,-77.523193
67437,CANDIA FIRST STOP,"SR-101, EXIT 3",Candia,NH,170,3.899,43.056895,-71.340635
67438,LOVES TRAVEL STOP #363,"I-75, EXIT 358 & SR-326",Ocala,FL,225,3.353,29.177510,-82.151025
67438,LOVES TRAVEL STOPS #363,"I-75, EXIT 358 & SR-326",Ocala,FL,225,3.329,29.177510,-82.151025
67439,LOVES TRAVEL STOPS #380,US-287/SR-114,Rhome,TX,630,3.089,33.078895,-97.493199
67439,LOVES TRAVEL STOP #380,US-287/SR-114,Rhome,TX,630,3.161,33.078895,-97.493199
67440,PILOT TRAVEL CENTERS #503,"I-79, EXIT 146 & CR-77",Morgantown,WV,165,4.059,39.637487,-79.946856
67442,PILOT #4598,I-75 EXIT 56,Niota,TN,285,3.599,35.517166,-84.549854
67443,PILOT #4599,"I-24, EXIT 135",Monteagle,TN,285,3.33566666,35.235845,-85.850242
67612,FLYING J TRAVEL PLAZA #914- TOWN PUMP,"I-90, EXIT 96 & US-93/SR-200",Missoula,MT,820,3.609,46.874359,-114.026136
67613,KWIK STAR #490,"US-20, EXIT 225 & SR-27/SR-58",Cedar Falls,IA,565,3.524,42.519070,-92.454009
67614,KWIK TRIP #622,US-14 & CR-5,Byron,MN,515,3.574,44.038344,-92.640823
67615,KWIK TRIP #844,US-63,Lake City,MN,515,3.549,44.445705,-92.280925
67616,KWIK TRIP #887,"US-41, EXIT 139 & SR-15",Appleton,WI,582,3.30233333,44.278873,-88.388284
67618,7-ELEVEN #40441,I-80 MM 21E,West Unity,OH,550,3.66233333,41.588977,-84.430295
67619,7-ELEVEN #40442,"I-80, MM 21W",West Unity,OH,550,3.66233333,41.588977,-84.430295
67620,LOVES TRAVEL STOP #452,"I-35, EXIT 70",Pauls Valley,OK,253,3.649,34.710206,-97.224027
67621,FLYING J TRAVEL PLAZA #925- TOWN PUMP,"I-15, EXIT 277",Great Falls,MT,815,3.63566666,47.502518,-111.299970
67622,LOVES TRAVEL STOP #454,"I-5/US-12, EXIT 72",Chehalis,WA,977,4.589,46.664176,-122.965425
67623,LOVES TRAVEL STOP #301,"I-90, EXIT 2",Post Falls,ID,970,3.74566666,47.725559,-116.944167
67624,LOVES TRAVEL STOP #300,I-70 EXIT 304,Bennett,CO,800,3.32566666,39.741727,-104.428719
67625,LOVES TRAVEL STOP #453,"I-10, EXIT 130 & US-231",Cottondale,FL,20,3.553,30.789730,-85.366039
67625,LOVES TRAVEL STOPS #453,"I-10, EXIT 130 & US-231",Cottondale,FL,20,3.589,30.789730,-85.366039
67626,KWIK TRIP #316,SR-15 N/SR-22 E,Hutchinson,MN,451,3.279,44.885358,-94.376876
67627,PILOT #4556,"I-75, EXIT 329",Wildwood,FL,225,3.22566666,28.805813,-82.007324
67627,PILOT TRAVEL CENTER #4556,"I-75, EXIT 329",Wildwood,FL,225,3.319,28.805813,-82.007324
67628,LOVES TRAVEL STOP #394,"I-65,EXIT 230",Demotte,IN,365,3.51233333,41.199271,-87.195453
67629,KWIK TRIP #681,"I-94, EXIT 205",Saint Michael,MN,451,3.29733333,45.199238,-93.689526
67630,KWIK TRIP #630,US-151/SR-32/SR-57,Chilton,WI,582,3.36566666,44.030188,-88.161667
67634,54 TRUCK STOP,US-54,Mullinville,KS,357,3.46566666,37.588574,-99.475560
67635,LOVES TRAVEL STOP #456,I-280 EXIT 1B,Perrysburg,OH,550,3.76066666,41.538986,-83.644132
67636,LOVES TRAVEL STOPS #258,"I-35, EXIT 183",Ottawa,KS,336,3.239,38.598191,-95.262773
67636,LOVES TRAVEL STOP #258,"I-35, EXIT 183",Ottawa,KS,336,3.263,38.598191,-95.262773
67637,Power Gas & Truck Stop,US-1/US-9/US-46 & SR-5,Palisades Park,NJ,115,3.219,40.847017,-73.997061
67641,DANIEL BOONE TRAVEL CENTER,US-23 /US-421/US-58 & SR-871,Duffield,VA,405,3.55733333,36.719629,-82.795967
67642,GO MART FOOD STORE #103,SR-16 & CR 50/39,Ellenboro,WV,44,3.699,39.270009,-81.055655
67643,QUALITY MART #62,I-77 EXIT 82,Jonesville,NC,65,2.859,36.235280,-80.833680
67645,CIRCLE K #2721416,US-441 & SR-20,Gainesville,FL,75,3.899,29.679537,-82.346793
67647,BUCHS TRUCK STOP,SR-7,Steubenville,OH,542,3.69233333,40.366310,-80.657061
67650,VIRGINIA FAST STOP,SR-78 & SR-125,Virginia,IL,318,3.759,39.952942,-90.210446
67651,SIMMONS,US-60/SR-21,Ellsinore,MO,275,3.424,36.932839,-90.747672
67652,ON THE GO TRAVEL CENTER,"I-435, EXIT 8",Kansas City,KS,400,3.999,39.122539,-94.741781
67655,CIRCLE K #2706627,"I-10, EXIT 261",Slidell,LA,725,3.189,30.288913,-89.782926
67656,KWIK TRIP #888,US-10/US-49 & SR-54,Waupaca,WI,395,3.45733333,44.350048,-89.070003
67657,KWIK TRIP #463,US-52/SR-60,Zumbrota,MN,515,3.524,44.295165,-92.672870
67658,MIRABITO #41,I-81 EXIT 13,Tully,NY,12,4.299,42.798186,-76.110237
67664,CEFCO #16,SR-171,Godley,TX,637,2.98233333,32.462178,-97.533084
67665,ALL STAR,US-75 N,Sabetha,KS,553,3.499,39.910228,-95.792832
67666,5 STAR TRUCK STOP,"I-44, EXIT 137",Oklahoma City,OK,483,2.879,35.467079,-97.513657
67668,ADVENTURE TRUCK PLAZA,SR-3185 & SR-3107,Thibodaux,LA,623,3.399,29.794874,-90.814578
67669,ONE9 #1271,SR-86,Thermal,CA,900,4.299,33.626195,-116.130834
67669,CHEVRON DBA ONE9 #1271,SR-86,Thermal,CA,900,4.259,33.626195,-116.130834
67676,VALERO,"I-530/US-65, EXIT 34 & SR-365",White Hall,AR,695,3.16566666,34.275179,-92.100649
67677,BIGGAS TRUCK STOP,US-190/SR-6 & FM-2818,Bryan,TX,670,3.199,30.666016,-96.381049
67678,7-ELEVEN #40301,I-90/I-80,Genoa,OH,550,3.66233333,41.518541,-83.364262
67682,CASEYS #2739,1323 E MAIN ST,Beloit,KS,336,3.359,39.464698,-98.108340
67683,CASEYS #2734,"I-80, EXIT 222",Cozad,NE,330,3.03233333,40.861301,-99.986366
67684,CASEYS #2490,"I-35, EXIT 124 & US-69",Story City,IA,320,3.06233333,42.185743,-93.586885
67685,CASEYS #2792,"I-380/US-218, EXIT 13",Cedar Rapids,IA,380,3.499,41.964190,-91.679170
67686,CASEYS #2956,"I-315/US-81, EXIT 40",Hesston,KS,570,3.199,38.140083,-97.426970
67690,CEFCO #64,ST RT 14,Mexia,TX,765,3.099,31.680693,-96.483203
67695,MOREHEAD TRUCKSTOP,"I-64, EXIT 133 & SR- 801",Morehead,KY,255,3.599,38.190026,-83.449072
67697,FLORENCE TRAVEL PLAZA,"I-95, EXIT 150",Timmonsville,SC,42,3.999,34.133127,-79.940961
67698,FRONTIER TRAVEL CENTER,US-12 & US-85,Bowman,ND,807,3.53233333,46.184324,-103.402946
67699,GAP FARMS TRAVEL CENTER,"I-20, EXIT 69 & SR-151",Arcadia,LA,590,3.249,32.550848,-92.921373
67701,MARATHON,"I-94, EXIT 331",Casselton,ND,341,3.31566666,46.896365,-97.212604
67703,SPEEDWAY #6880,CR-611,Clearwater,FL,225,3.37733333,27.979419,-82.771256
67705,CITGO,US-1,North Brunswick,NJ,115,3.18566666,40.450392,-74.479416
67706,SPEEDWAY #3495,US-1/9,Elizabeth,NJ,115,3.599,40.666367,-74.193503
67707,SPEEDWAY #3503,"I-95, EXIT 13 & I-278/US-1/US-9",Linden,NJ,115,3.429,40.627337,-74.236310
67711,HOUMA COTEAU TRAVEL PLAZA,I-90/SR-20,Houma,LA,725,3.06233333,29.578681,-90.708023
67712,CASEYS #3810,"I-29, EXIT 132 & US-14",Volga,SD,530,3.279,44.321832,-96.922207
67715,HUTCH'S #109,"I-40, EXIT 38",Elk City,OK,483,2.969,35.389612,-99.428749
67716,HWY 19 SCALE,"SR-19/I-35, EXIT 66",Gaylord,MN,425,3.46566666,44.555770,-94.213222
67718,SUNSTOP #622,SR-52 & SR-167,Hartford,AL,715,3.599,31.105348,-85.691225
67720,REFUEL #1046,"I-20, EXIT 116 & US-15",Bishopville,SC,42,3.309,34.220070,-80.247370
67721,J AND D COUNTRYSIDE MARTHON,SR-76 & SR-173,Poplar Grove,IL,520,3.499,42.351097,-88.843783
67723,JET FOOD STORE #80,US-221/SR-135 & SR-206,Douglas,GA,10,3.45733333,31.506114,-82.854335
67724,LOVES TRAVEL STOP #458,"I-44, EXIT 88",Strafford,MO,416,3.37233333,37.268711,-93.117963
67726,SPEEDWAY #7909,"US-264, EXIT 73",Greenville,NC,205,3.13233333,35.596431,-77.375256
67727,SPEEDWAY #7907,US-264 & SR-33,Greenville,NC,205,2.944,35.596431,-77.375256
67728,SPEEDWAY #7905,SR-43 & SR-118,Vanceboro,NC,205,3.37566666,35.303057,-77.156700
67729,SPEEDWAY #6981,US-301 BYP,Rocky Mount,NC,177,3.43233333,35.968514,-77.808294
67732,Quik Pik,US-275 & SR-9,West Point,NE,470,3.21566666,41.837741,-96.705918
67734,TROTTER TRUCK PLAZA,ST 11,Ord,NE,330,3.299,41.602781,-98.919257
67735,Fast Fuel,US-81/SR-3,Kingfisher,OK,483,3.19066666,35.844726,-97.939308
67736,SPEEDWAY #9855,I-10 EXIT 49,Fabens,TX,640,3.23566666,31.513974,-106.145258
67738,SUPER JACK TRUCK STOP,US-84,Brookhaven,MS,620,3.11566666,31.580567,-90.443386
67739,STRIPES #40819,SR-359,Orange Grove,TX,625,3.06566666,27.956203,-97.938553
67742,STRIPES 7FLEET #42514,"I-20, EXIT 138",Midland,TX,710,3.459,32.024642,-102.113467
67743,STRIPES 7FLEET #42506,US-380 & US-277,Haskell,TX,575,3.539,33.159775,-99.732032
67744,STRIPES #40715,SR-107,La Villa,TX,639,3.169,26.296308,-97.926912
67745,STRIPES #40628,"I-2, EXIT 134 & US-83",Mission,TX,639,3.259,26.204060,-98.325221
67746,STRIPES #40598,I-2/US-83,Mission,TX,639,2.869,26.204060,-98.325221
67747,STRIPES 7FLEET #42424,US-87/US-190,Brady,TX,740,3.599,31.115378,-99.345935
67748,STRIPES 7FLEET #42428,"I-20 EXIT, 115",Odessa,TX,710,3.069,31.880461,-102.345314
67749,STRIPES 7FLEET #42436,I-20 EXIT 134,Midland,TX,612,3.06566666,32.024642,-102.113467
67750,STRIPES #40729,FM-511 & FM-802,Brownsville,TX,598,2.999,25.989404,-97.480625
67753,STRIPES #40892,SR-359 & SR-16,Hebbronville,TX,625,3.28566666,27.324984,-98.685665
67754,Refuel #185,US-220,Stokesdale,NC,65,3.699,36.228073,-79.977413
67755,BLUE WATER #12,"I-526, EXIT 23",Charleston,SC,42,3.23233333,32.828017,-79.972896
67757,KEITH'S SUPERSTORE,"I-59, I-20, EXIT 160",Meridian,MS,705,3.049,32.384170,-88.689448
67758,CLARKS PUMP N SHOP #47,SR-10/SR-9,Vanceburg,KY,312,3.599,38.594531,-83.323614
67762,CEFCO #2008,US-83/US-62 & US-287,Childress,TX,770,2.91566666,34.435452,-100.282382
67763,SHELL,US-72,Mount Pleasant,MS,435,3.399,34.953977,-89.525599
67764,NINNEKAH TRUCK STOP,US-277/US-81 & SR-19,Ninnekah,OK,483,3.229,34.964011,-97.944707
67766,STOP IN Food Store #8143,US-221/US-460 & SR-607,Montvale,VA,185,3.36566666,37.385171,-79.725502
67768,SHELL,US-60 & SR-657,Lewisport,KY,487,3.499,37.930668,-86.902816
67771,DUCK THRU FOOD STORE #26,"I-95, EXIT 154 & SR-308 & SR-11/SR-42",Lewiston Woodville,NC,177,3.399,36.114886,-77.179554
67772,STEVES SHELL,"I-55, EXIT 42",Brookhaven,MS,620,3.199,31.580567,-90.443386
67774,7-ELEVEN #39329,I-278/US-1,Linden,NJ,79,3.37566666,40.627337,-74.236310
67777,CIRCLE K #2721270,"I-95, EXIT 358B, SR-105",Jacksonville,FL,75,3.34233333,30.336864,-81.661603
67779,REATA PETROLEUM,I-76 & BARLOW RD,Fort Morgan,CO,800,3.439,40.253003,-103.788652
67782,SAMS MART #45,"I-40, EXIT 24 & SR-209",Waynesville,NC,405,3.599,35.485709,-82.999115
67783,RUTTERS #4,US-30 & SR-1016/2011,Wrightsville,PA,70,3.989,40.023875,-76.531207
67784,HAVANA CONVENIENCE,US-136,Havana,IL,368,3.799,40.295109,-90.057810
67787,PWI #109,"I-20, EXIT 126",Midland,TX,710,2.999,32.024642,-102.113467
67789,BEAR RIVER VALLEY CO OP,SR-13/SR-83,Corinne,UT,835,3.419,41.551464,-112.125015
67791,KINGSPORT TRUCK STOP,"I-81, EXIT 63",Kingsport,TN,405,3.899,36.519370,-82.543393
67793,PILOT TRAVEL CENTER #131,"I-35, EXIT 34",Osceola,IA,320,3.459,41.034955,-93.786603
67793,PILOT TRAVEL CENTERS #131,"I-35, EXIT 34",Osceola,IA,320,3.439,41.034955,-93.786603
67794,ROAD RANGER #181,"I-55, EXIT 90",Springfield,IL,318,3.299,39.791063,-89.644572
67794,ROAD RANGER #181,"I-55, EXIT 90",Springfield,IL,318,3.399,39.791063,-89.644572
67794,ROAD RANGER #181,"I-55, EXIT 90",Springfield,IL,318,3.409,39.791063,-89.644572
67795,ROAD RANGER #263,"I-80, EXIT 93",Ottawa,IL,520,3.219,41.354046,-88.823408
67795,ROAD RANGER #263,"I-80, EXIT 93",Ottawa,IL,520,3.239,41.354046,-88.823408
67795,ROAD RANGER #263,"I-80, EXIT 93",Ottawa,IL,520,3.399,41.354046,-88.823408
67795,ROAD RANGER #263,"I-80, EXIT 93",Ottawa,IL,520,3.339,41.354046,-88.823408
67797,CHEVRON,US-71 & SR-179,Coushatta,LA,745,3.15566666,32.025834,-93.340597
67798,SUNSTOP #631,SR-231/SR-53 & SR-123,Ozark,AL,20,3.599,31.451615,-85.645035
67801,SUNOCO,"I-275, EXIT 42/SR-747",Cincinnati,OH,407,3.099,39.140183,-84.505829
67804,SUNSTOP #616,US-84/SR-134 & CR-1,Daleville,AL,20,3.399,31.291534,-85.711711
67806,84 QUICK STOP,I-84,Brookhaven,MS,620,3.149,31.580567,-90.443386
67811,QUICK FUEL #5301,SR-360,Grand Prairie,TX,637,3.024,32.678930,-97.020743
67813,LEROY TRUCK PLAZA,"I-74, EXIT 149",Le Roy,IL,280,3.479,40.339371,-88.761098
67815,LOVES TRAVEL STOP #254,"I-70, EXIT 59 & SR-39",Mooresville,IN,375,3.929,39.602494,-86.368715
67818,LOVES TRAVEL STOP #457,"I-30/US-67/US-70, EXIT 128",Little Rock,AR,695,3.24233333,34.725393,-92.358556
67819,BREW #31,US-71/US-18,Spencer,IA,440,3.46566666,43.147025,-95.152691
67821,FAS MART #5261,SR-9 & SR-57,Tollesboro,KY,410,3.35233333,38.599008,-83.545458
67822,SPINX #178 (DISCOUNT AVAILABLE),"I-385, EXIT 42 & I-85, EXIT 51B & US-25",Travelers Rest,SC,210,3.19233333,34.960031,-82.445009
67823,FLASH MARKET #17032,"I-555/US-63, EXIT 29 & SR-69",Trumann,AR,435,3.40733333,35.676980,-90.526094
67824,CIRCLE K #2723641,US-231/SR-87/SR-10/SR-53 & CR-21,Troy,AL,720,3.799,31.801960,-85.967130
67826,VALLEN MART,US-14,Volga,SD,566,3.319,44.321832,-96.922207
67827,GAS N GO,US-280/SR-27 & SR-520,Richland,GA,10,3.199,32.088762,-84.662001
67829,KWIK TRIP #721,SR-19 & SR-73,Marshall,WI,420,3.49733333,43.170486,-89.062647
67832,Sprint Mart #45,US-278/US-45,Tupelo,MS,742,3.189,34.270604,-88.732455
67833,PETES #05,US-59 & US-400,Parsons,KS,307,3.299,37.334013,-95.264998
67835,CIRCLE K #2723782,"I-40, EXIT 38 & US-421",Greensboro,NC,65,3.08233333,36.094850,-79.823624
67837,PILOT TRAVEL CENTER #1054,US-183 & SR-21,Buda,TX,740,3.41566666,30.074520,-97.851239
67839,EL TIGRE FOOD STORE #13,SR-336,Hidalgo,TX,639,3.21566666,26.108943,-98.246160
67841,CIRCLE K #2723844,US-15/US-501/US-1,Sanford,NC,177,3.049,35.493776,-79.176464
67842,CIRCLE K #4707627,"I-81, EXIT 48",Watertown,NY,220,4.099,43.973292,-75.910039
67844,UNCLE WILLIES #1288,US-13,Felton,DE,243,3.219,39.012443,-75.576357
67846,CEDAR RIVER PLAZA,SR-35,Stephenson,MI,360,3.419,45.413734,-87.609107
67847,E Z PICKENS,"US-20, EXIT 275 & SR-13",Manchester,IA,335,3.579,42.485339,-91.456086
67848,JEMISON EXXON,"I-65, EXIT 219 & CR-42",Jemison,AL,615,3.299,32.970705,-86.733070
67849,KUM & GO #0379,US-412/ US-63 & SR-25,Black Rock,AR,435,3.199,36.106237,-91.107480
67854,CircleK #2709341,US-411,Chatsworth,GA,285,3.499,34.779500,-84.786518
67855,FAS MART #5262,"I-64, EXIT 94 & SR-1958/SR-2888",Winchester,KY,410,2.90733333,38.002364,-84.190586
67859,PILOT #1135,US-281,Falfurrias,TX,639,3.459,27.224410,-98.145191
67860,SHELL,"I-55, EXIT 227 & SR-32",Oakland,MS,435,2.999,34.057581,-89.913225
67861,CASEYS #4308,US-34,Chariton,IA,320,3.539,41.017447,-93.309629
67862,SUNOCO TRUCK STOP,"I-70, EXIT 123 & SR-3",Spiceland,IN,375,3.399,39.843224,-85.426028
67866,QUICK DRAW TRAVEL PLAZA,"I-20, EXIT 49 & SR-531",Minden,LA,590,3.01233333,32.619146,-93.272754
67868,CHEVRON,SR-19,Huntsville,TX,670,2.979,30.700542,-95.554890
67871,BASIN MARKET #107,US-40,Vernal,UT,810,3.599,40.451670,-109.538083
67872,SMOKIES,US-45,Okolona,MS,576,3.099,34.005061,-88.747692
67874,RUTTERS #56,"I-83, EXIT 39A & SR-114",New Cumberland,PA,70,3.899,40.228765,-76.878291
67875,EXXON TIGER MART,"US-67/US-167, EXIT 28 & US-64",Beebe,AR,695,3.299,35.072433,-91.901059
67876,KUM & GO #0880,"US-412, EXIT 36",Stillwater,OK,560,2.954,36.131496,-97.074464
67877,CIRCLE K #4703701,I-24 EXIT 70,Smyrna,TN,460,3.03233333,35.969019,-86.528617
67879,Strike,US-287/96/69 & SR-347,Beaumont,TX,610,3.499,30.084912,-94.145330
67883,CASH MAGIC HOLLYWOOD,US-90,Berwick,LA,725,3.399,29.700548,-91.235184
67884,ROADRUNNER FUELS,US-550/SR-544,Aztec,NM,614,3.77566666,36.815898,-107.970312
67886,MAVERIK #5200,"I-70 BUSINESS, EXIT 25, CR-24",De Beque,CO,800,3.44233333,39.309989,-108.204999
67887,AIRLINE CHEVRON,US-61,Kenner,LA,725,3.099,30.010227,-90.254820
67890,KUM & GO #0449,US-60/US-71,Neosho,MO,535,3.05566666,36.845458,-94.376438
67892,TURRELL FUEL STOP,"I-55, EXIT 21",Turrell,AR,435,3.46566666,35.374609,-90.270384
67894,CIRCLE K #2705098,US-27 & SR-44,Leesburg,FL,140,3.57233333,28.717206,-81.903089
67897,KENT KWIK #273,SR-302 & SR-18,Kermit,TX,710,3.039,31.853912,-103.092386
67900,SPRINT FOODS #725,"I-520, EXIT 16/SR-28",Beech Island,SC,135,3.349,33.428596,-81.890318
67906,ON THE GO,SR-239,Prescott,KS,400,3.199,38.063122,-94.692512
67908,CIRCLE K #2744062,"I-25, EXIT 74",Colorado City,CO,796,3.349,37.939379,-104.843082
67910,G FUEL,US-40 & SR-140,Penns Grove,NJ,243,3.399,39.727704,-75.469035
67917,STRIPES 7FLEET #42510,"I-10, EXIT 256/US-285",Fort Stockton,TX,710,3.379,30.892574,-102.884210
67918,DELAWARE TRUCK STOP,"I-80, EXIT 4C/US-46",Delaware,NJ,90,3.079,40.892819,-75.069436
67922,EXXON,"I-20, EXIT 44 & US-371 & US-80/US-79",Minden,LA,745,3.399,32.619146,-93.272754
67923,MONROE CENTER BP OASIS,"I-39, EXIT 111/US-51 & SR-72",Monroe Center,IL,520,3.599,42.099934,-88.994399
67924,KUM & GO #0026,"I-90, EXIT 26",Adrian,MN,440,3.19066666,43.633560,-95.932804
67925,CHEVRON,US-61,Baton Rouge,LA,600,3.899,30.442174,-91.130894
67927,STONES TRUCK STOP,"I-29, EXIT 77/US-212",Watertown,SD,566,3.38233333,44.909188,-97.155685
67929,Circle K,SR-574,Plant City,FL,225,3.32566666,28.015355,-82.117805
67930,CIRCLE K #2721426,US-98/SR-30A & SR-368,Panama City,FL,145,3.29066666,30.239496,-85.530292
67931,Forks 1&23,US-1/US-23/SR-4 & SR-19,Alma,GA,195,3.599,31.543336,-82.475542
67932,SPRINT MART #4144,US-82/US-45/SR-12 & SR-182,Columbus,MS,576,3.01566666,33.508208,-88.407128
67933,SUNOCO,SR-50 & SR-471,Webster,FL,140,3.33566666,28.613131,-82.051298
67934,WHISPERING PINES,SR-10,Greensburg,LA,600,3.099,30.829640,-90.669859
67935,CIRCLE K #2707610,"I-10, EXIT 26",Milton,FL,155,3.23233333,30.629636,-87.051407
67938,TEXACO,"I-84, EXIT 376",Tremonton,UT,835,3.45566666,41.718178,-112.187719
67939,DELTA FUEL,"I-80, EXIT 242 & SR-339",Mifflinville,PA,138,3.36566666,41.030711,-76.302779
67940,MARTIN GENERAL STORE,US-22,Ebensburg,PA,14,3.524,40.488120,-78.726541
67941,FIESTA MART #21,"I-40, EXIT 278",Warner,OK,560,3.639,35.491693,-95.308945
67943,LOVES TRAVEL STOP #459,"I-65, EXIT 133 & SR-267",Whitestown,IN,375,3.62233333,39.971672,-86.371739
67949,7-ELEVEN #36835,"I-85, EXIT 32",Pelzer,SC,30,3.18233333,34.642859,-82.460473
67952,CIRCLE K #2707682,"I-75, EXIT 164 & US-17/SR-35",Punta Gorda,FL,225,3.399,26.897754,-82.065812
67957,CITGO,US-27,Hialeah,FL,64,3.47233333,25.869941,-80.302865
67965,DIAMOND #7,"I-65, EXIT 69",Brewton,AL,715,3.399,31.109175,-87.076583
67968,WHITESBURG BP,US-27/SR-16,Whitesburg,GA,18,3.699,33.492068,-84.914300
67974,TALL TIMBERS TRUCKSTOP,"I-10, EXIT 23 & SR-108",Sulphur,LA,690,3.83233333,30.229792,-93.356343
67976,KWIK TRIP #587,US-141 & SR-22,Lena,WI,582,3.28233333,44.953037,-88.047325
67977,KUM & GO #4127,"I-29, EXIT 127",Sloan,IA,527,3.109,42.233062,-96.224830
67994,Pure,US-82/SR-520/SR-135,Willacoochee,GA,10,3.46566666,31.335094,-83.044003
67997,CIRCLE K #2745137,"I-75/SR-401, EXIT 149 & SR-49",Byron,GA,85,3.199,32.649497,-83.747954
68002,CO RETAIL VENTURE DB,US-34 & SR-59,Yuma,CO,800,3.449,40.122511,-102.715636
68005,WESSON,"I-84, EXIT 22, SR-8, EXIT 22",Waterbury,CT,100,4.179,41.558500,-73.036685
68007,Highland oil,US-412,Hardy,AR,435,3.269,36.319645,-91.481503
68008,FAST LANE #3,US-64 & US-49,Mc Crory,AR,435,3.399,35.257326,-91.197276
68012,ROYAL FARMS #120,US-13/CR-16,Greenwood,DE,194,3.259,38.807163,-75.589996
68016,Chevron #386730,"I-10, EXIT 139",Phoenix,AZ,930,3.299,33.572154,-112.090132
68017,TEXACO,SR-89,Prescott,AZ,930,3.739,34.592241,-112.446733
68019,PAC PRIDE CARDLOCK,CR-25/CR-826,Miami,FL,95,3.479,25.775163,-80.208615
68020,EXXON,"I-10, EXIT 335/SR-121",Macclenny,FL,75,3.499,30.280699,-82.125634
68026,MINIT MART #600627,"I-57, EXIT 312",Kankakee,IL,399,3.449,41.101654,-87.863690
68029,MAPCO #3502,SR-151,Ringgold,GA,285,3.09233333,34.913616,-85.121393
68030,FIVE STAR EXPRESS,"I-520/SR-415, EXIT 16 & SR-28",Augusta,GA,135,3.499,33.444391,-82.022096
68031,ORCHARD STOP BP,US-30,Montgomery,IL,290,3.649,41.721028,-88.358114
68031,ORCHARD STOP BP,US-30,Montgomery,IL,290,3.549,41.721028,-88.358114
68033,CIRCLE K #2703175,"I-520/SR-415, EXIT 9 & SR-56",Augusta,GA,135,3.28233333,33.444391,-82.022096
68036,MOBIL,"I-95, EXIT 60",Salisbury,MA,178,3.599,42.831098,-70.847109
68040,MISHAWAKA ROAD FLEET SITE,SR-19 & CR-20,Elkhart,IN,465,3.689,41.692081,-85.962567
68043,CARROLL MOTOR FUELS,US-40,Middle River,MD,22,3.139,39.339519,-76.428702
68048,CASEYS #3961,SR-3 & SR-143,Marcus,IA,527,3.299,42.822401,-95.806842
68052,CUBBYS #302,SR-39 & SR-175,Odebolt,IA,319,3.31566666,42.311842,-95.254378
68053,KJ TRAVEL CENTER,"US-20, EXIT 310",Idaho Falls,ID,825,3.40733333,43.489616,-112.035340
68055,Gallops,US-20,Michigan City,IN,370,3.399,41.708776,-86.866875
68062,FARMERS UNION OIL,US-83,Wilton,ND,390,3.899,47.157893,-100.784377
68065,Caseys #4450,US-160,Ulysses,KS,525,3.399,37.577342,-101.354864
68067,PUMP & PANTRY #2,US-30 & US-281,Grand Island,NE,330,3.30733333,40.921352,-98.358559
68068,ELGIN ONE STOP,SR-14 & SR-70,Elgin,NE,470,3.13733333,41.983115,-98.082773
68070,PAULS TRUCK STOP,US-171,Leesville,LA,690,3.449,31.141120,-93.284230
68072,FAMILY FARE #834 (DISCOUNT AVAILABLE),"US-131, EXIT 175",Byron Center,MI,371,3.739,42.809460,-85.726365
68073,BIG BATS 2,US-20,Chadron,NE,506,3.699,42.825975,-103.002478
68076,JENNINGS TRUCKSTOP,"I-10, EXIT 65",Jennings,LA,690,2.999,30.223978,-92.658295
68079,NORTH FORK TRUCK STOP,US-12/CR-103,White Pigeon,MI,465,3.559,41.795234,-85.650406
68079,NORTH FORK TRUCK STOP,US-12/CR-103,White Pigeon,MI,465,3.599,41.795234,-85.650406
68080,SAMMYS TRUCK AUTO PLAZA,"I-49, EXIT 53",Bunkie,LA,730,3.399,30.953661,-92.188111
68081,SHELL,SR-308 & SR-654,Mathews,LA,725,3.459,29.682154,-90.555900
68091,ALLTOWN MARKETS,"SR-101, EXIT 2",Auburn,NH,178,3.799,42.997059,-71.365806
68093,MARATHON,US-223/CR-52,Adrian,MI,385,3.599,41.898780,-84.044829
68095,ALEXS MARKET AND GRILL,"I-75, EXIT 101",Holly,MI,342,4.699,42.798799,-83.622967
68100,REFINED MARKETERS,"I-96, EXIT 31A/US-131, EXIT 88",Grand Rapids,MI,344,3.739,42.961156,-85.655570
68102,SUNOCO,ST 17,Carlstadt,NJ,115,3.16233333,40.826431,-74.062335
68107,SPEEDWAY #4500,"I-35, EXIT 171/CR-11",Pine City,MN,451,3.549,45.840980,-92.966492
68110,CIRCLE K #4705573,SR-82,Grafton,OH,414,3.749,41.284140,-82.029968
68112,QUICK FUEL #3138,"I-35, EXIT 98/CR-26",Saint Paul,MN,448,3.61733333,44.948901,-93.104063
68113,CIRCLE K #4705571,ST 2,Holland,OH,550,3.549,41.619253,-83.708216
68114,BP,US-130,Burlington,NJ,230,3.14566666,40.078824,-74.852483
68116,Circle K #2746335,"I-35, EXIT 22",Minneapolis,MN,448,3.799,44.963324,-93.268320
68122,CENEX,SR-11/SR-310,Roseau,MN,449,3.499,48.844462,-95.762434
68124,CIRCLE K #4705587,SR-585 & SR-57,Rittman,OH,249,3.659,40.973373,-81.784583
68129,CULVERS HAWKINS,"US-59/I-29, EXIT 43",Saint Joseph,MO,400,3.199,39.759460,-94.821143
68133,CASEYS #4256,US-71/SR-175,Joplin,MO,416,3.069,37.075218,-94.501259
68140,CROSSROADS RATON TRUCK STOP,"I-25/US-85, EXIT 451 & US-87",Raton,NM,803,3.499,36.884967,-104.439572
68147,Regal Truck Stop,SR 30,New Albany,MS,435,3.249,34.492286,-89.021720
68148,CIRCLE K #2723389,US-49,Gulfport,MS,715,2.944,30.419487,-89.069022
68151,KUM & GO #0498,SR-125,Rogersville,MO,535,3.05233333,37.114848,-93.074763
68154,LOVES TRAVEL STOP #395,"I-57, EXIT 308",Kankakee,IL,290,3.379,41.101654,-87.863690
68154,LOVES TRAVEL STOP #395,"I-57, EXIT 308",Kankakee,IL,290,3.449,41.101654,-87.863690
68154,LOVES TRAVEL STOP #395,"I-57, EXIT 308",Kankakee,IL,290,3.489,41.101654,-87.863690
68154,LOVES TRAVEL STOP #395,"I-57, EXIT 308",Kankakee,IL,290,3.429,41.101654,-87.863690
68154,LOVES TRAVEL STOP #395,"I-57, EXIT 308",Kankakee,IL,290,3.549,41.101654,-87.863690
68155,SHEETZ #181,"I-80, EXIT 158 & SR-220",Bellefonte,PA,14,3.729,40.914213,-77.768197
68156,A PLUS MINI MARKET,"I-95, EXIT 26",Philadelphia,PA,160,3.999,40.009376,-75.133346
68157,RAJS MINI MART,US-1/SR-29,Morrisville,PA,230,3.899,39.900680,-80.167815
68158,SUNOCO,"I-78, EXIT 29A/SR-61",Shoemakersville,PA,90,3.639,40.499901,-75.969774
68161,KWIK FILL #390,SR-15 & TABER RD,Blossburg,PA,138,3.684,41.679525,-77.068951
68165,GOLDEN GATE Fallon,US-50,Fallon,NV,966,3.549,39.473700,-118.777900
68167,CIRCLE K #4707628,SR-90 & SR-5,Montezuma,NY,220,3.999,43.013147,-76.698035
68169,GOLDEN GATE GOLDEN VALLEY,"US-395, EXIT 73",Reno,NV,966,3.949,39.549097,-119.849907
68177,ONVO TRAVEL PLAZA - MIFFLINVILLE,"I-80, EXIT 242/CR-339",Mifflinville,PA,138,3.36566666,41.030711,-76.302779
68178,CIRCLE K #2723748,"I-20, EXIT 48",Pearl,MS,760,3.389,32.272456,-90.091827
68179,WEST PAK A POK,SR-8,Houston,MS,655,3.399,33.896187,-89.003490
68180,One9 #1374,"I-81, EXIT 143, SR-924",Hazleton,PA,200,3.86233333,40.950470,-75.972509
68185,CITGO,US-22/SR-72,Jonestown,PA,70,3.749,40.412972,-76.480726
68188,ONVO TRAVEL PLAZA - GIBSON,"I-81, EXIT 219 & SR-848",New Milford,PA,200,3.589,41.876143,-75.726561
68189,EAGLE EXXON,US-27/SR-29,Dayton,TN,285,3.399,35.495406,-85.008652
68191,MARTIN GENERAL STORE # 207,SR-865/I-99 EXIT 41,Altoona,PA,14,3.539,40.508052,-78.401114
68196,CATDADDY MARKET,SR-33,Tazewell,TN,405,3.299,36.462502,-83.567034
68211,CEFCO #2005,"I-40, EXIT 73",Amarillo,TX,585,2.869,35.199903,-101.830194
68212,CIRCLE K #2723415,"I-26, EXIT 16",Spartanburg,SC,210,3.099,34.945627,-81.925944
68213,CADOO MILLS,"I-30/US-67, EXIT 87 & FM-1903",Caddo Mills,TX,253,2.80066666,33.074543,-96.226924
68215,COWBOY TRAVEL PLAZA,"I-10, EXIT 833",Hamshire,TX,610,2.899,29.854808,-94.320712
68217,CIRCLE K #2723881,US-701 & US-501,Conway,SC,46,3.184,33.834533,-79.049173
68225,OASIS TRUCK STOP,US-60 & US-83,Canadian,TX,585,3.299,35.909678,-100.383892
68227,QUARLES #4914,"I-64 EXIT 297, US-13",Chesapeake,VA,130,3.52566666,36.679376,-76.301788
68234,CIRCLE K #2723705,"I-81, EXIT 80 & SR-121",Wytheville,VA,65,3.26566666,36.953385,-81.088438
68235,JOLLEY #113,"I-91, EXIT 28",Derby,VT,39,3.539,44.951696,-72.136303
68236,TEX BEST #506,"I-35, EXIT 84",Dilley,TX,747,3.099,28.667517,-99.176465
68243,PILOT EXPRESS #1173,"I-5, EXIT 135",Tacoma,WA,977,4.599,47.252199,-122.459832
68245,STRIPES #40705,US-77/SR-374,Combes,TX,665,2.91233333,26.246514,-97.726766
68253,KENT KWIK #262,"CR-18/I-20, EXIT 80",Monahans,TX,710,2.859,31.655721,-103.083694
68256,EXTRA MILE TRUCK STOP,I-30 EXIT 208,Hooks,TX,723,2.81733333,33.470695,-94.286542
68257,LOVES TRAVEL STOP #292,"I-55, EXIT 220",Dwight,IL,290,3.589,41.098705,-88.422077
68257,LOVES TRAVEL STOP #292,"I-55, EXIT 220",Dwight,IL,290,3.389,41.098705,-88.422077
68257,LOVES TRAVEL STOP #292,"I-55, EXIT 220",Dwight,IL,290,3.489,41.098705,-88.422077
68257,LOVES TRAVEL STOP #292,"I-55, EXIT 220",Dwight,IL,290,3.349,41.098705,-88.422077
68257,LOVES TRAVEL STOP #292,"I-55, EXIT 220",Dwight,IL,290,3.449,41.098705,-88.422077
68258,CIRCLE K #2741536,SR-83/CR-1015,Weslaco,TX,639,3.03566666,26.160549,-97.987654
68260,ALVARADO MARKET STATION,"I-35W, EXIT 26A & US-67",Alvarado,TX,637,2.844,32.409379,-97.210786
68261,STRIPES #2294,US-83 & FM-1120,Leakey,TX,740,2.949,29.725365,-99.763068
68266,FREDS FUEL AND FOOD #2,"I-57, EXIT 283 & US-24",Gilman,IL,280,3.189,40.763498,-88.002080
68266,FREDS FUEL AND FOOD #2,"I-57, EXIT 283 & US-24",Gilman,IL,280,3.269,40.763498,-88.002080
68266,FREDS FUEL AND FOOD #2,"I-57, EXIT 283 & US-24",Gilman,IL,280,3.049,40.763498,-88.002080
68268,SPEED SMART,"I-10, EXIT 114",Buckeye,AZ,930,3.37233333,33.431573,-112.641626
68270,MPC #2,US-67 & CR-A,Fredericktown,MO,574,2.99066666,37.562953,-90.303512
68271,PHOENIX #308,ST 210,Rocky Point,NC,245,3.619,34.444048,-77.890907
68273,CHISUM TRAVEL CENTER,US-70/US-54,Tularosa,NM,640,2.999,33.075001,-106.017299
68274,CEFCO #6,SR-6 & SR-7,Marlin,TX,765,2.999,31.308039,-96.893180
68276,KWIK STAR #895,US-18/US-63 EXIT 204,New Hampton,IA,565,3.449,43.056219,-92.314725
68277,WHITE OAK STATION #15,US-65,Harrison,AR,735,3.599,36.242592,-93.117650
68279,MACS MARKET #101,ST 22A,Fair Haven,VT,12,3.599,43.592783,-73.268898
68282,SUNSTOP #612,US-84,Andalusia,AL,720,3.48566666,31.309436,-86.478031
68290,WALTON TRUCK STOP,US-78/SR-10 & SR-83,Monroe,GA,16,3.999,33.797481,-83.718728
68292,GAS N GO,US-280/US-19,Americus,GA,10,3.299,32.074377,-84.222829
68294,BP,"I-74, EXIT 51",Galesburg,IL,270,3.499,40.950217,-90.376564
68298,MR FUEL #719,"I-80, EXIT 6",Gary,IN,365,3.56566666,41.590740,-87.347113
68301,LOVES TRAVEL STOP #463,I-10 EXIT 604,Seguin,TX,740,3.179,29.590227,-97.968607
68302,FLYING J #493,I-95 EXIT 77,Saint George,SC,42,3.519,33.186073,-80.579459
68303,KWIK TRIP #351,SR-13 & SR-64,Medford,WI,295,3.40066666,45.135433,-90.343502
68306,BIG D #018,SR-387 & SR-59,Gillette,WY,790,3.459,44.272580,-105.498936
68307,EXPRESSWAY LUVERNE,"I-90, EXIT 12",Luverne,MN,432,3.239,43.653542,-96.214185
68308,PINECONE TRAVEL PLAZA,"I-94, EXIT 267",Johnson Creek,WI,420,3.219,43.079053,-88.771069
68311,SUN DO KWIK SHOP,SR-242,Evergreen,NC,63,3.159,34.414860,-78.911375
68314,Refuel #313,US-183 & SR-29,Liberty Hill,TX,595,2.909,30.663377,-97.905506
68315,SHELL,"I-40, EXIT 200 & SR-99",Seminole,OK,483,2.859,35.234772,-96.649329
68316,CIRCLE K #2723622,"I-75, EXIT 345",Ringgold,GA,285,3.07566666,34.913616,-85.121393
68318,NINOS TRUCK PLAZA,"I-10, EXIT 151",Port Allen,LA,600,3.039,30.443835,-91.207410
68319,HOLIDAY STATIONSTORE #2746484,US-61 & US-10,Hastings,MN,448,3.569,44.731780,-92.854512
68321,Big's #304,"I-35, EXIT 141",Moore,TX,740,2.999,29.057906,-99.005800
68323,TRAINER MART,"I-10, EXIT 593",Marion,TX,740,2.999,29.572568,-98.142941
68328,TONKAWA TRAVEL CENTER,"I-35, EXIT 214 & US-60",Tonkawa,OK,500,3.099,36.670589,-97.315028
68330,SHREES TRUCK STOP,"I-90, EXIT 149 & SR-281",George,WA,920,3.709,47.083149,-119.861683
68330,SHREES TRUCK STOP,"I-90, EXIT 149 & SR-281",George,WA,920,3.569,47.083149,-119.861683
68330,SHREES TRUCK STOP,"I-90, EXIT 149 & SR-281",George,WA,920,3.739,47.083149,-119.861683
68330,SHREES TRUCK STOP,"I-90, EXIT 149 & SR-281",George,WA,920,3.759,47.083149,-119.861683
68332,CIRCLE K #2701526,"I-40, EXIT 208",Colfax,NC,65,2.95733333,35.351028,-81.754419
68333,GO MART FOOD STORE #106,US-250/US-219/SR-92/SR-55,Elkins,WV,44,3.499,38.923719,-79.854260
68335,PILOT #481,"I-75, EXIT 20",Mc Donald,TN,285,3.599,35.108782,-84.985289
68337,SPEEDWAY #1426,US-30 & SR-51,Merrillville,IN,290,3.88566666,41.472687,-87.318070
68339,LOVES TRAVEL STOP #464,"I-10, EXIT 523 & US-87",Comfort,TX,740,3.21233333,29.972311,-98.904698
68343,HUTCH'S #119,I-40 EXIT 40,Elk City,OK,483,2.969,35.389612,-99.428749
68347,ENERGY EXPRESS TRAVEL CENTER,I-70 EXIT 247,Saint Louis,MO,540,2.909,38.635699,-90.244582
68348,HOT SPOT #6007,"I-85, EXIT 80",Spartanburg,SC,210,3.089,34.945627,-81.925944
68349,SAPP BROS TRAVEL CENTER,"US-75, EXIT 116",Le Mars,IA,527,3.269,42.781514,-96.173311
68350,JOAQUIN QUICK STOP,US-84,Joaquin,TX,618,3.43233333,31.965579,-94.048368
68354,LEERJAK TRAVEL CENTER,US-60,Ellsinore,MO,275,3.409,36.932839,-90.747672
68359,LOVES TRAVEL STOP #466,"I-78, EXIT 65",Jasper,AL,615,3.55566666,33.851110,-87.268348
68360,A PLUS MINI MARKET,"I-95, EXIT 19",Philadelphia,PA,160,4.049,40.009376,-75.133346
68361,DUCK THRU FOOD STORE #34,US-158 & US-17,Elizabeth City,NC,130,3.499,36.294203,-76.238145
68362,RUTTERS #5,US-30 & SR-997,Fayetteville,PA,70,3.859,39.911433,-77.565100
68364,Maplefields,"I-89, EXIT 19",Saint Albans,VT,39,3.539,44.811538,-73.084462
68365,7-ELEVEN #36834,SR-72,Abbeville,SC,30,3.619,34.178544,-82.377687
68366,MARATHON,US-68/SR-80,Russellville,KY,460,3.199,36.839518,-86.895579
68367,LOVES TRAVEL STOP #447,"I-10 E, EXIT 0",Anthony,TX,640,3.449,31.986731,-106.598634
68368,AKAL TRAVEL CENTER,I-80 EX 360,Waco,NE,413,2.799,40.897000,-97.461747
68369,WORKMANS TRAVEL CENTER,"I-40 EXIT, 35 & SR-23",Ozark,AR,735,3.29733333,35.501858,-93.848378
68370,GULF EXPRESS DIESEL AND GAS,"I-295, EXIT 4 & SR-14",Johnston,RI,175,3.799,41.827440,-71.519879
68372,SPEEDWAY #8062,SR-26/CR-00,Kokomo,IN,375,3.799,40.465267,-86.127348
68375,PILOT #491,"I-81, EXIT 251 & US-11",Harrisonburg,VA,185,3.659,38.436255,-78.873303
68377,PILOT #4568,I-20 EXIT 11,Graniteville,SC,135,3.39233333,33.564682,-81.809231
68381,Fast Stop Travel Centers #2241,US-26 S & SR-39,Blackfoot,ID,825,3.999,43.194595,-112.346811
68382,QUIKTRIP #766,US-29 & SR-316,Dacula,GA,18,3.32066666,33.981938,-83.901064
68383,AYERCO 32,US-61 & SR-P,Canton,MO,494,3.01566666,40.129921,-91.527015
68386,KWIK TRIP #884,US-45 & SR-22,Clintonville,WI,582,3.559,44.622120,-88.751714
68389,WEBERS OF PLYMOUTH,SR-57 N/CR-PP E,Plymouth,WI,582,3.499,43.745274,-87.965322
68394,CHEVRON,"I-84, EXIT 343/CR-104",Ogden,UT,835,3.44233333,41.228391,-111.968147
68396,TOOT N TOTUM #44,SR-287 E/CR-335 N,Amarillo,TX,585,3.04233333,35.199903,-101.830194
68403,RUTTERS #16,"I-83, EXIT 10 & SR-214",York,PA,70,4.199,39.964798,-76.731840
68405,PILOT TRAVEL CENTER #1028,"I-45, EXIT 178/US-79 N",Buffalo,TX,765,3.549,31.458905,-96.066163
68406,TOOT N TOTUM #114,US-385/US-54,Dalhart,TX,585,3.199,36.057423,-102.512212
68411,PAWNEE TRAVEL PLAZA,US-412 & SR-18,Pawnee,OK,560,3.044,36.351480,-96.800504
68416,STRIPES 7FLEET #42515,US-87 N,Lamesa,TX,710,3.099,32.733338,-101.953773
68417,7-ELEVEN #42072,"I-20, EXIT 599/SR-281",Longview,TX,766,3.20733333,32.520234,-94.761114
68419,ROAD RANGERS #270,"I-35, EXIT 114/SR-462",Moore,TX,740,3.169,29.057906,-99.005800
68420,SHELBINA Phillips 66,US-36 & SR-15,Shelbina,MO,494,3.099,39.693022,-92.039652
68421,STRIPES,US-77,Refugio,TX,625,3.074,28.307445,-97.274981
68423,GOLDEN GATE TRUCKSTOP,"I-80, EXIT 106 & SR-398",Lovelock,NV,966,3.649,40.178738,-118.477442
68424,MAVERICK TRAVEL CENTER,"I-20, EXIT 386/US-281",Santo,TX,637,3.099,32.605585,-98.213845
68428,STRIPES #40519,US-90/CR-1023,Uvalde,TX,740,3.359,29.215184,-99.777215
68432,PAPA ROCK,US-79/SR-76,Clarksville,TN,460,3.199,36.566430,-87.345216
68434,Circle K #2741789,"I-30, EXIT 98 & US-270",Malvern,AR,695,3.439,34.373579,-92.821250
68440,EXPRESS GAS,"I-40, EXIT 2A/US-51",Memphis,TN,435,2.979,35.109164,-89.968511
68441,QUIKTRIP #1106,US-76,Anderson,SC,30,2.959,34.521487,-82.643517
68444,Sunoco,US-30,Roebling,NJ,160,3.159,40.117217,-74.777844
68446,J J OIL #07,US-160,Ulysses,KS,525,3.399,37.577342,-101.354864
68447,JUMPIN JACKS 419,SR-161,Rockport,IN,487,3.999,37.889918,-87.054244
68451,CASEYS #3439,US-63,Lime Springs,IA,433,3.56566666,43.449899,-92.284064
68453,Marathon,US-82/US-27,Cuthbert,GA,10,3.699,31.770686,-84.793575
68458,SPEEDWAY #6278,"I-96, EXIT 16",Coopersville,MI,456,3.599,43.065467,-85.933752
68458,SPEEDWAY #6278,"I-96, EXIT 16",Coopersville,MI,456,3.499,43.065467,-85.933752
68462,CHEVRON,SR-24 & SR-660,Houma,LA,623,3.099,29.578681,-90.708023
68463,SPANISH LAKE TRUCK AND CASINO PLAZA,SR-182,New Iberia,LA,730,3.329,30.005493,-91.820307
68465,LOVES TRAVEL STOP #470,"I-75, EXIT 451",Jasper,FL,10,3.32733333,30.455935,-82.934214
68466,KWIK TRIP #462,SR-11 & SR-83,Burlington,WI,444,3.274,42.675249,-88.271871
68468,SHELL,SR-193/SR-163 & CR-26,Theodore,AL,715,3.039,30.538686,-88.187573
68469,8 MILE STORE,"US-64/I-40, EXIT 127",Conway,AR,695,3.399,35.074404,-92.467004
68471,B LINE SHELL,SR-710,Jupiter,FL,140,3.95733333,26.918551,-80.116940
68476,CREEK TRAVEL PLAZA,"I-65, EXIT 54",Atmore,AL,715,3.13566666,31.124067,-87.457798
68480,KUM & GO #0414,US-212/SR-265,Springdale,AR,645,3.14233333,36.191438,-94.155062
68493,FAST TRACK 427,"I-10, EXIT 225/US-19",Lamont,FL,20,3.739,30.379675,-83.813376
68494,LOVES TRAVEL STOPS #469,"I-85, EXIT 15 & US-1",South Hill,VA,180,3.949,36.725662,-78.128886
68494,LOVES TRAVEL STOP #469,"I-85, EXIT 15 & US-1",South Hill,VA,180,3.949,36.725662,-78.128886
68497,JACKSONS FOOD STORE #30,"I-86, EXIT 61",Pocatello,ID,825,3.459,42.871367,-112.461776
68499,DUBOIS TRAVEL STOP,I-15 & MAIN,Dubois,ID,825,4.299,44.171161,-112.228278
68506,WARRIOR RIDGE,US-22 & SR-3035,Ashland,PA,14,3.699,40.781106,-76.345046
68511,PWI #675,I-10/US-85/US-180 EXIT 155 & SR-227,Vado,NM,640,2.949,32.127881,-106.657073
68512,BP,US-29/SR-154,Palmetto,GA,18,3.249,33.536004,-84.673860
68518,CHEVRON,SR-243,Gordon,GA,85,3.359,32.886187,-83.333588
68520,SPEED GAS,SR-56,Rosenhayn,NJ,150,3.459,39.478674,-75.137962
68522,MINIT MART #600632,"I-474, EXIT 9 & SR-29",Pekin,IL,368,3.739,40.568783,-89.624017
68524,Coastal Fuel,US-421,Wilmington,NC,245,3.399,34.209225,-77.885767
68531,CASEYS #2845,"SR-150, I-380, EXIT 41",Urbana,IA,380,3.449,42.229835,-91.885511
68533,MACH ONE FOOD SHOP #17,US-45/US-50,Flora,IL,510,3.899,38.665617,-88.473844
68534,BG FOOD MART,US-31,Bowling Green,KY,460,3.05733333,36.976832,-86.433661
68535,CASEYS #3295,SR-35 & SR-27,Prairie Du Chien,WI,420,3.499,43.041618,-91.135408
68541,DUCK THRU #3,SR-11 & SR-561,Ahoskie,NC,130,3.56233333,36.284126,-76.990105
68542,EXCELL FUELS,SR-5,Buffalo,NY,38,3.999,42.892492,-78.859686
68549,GOOD 2 GO #212,US-310/SR 789,Lovell,WY,780,3.657,44.835801,-108.391889
68552,HUCKS FOOD & FUEL #368,"US-41, EXIT 44/SR-281",Madisonville,KY,340,3.399,37.339333,-87.503733
68556,MONICARLO FUEL STOP,US-61 & SR-54,Garyville,LA,623,3.199,30.065727,-90.634729
68559,KUM & GO #0779,"I-35, EXIT 92 & US-136",Bethany,MO,320,2.95566666,40.268164,-94.029822
68562,CHEVRON,SR-3235,Galliano,LA,725,3.499,29.445857,-90.307745
68572,FOOD N FUN #17,US-90 & SR-83 & CR-605,New Iberia,LA,730,3.067,30.005493,-91.820307
68574,SPRING STREET SERVICE STATION,US-1/US-9,Elizabeth,NJ,115,3.099,40.666367,-74.193503
68581,CHEVRON #308195,"I-82, EXIT 58/US-12 & SR-223",Granger,WA,977,4.499,46.345295,-120.192673
68581,CHEVRON #308195,"I-82, EXIT 58/US-12 & SR-223",Granger,WA,977,4.329,46.345295,-120.192673
68588,SHELL,"US-202, EXIT 16",Orange,MA,175,3.649,42.605437,-72.292074
68592,Sprint Food #742,US-25/SR-121,North Augusta,SC,135,3.159,33.523303,-81.956566
68593,ONE9 #1285,"I-20, EXIT 386 & US-281",Santo,TX,575,2.924,32.605585,-98.213845
68594,CIRCLE K #2723796,SR-S-8-33 & SR-S-8-119,Charleston,SC,42,3.199,32.828017,-79.972896
68595,SUPER LUCKY LOUIES,US-190/SR-1,Port Allen,LA,600,3.03233333,30.443835,-91.207410
68596,FLASH MARKET SHELL,US-63,Koshkonong,MO,418,3.499,36.597444,-91.645953
68598,7-ELEVEN #41032,US-84 & US-259,Mount Enterprise,TX,618,3.349,31.911639,-94.682767
68602,NEW DIXIE MART #19,"I-95, EXIT150",Whitakers,NC,205,3.339,36.105704,-77.712972
68606,SAMS MART #95,SR-49,Harrisburg,NC,46,3.799,35.307549,-80.645617
68613,SHEETZ #236,SR-441 & SR-772,Marietta,PA,70,3.389,40.057043,-76.551723
68618,MINER TOWNE MART,206 R-11,Shullsburg,WI,335,3.399,42.573280,-90.234740
68621,CIRCLE K #2723367,"I-77, EXIT 8 & SR-148",Fancy Gap,VA,65,3.29066666,36.671304,-80.701083
68622,PILOT #474,"I-79, EXIT 67 & SR-19",Sutton,WV,44,3.86566666,38.667772,-80.713461
68623,FLYING J TRAVEL PLAZA #304,"I-469, EXIT 19 & US-30",New Haven,IN,370,3.859,41.067905,-85.016282
68623,FLYING J #304,"I-469, EXIT 19 & US-30",New Haven,IN,370,3.859,41.067905,-85.016282
68624,PILOT #586,"I-10, EXIT 69 & SR-63",Moss Point,MS,715,3.459,30.425914,-88.532733
68625,FLYING J #470 HUDSON,"I-94, EXIT 10 & US-65",Roberts,WI,450,3.559,44.973298,-92.550082
68626,BECKS EXPRESS MART #14,SR-26,Princeton,IL,270,3.249,41.380554,-89.464081
68630,DOWNSTREAM Q STORE,US-166/US-400,Joplin,MO,277,3.199,37.075218,-94.501259
68642,EXXON SANDY RIDGE MART,"I-40/US-421, EXIT 208",Colfax,NC,65,3.099,35.351028,-81.754419
68643,SHELL,"I-95, EXIT 58 & US-13",Wade,NC,63,3.199,35.163402,-78.739673
68644,SUPERPUMPER #32,US-2,Minot,ND,452,3.599,48.236125,-101.277533
68650,MARATHON,"I-75, EXIT 8",Cincinnati,OH,300,3.899,39.140183,-84.505829
68653,KWIK TRIP #679,"I-43, EXIT 128 & SR-42",Sheboygan,WI,444,3.21566666,43.738713,-87.731531
68656,TA Express Williston,US-2 & US-85,Williston,ND,807,3.44733333,48.189496,-103.649117
68659,KWIK TRIP #659,"US-52, EXIT 56 & CR-22",Rochester,MN,515,3.549,44.014299,-92.478592
68663,LOVES TRAVEL STOP #474,US-85/US-2 & CR-6,Williston,ND,273,3.519,48.189496,-103.649117
68665,BIG D 14,"I-90, EXIT 46/US-14/SR-79",Piedmont,SD,506,3.13733333,44.219913,-103.376821
68671,CASEYS #2969,US-81 & RD F,Fairmont,NE,350,3.28233333,40.633554,-97.584954
68672,24 NORTH MOBIL,"I-495, EXIT 7A & SR-24, EXIT 14B",Bridgewater,MA,175,3.699,41.972376,-70.978773
68674,TEXACO,US-290 & SR-696,Elgin,TX,595,3.099,30.354173,-97.392152
68684,Rebecca Plantation Truck Plaza,"US-90, EXIT 200 & SR-311",Schriever,LA,623,2.999,29.728672,-90.835398
68685,QUICK FUEL #2403,"I-29/I-35/SR-71, EXIT 5B",Kansas City,MO,400,3.344,39.125155,-94.550313
68689,CHEVRON,"I-10, EXIT 59 & SR-395",Roanoke,LA,690,3.609,30.235526,-92.748141
68690,MARATHON,US-30 & SR-30,Mansfield,OH,315,3.499,40.766720,-82.530820
68691,BYRNE DAIRY #43,"I-81, EXIT 36 & SR-13",Pulaski,NY,220,4.099,43.565504,-76.126035
68692,DANDY MINI MART #57,SR-14,Horseheads,NY,190,3.899,42.168632,-76.829658
68693,SUPER STOPS,SR-70 & SR-308,Belle Rose,LA,623,3.499,30.042205,-91.049721
68696,STRIPES #40800,FM-351 & US-181,Beeville,TX,625,3.01566666,28.405244,-97.748931
68697,STRIPES #40915,"I-35, EXIT 8 & SR-20 & FM-1472",Laredo,TX,693,2.979,27.560379,-99.489181
68698,GAS N WASH,"I-80, EXIT 145 & SR-84",Mokena,IL,365,3.499,41.529863,-87.877710
68699,ORGANIC CONNECTION MOBIL,SR-997,Homestead,FL,95,3.344,25.465912,-80.445993
68701,SPEEDWAY #1421,US-45 & CR-74,Frankfort,IL,293,3.399,41.507025,-87.870966
68701,SPEEDWAY #1421,US-45 & CR-74,Frankfort,IL,293,3.359,41.507025,-87.870966
68701,SPEEDWAY #1421,US-45 & CR-74,Frankfort,IL,293,3.299,41.507025,-87.870966
68701,SPEEDWAY #1421,US-45 & CR-74,Frankfort,IL,293,3.369,41.507025,-87.870966
68702,QUIKTRIP #1120,"I-85, EXIT 90 & SR-105",Gaffney,SC,210,3.19066666,35.073558,-81.661532
68708,LOVES TRAVEL STOP #476,"I-80, EXIT 292 & SR-130",Davenport,IA,270,3.86233333,41.556820,-90.603948
68716,ALLTOWN MARKETS #833,I-95 EXIT 41,Milford,CT,100,3.599,41.225086,-73.061110
68722,Pilot #140,US-40/US-191,Roosevelt,UT,835,3.759,40.287727,-109.987983
68730,KENT KWIK #315,SR-158 & FM-1788,Midland,TX,710,3.43733333,32.024642,-102.113467
68734,LOVES TRAVEL STOP #478,"I-15, EXIT 113",Idaho Falls,ID,825,3.75566666,43.489616,-112.035340
68737,KWIK TRIP #691,"I-39, EXIT 161",Stevens Point,WI,395,3.559,44.525300,-89.550377
68738,CASEYS #2316,US-136/SR-5 & SR-5,Unionville,MO,320,3.214,40.475708,-93.004416
68740,Certified Oil #400352,US-20 & SR-510 & SR-101,Clyde,OH,550,3.379,41.303585,-82.979425
68741,COUNTY LINE TRUCK STOP,SR-22,Dickinson,ND,273,3.53233333,46.892780,-102.795960
68742,ARTESIA #401,SR-82 & SR-285,Artesia,NM,593,3.439,32.852173,-104.424570
68796,MR FUEL #731,"I-70, EXIT 123 & SR-3",Spiceland,IN,375,3.699,39.843224,-85.426028
68797,SPEEDWAY #1412,SR-43,Frankfort,IL,293,3.359,41.507025,-87.870966
68798,PILOT DEALER #1179,SR-189,Nogales,AZ,980,4.249,31.361928,-110.934820
68798,PILOT #1179,SR-189,Nogales,AZ,980,4.249,31.361928,-110.934820
68799,SHELL FOOD MART # 25,"I-20, EXIT 77 & SR-13",Morton,MS,705,3.199,32.345528,-89.659145
68801,7-ELEVEN #40574,US-281,Blanco,TX,740,3.399,30.098594,-98.417106
68803,SHELL,"I-45, EXIT 152",Madisonville,TX,670,3.18233333,30.954018,-95.909285
68806,SHELL,US-90,Westwego,LA,725,3.06566666,29.905363,-90.143545
68808,SPEEDWAY #4574,US-701,Loris,SC,245,3.269,34.057476,-78.888420
68813,SPEEDWAY #8741,"I-96, EXIT 86 & SR-100",Eagle,MI,406,3.789,42.809794,-84.790890
68814,TA HOLBROOK,"I-40/US-180, EXIT 283",Holbrook,AZ,580,3.65566666,34.904624,-110.167210
68815,LOVES TRAVEL STOP #471,"I-35, EXIT 127 & FM-471",Natalia,TX,740,3.203,29.185467,-98.852054
68815,LOVES TRAVEL STOPS #471,"I-35, EXIT 127 & FM-471",Natalia,TX,740,3.289,29.185467,-98.852054
68821,Joe's Kwik Mart #473,CR-139,Lancaster,NY,38,3.799,42.900600,-78.668775
68821,Joe's Kwik Mart #473,CR-139,Lancaster,NY,38,3.659,42.900600,-78.668775
68822,CASEYS #3919,"I-35/US-50, EXIT 148 & SR-131",Lebo,KS,400,3.089,38.416179,-95.862482
68823,FRIENDS FOOD MART,SR-13,Mansfield,OH,249,4.199,40.766720,-82.530820
68824,EXPRESSWAY,SR-60 & CR-9,Heron Lake,MN,425,3.299,43.798059,-95.319778
68825,ALLTOWN MARKETS #832,"I-95, EXIT 40",Milford,CT,100,3.599,41.225086,-73.061110
68826,HIGHWAY SERVICE,US-44,Seekonk,MA,175,3.319,41.839798,-71.318047
68828,CIRCLE K #2721540,US-78 & SR-15,New Albany,MS,435,3.759,34.492286,-89.021720
68831,KWIK TRIP #896,SR-65 & CR-J,Minneapolis,MN,451,3.599,44.963324,-93.268320
68835,SPEEDWAY #7954,US-258/SR-24,Richlands,NC,205,3.324,34.898549,-77.541947
68836,Corner Market #160,US-60,Pampa,TX,585,3.399,35.547853,-100.965030
68839,CHOCTAW TRAVEL PLAZA #641,US-69/SR-43,Stringtown,OK,560,3.159,34.469600,-96.055521
68840,LOVES TRAVEL STOP #475,"I-20/US-84, EXIT 242 & FM-142",Sweetwater,TX,575,3.189,32.469389,-100.408651
68841,PILOT TRAVEL CENTER #575,"I-95, EXIT 1",Saint Marys,GA,75,3.599,30.756672,-81.578449
68841,PILOT TRAVEL CENTERS #575,"I-95, EXIT 1",Saint Marys,GA,75,3.599,30.756672,-81.578449
68843,PILOT #467,"I-37, EXIT 125",San Antonio,TX,740,3.399,29.462809,-98.524635
68844,FLYING J #553,"I-10, EXIT 259",Fort Stockton,TX,710,3.659,30.892574,-102.884210
68847,CIRCLE K #2741553,US-190/US-183 & US-281,Lampasas,TX,595,2.759,31.064037,-98.182783
68848,CIRCLE K #2741328,"I-35, EXIT 328 & FM-2063",Hewitt,TX,765,2.86566666,31.451248,-97.193315
68849,Circle K #2706632,US-80/SR-8 & CR-480,Selma,AL,720,3.699,32.416983,-87.035702
68850,SPRINT MART #67,US-84/US-425,Vidalia,LA,730,3.08233333,31.566751,-91.440444
68856,KWIK N EZ #1,"I-40, EXIT 265",Checotah,OK,645,2.909,35.482436,-95.522818
68860,PETRO STOP #394,"I-35, EXIT 101 & FM-140",Pearsall,TX,740,3.53566666,28.892921,-99.097169
68861,KWIK TRIP #733,SR-76/SR-44,Caledonia,MN,515,3.49066666,43.634127,-91.500399
68864,QUICK FUEL #3190,"I-75, EXIT 68",Dayton,OH,317,3.67733333,39.784743,-84.199632
68865,QUICK FUEL #3192,"I-275, EXIT 42B & SR-747",Cincinnati,OH,300,3.25233333,39.140183,-84.505829
68868,PUMP & PANTRY #14,SR-92/SR-2,Broken Bow,NE,330,3.299,41.405188,-99.640758
68869,PUMP & PANTRY #4,SR-2 & SR-11,Cairo,NE,330,3.32733333,41.004776,-98.600552
68874,QUIKTRIP #492,"I-10, EXIT 114 & SR-85",Buckeye,AZ,930,3.369,33.431573,-112.641626
68875,SHEETZ #512,"I-40, EXIT 203 & SR-66",Kernersville,NC,65,2.844,36.106171,-80.081895
68882,CAPITAL FUELS MYTON,US-40/191,Myton,UT,835,3.50233333,40.193265,-110.062512
68883,CBH TRAVEL CENTER,US-85,Belle Fourche,SD,506,3.299,44.663798,-103.859143
68885,FLYING J #488,"I-35, EXIT 69",Cotulla,TX,693,3.599,28.436376,-99.236711
68886,BEBO'S,SR-38,Kentwood,LA,600,3.01566666,30.933755,-90.515162
68888,Express Lane,"US-80, EXIT 33 & US-6/SR-78",Annawan,IL,270,3.299,41.396382,-89.890567
68888,Express Lane,"US-80, EXIT 33 & US-6/SR-78",Annawan,IL,270,3.399,41.396382,-89.890567
68890,Circle K #2741795,"I-430, EXIT 12 & SR-100",Maumelle,AR,695,3.18566666,34.852344,-92.399995
68891,LOVES TRAVEL STOP #480,I-40 EXIT 364,Lenoir City,TN,405,3.439,35.815836,-84.283015
68892,OLIVE EXXON,US-31,Holland,MI,371,3.799,42.767049,-86.098572
68893,J & H FAMILY STORE,"I-96, EXIT 52 & SR-50",Lowell,MI,371,3.789,42.934600,-85.346219
68894,ROCKFORD MOBIL MART,"US-131, EXIT 97",Rockford,MI,344,3.599,43.136975,-85.554519
68894,ROCKFORD MOBIL MART,"US-131, EXIT 97",Rockford,MI,344,3.299,43.136975,-85.554519
68895,J & H FAMILY STORE #103,"I-196, EXIT 62",Hudsonville,MI,344,3.399,42.863370,-85.862205
68899,XTRAMART,SR-9,Westborough,MA,175,3.649,42.267441,-71.617492
68900,DUCK THRU #41,US-17/SR-37,Hertford,NC,130,3.599,36.176849,-76.466552
68901,SPEEDWAY #1224,"SR-741 & I-71, EXIT 25",Mason,OH,300,3.159,39.360722,-84.295867
68902,CASEYS #3062,SR-281 & SR-160,Medicine Lodge,KS,357,3.114,37.285137,-98.581185
68903,BIG D KWIK SHOP,SR-59,Gillette,WY,836,3.379,44.272580,-105.498936
68907,QUIKTRIP #943,"I-35E, EXIT 405 & US-77",Waxahachie,TX,630,2.89566666,32.402480,-96.844493
68908,SPEEDWAY #1804,"I-270, EXIT 32 & I-71, EXIT 116",Columbus,OH,315,3.69233333,39.985531,-82.985594
68912,Chisholm Corner #13,"SR-19 & I-35, EXIT 72",Pauls Valley,OK,569,3.089,34.710206,-97.224027
68913,CASEYS #3263,"I-90, EXIT 43 & SR-60",Worthington,MN,530,3.14233333,43.628733,-95.599702
68915,PUMP & PANTRY #53,US-20,Jackson,NE,527,3.41233333,42.448167,-96.571302
68916,YESWAY #1075,"I-20, EXIT 278",Tye,TX,575,2.87566666,32.452233,-99.866585
68919,GULF MART 5150,"I-90 E, MM 117",Natick,MA,34,4.06566666,42.284822,-71.348811
68921,GAS N GO,US-341/SR-7 & SR-96/SR-49,Fort Valley,GA,85,3.18233333,32.551114,-83.879939
68923,STRIPES 7FLEET #42509,US-67 & SR-137,Big Lake,TX,612,3.599,31.194112,-101.453406
68924,KWIK TRIP #326,"I-90, EXIT 171 & US-51 & US-14",Janesville,WI,420,3.374,42.684698,-89.013170
68925,KWIK TRIP #874,"I-35, EXIT 132 & US-8",Chisago City,MN,448,3.32733333,45.372274,-92.916665
68926,KWIK TRIP #872,SR-26,Jefferson,WI,420,3.38233333,43.003955,-88.808473
68928,PILOT TRAVEL CENTER #475,"I-40, EXIT 196 & SR-41",Moriarty,NM,580,3.244,35.003368,-106.044427
68929,SPEEDWAY #6953,"I-74/US-311, EXIT 65",High Point,NC,65,3.529,35.990803,-79.992713
68930,PILOT #4569,"I-95, EXIT 5",Hardeeville,SC,195,3.37566666,32.295308,-81.040983
68933,RUTTERS #23,US-30 & SR-462,Mountville,PA,70,3.979,40.040745,-76.434924
68935,JACKSONS FOOD STORES #144,I-84 & SR-55,Nampa,ID,785,3.899,43.586441,-116.563890
68936,AMOCO,US-421/SR-11 & SR-53,Burgaw,NC,245,3.599,34.551466,-77.923012
68937,LANTZ CORNERS MINI MART #255,US-6 & US-219,Kane,PA,240,3.71566666,41.663008,-78.809016
68938,TOOT N TOTUM #23,SR-136/207 & SR-152,Borger,TX,585,3.01566666,35.659435,-101.402360
68946,FLYING J #97,"I-75, EXIT 64",Vandalia,OH,317,3.35233333,39.878977,-84.192224
68947,PILOT TRAVEL CENTER #593,"I-10, EXIT 268",Tucson,AZ,980,3.30233333,32.153036,-110.870773
68949,JOES KWIK MARTS #475,US-15 & SR-20,Orange,VA,180,3.33233333,38.247845,-78.113187
68950,KWIK TRIP #608,US-52 & SR-30,Chatfield,MN,515,3.48233333,43.844464,-92.182851
68951,KWIK TRIP #313,US-10 & SR-73,Neillsville,WI,395,3.339,44.560316,-90.590781
68952,MAVERIK COUNTRY STORE #425,"I-84, EXIT 376, US-30/US-95",Fruitland,ID,785,3.36566666,44.016796,-116.920703
68956,SPEEDWAY #4533,"US-18/US-12, EXIT 146",Madison,WI,448,3.599,43.087815,-89.429856
68957,TA EXPRESS #6259,US-85/SR-200,Alexander,ND,273,3.52566666,47.838058,-103.643203
68959,SPEEDWAY #5215,"I-70, EXIT 66 & SR-54",South Vienna,OH,315,3.159,39.929321,-83.613934
68960,MAVERIK COUNTRY STORE #484,"I-15/84, EXIT 343 & SR-126",Ogden,UT,835,3.39233333,41.228391,-111.968147
68964,JIFFY TRIP #201,US-64/SR-58,Cherokee,OK,337,3.269,36.750694,-98.357667
68969,MAVERIK COUNTRY STORE #474,"I-80, EXIT 115, CR-154",Salt Lake City,UT,835,3.389,40.776928,-111.930991
68971,FLYING J #580,"I-20, EXIT 121",Odessa,TX,710,3.56566666,31.880461,-102.345314
68972,SUNOCO CLARA BARTON PLAZA #7005,NJTP MM 5 SB,Penns Grove,NJ,115,3.899,39.727704,-75.469035
68974,STRIPES #40801,US-181 & SR-123 & CR-347,Karnes City,TX,625,3.174,28.885410,-97.900505
68976,MAVERIK COUNTRY STORE #453,"I-80, EXIT 223 & SR-305",Battle Mountain,NV,835,3.389,40.628371,-116.948553
68977,MAVERIK COUNTRY STORE #444,US-491 & US-666,Monticello,UT,835,3.489,37.868534,-109.336200
68978,MAVERIK COUNTRY STORE #287,"I-84, EXIT 36 & US-30",Nampa,ID,785,3.38566666,43.586441,-116.563890
68979,MAVERIK COUNTRY STORE #478,"I-40, EXIT 286 & SR-77",Holbrook,AZ,930,3.224,34.904624,-110.167210
68981,PETRO-CARD 24 #910450,US-63 & US-36,Macon,MO,494,3.239,39.742230,-92.470551
68982,SHELL,US-23,Grand Blanc,MI,342,3.799,42.932537,-83.620491
68985,LOVES TRAVEL STOP #500,"I-35, EXIT 106",Eagleville,MO,320,3.789,40.468725,-93.985963
68987,STRIPES #40535,I-35,Cotulla,TX,625,3.339,28.436376,-99.236711
68988,7-ELEVEN #40547,US-281 & SR-29,Burnet,TX,740,2.95733333,30.750626,-98.238214
68989,QUARLES #4907,SR-166,Norfolk,VA,130,3.809,36.923015,-76.244641
68990,LOVES TRAVEL STOP #490,"I-24, EXIT 158",Jasper,TN,285,3.25233333,35.068255,-85.621162
68991,LOVES TRAVEL STOP #514,"I-90/US-395, EXIT 221 & SR-261",Ritzville,WA,970,3.959,47.123041,-118.375332
68991,LOVES TRAVEL STOP #514,"I-90/US-395, EXIT 221 & SR-261",Ritzville,WA,970,4.049,47.123041,-118.375332
68991,LOVES TRAVEL STOP #514,"I-90/US-395, EXIT 221 & SR-261",Ritzville,WA,970,3.989,47.123041,-118.375332
68991,LOVES TRAVEL STOP #514,"I-90/US-395, EXIT 221 & SR-261",Ritzville,WA,970,3.919,47.123041,-118.375332
68991,LOVES TRAVEL STOPS #514,"I-90/US-395, EXIT 221 & SR-261",Ritzville,WA,970,4.019,47.123041,-118.375332
68992,SHORT STOP #24,US-24,Saint Marys,KS,553,2.96733333,39.194178,-96.064198
68993,SHORT STOP #22,SR-15,Clay Center,KS,316,2.97233333,39.381182,-97.127372
68994,SHORT STOP #25,US-36 & SR-15,Washington,KS,316,2.90233333,39.815798,-97.048422
68995,ALLTOWN MARKETS #839,"I-95, EXIT 10",Darien,CT,100,3.83233333,41.052150,-73.479714
68996,BLU / DRIVEN FUELS,"I-15, EXIT 113",Idaho Falls,ID,825,3.479,43.489616,-112.035340
69002,KWIK TRIP #863,US-10,Stevens Point,WI,395,3.584,44.525300,-89.550377
69004,Maplefields,HWY 9 N & ROUTE 22,Ticonderoga,NY,39,3.749,43.842344,-73.423035
69005,SPEEDWAY #1017,"I-70, EXIT 186 & SR-285",Lore City,OH,315,3.23233333,39.983203,-81.460077
69006,PILOT #449,"I-70, EXIT 208",Belmont,OH,165,3.539,40.027979,-81.040933
69008,SPEEDWAY #7137,SR-42 & SR-111,Cookeville,TN,460,3.07733333,36.146926,-85.512653
69009,PILOT #1140,US-287,Rhome,TX,630,3.17566666,33.078895,-97.493199
69010,PILOT TRAVEL CENTER #1023,US-69 & US-59/SR-287,Lufkin,TX,610,3.659,31.322904,-94.729026
69013,SPEEDWAY #7124,US-231/SR-10,Lebanon,TN,460,3.024,36.199381,-86.344634
69014,SPEEDWAY #4100,"I-94, EXIT 308 & US-41",Milwaukee,WI,448,3.599,43.063348,-87.966695
69015,Joe's Kwik Mart,"I-75, EXIT 7 & US-11 & US-64",Chattanooga,TN,285,3.149,35.065958,-85.248386
69016,SPEEDWAY #7606,"I-75, EXIT 25",Corbin,KY,405,3.519,36.931584,-84.100790
69017,SHELL,US-71 & SR-511,Bossier City,LA,745,2.999,32.523674,-93.655426
69027,SPINX #134 (DISCOUNT AVAILABLE),SR-55 & 418,Simpsonville,SC,30,3.06566666,34.728538,-82.256377
69028,LOVES TRAVEL STOP #427,"I-75, EXIT 51",Dayton,OH,317,3.319,39.784743,-84.199632
69029,LOVES TRAVEL STOP #461,"I-70, EXIT 246A",Saint Louis,MO,540,3.114,38.635699,-90.244582
69030,LOVES TRAVEL STOP #424,"I-20, EXIT 51",Lexington,SC,135,3.40733333,33.992877,-81.221797
69031,LOVES TRAVEL STOP #492,"I-20, EXIT 42 & US-285",Pecos,TX,710,3.455,31.471918,-103.701761
69031,LOVES TRAVEL STOPS #492,"I-20, EXIT 42 & US-285",Pecos,TX,710,3.449,31.471918,-103.701761
69036,REFUEL #1038,US-15 & SR-151,Hartsville,SC,46,3.36566666,34.366003,-80.083261
69037,CIRCLE K #2723192,US-64 & US-421,Siler City,NC,177,2.949,35.727067,-79.463662
69038,REFUEL #1028,US-421/US-52 & US-15,Society Hill,SC,63,3.399,34.510776,-79.851489
69041,SPEEDWAY #7960,US-258/US-13,Farmville,NC,205,2.899,35.595026,-77.590618
69042,Joes Kwik Mart #7012,US-17/701,Georgetown,SC,205,2.999,33.372432,-79.280793
69043,KWIK TRIP #204,"US-51, EXIT 188",Wausau,WI,395,3.33233333,44.961766,-89.646538
69045,TA BRUNSWICK #6258,"I-95, EXIT 29",Brunswick,GA,75,3.46066666,31.136149,-81.466936
69046,SPEEDWAY #6303,"I-96, EXIT 4 & US-31",Muskegon,MI,456,3.299,43.226540,-86.257247
69046,SPEEDWAY #6303,"I-96, EXIT 4 & US-31",Muskegon,MI,456,3.319,43.226540,-86.257247
69046,SPEEDWAY #6303,"I-96, EXIT 4 & US-31",Muskegon,MI,456,3.359,43.226540,-86.257247
69046,SPEEDWAY #6303,"I-96, EXIT 4 & US-31",Muskegon,MI,456,3.379,43.226540,-86.257247
69046,SPEEDWAY #6303,"I-96, EXIT 4 & US-31",Muskegon,MI,456,3.279,43.226540,-86.257247
69047,SPEEDWAY #7461,I-294 & SR-50/SR-31,Alsip,IL,293,3.219,41.670270,-87.737085
69049,CIRCLE K #2741787,"I-440, EXIT 7 & US-165",North Little Rock,AR,695,3.369,34.781752,-92.235057
69051,PILOT TRAVEL CENTER #1225,"I-64, EXIT 23 & SR-4",Mascoutah,IL,540,3.799,38.518115,-89.800041
69051,PILOT TRAVEL CENTER #1225,"I-64, EXIT 23 & SR-4",Mascoutah,IL,540,3.859,38.518115,-89.800041
69051,PILOT #1225,"I-64, EXIT 23 & SR-4",Mascoutah,IL,540,3.859,38.518115,-89.800041
69052,PILOT DEALER #1193,US-93,Wikieup,AZ,930,3.839,34.693034,-113.599504
69052,PILOT #1193,US-93,Wikieup,AZ,930,3.899,34.693034,-113.599504
69053,PILOT #1192,US-60,Wittmann,AZ,930,4.899,33.774957,-112.525091
69053,PILOT DEALER #1192,US-60,Wittmann,AZ,930,4.899,33.774957,-112.525091
69055,PILOT DEALER #1058,US-301 & SR-200,Waldo,FL,140,3.799,29.792038,-82.166931
69055,PILOT TRAVEL CENTER #1058,US-301 & SR-200,Waldo,FL,140,3.799,29.792038,-82.166931
69057,MACH ONE FOOD SHOP #18,US-45/SR-15,Fairfield,IL,340,3.759,38.380632,-88.372524
69057,MACH ONE FOOD SHOP #18,US-45/SR-15,Fairfield,IL,340,3.729,38.380632,-88.372524
69058,FOOD N FUEL,SR-53,Joliet,IL,365,3.599,41.516866,-88.147963
69058,FOOD N FUEL,SR-53,Joliet,IL,365,3.499,41.516866,-88.147963
69059,LOVES TRAVEL STOP #530,"I-20, EXIT 147",Moody,AL,615,3.17566666,33.603429,-86.493786
69061,SPINX #125 (DISCOUNT AVAILABLE),US-25 & SR-331,Piedmont,SC,30,3.06566666,34.705617,-82.466746
69064,DUCK THRU #7,US-258,Rich Square,NC,130,3.699,36.273942,-77.283906
69067,AP FUEL STOP,"I-75, EXIT 120",Lima,OH,411,3.08066666,40.740679,-84.112091
69069,SPINX #179 (DISCOUNT AVAILABLE),SR-291,Greenville,SC,210,3.799,34.836902,-82.362997
69073,LOVES TRAVEL CENTER #518,"I-15, EXIT 260 & SR-77",Springville,UT,835,3.689,40.164273,-111.619525
69073,LOVES TRAVEL STOP #518,"I-15, EXIT 260 & SR-77",Springville,UT,835,3.809,40.164273,-111.619525
69076,A PLUS MINI MARKET,"I-95, MM 82",Aberdeen,MD,22,3.83233333,39.516403,-76.174518
69077,FLYING J #554,"I-37, EXIT 56",George West,TX,740,3.199,28.330000,-98.118304
69078,PILOT #559,"I-20, EXIT 178",Big Spring,TX,612,3.659,32.238341,-101.485739
69079,Circle K #2746432,SR-2,Stanley,ND,452,3.549,48.313784,-102.397321
69084,TIGER MART #79,SR-287 & FM-664,Waxahachie,TX,630,2.849,32.402480,-96.844493
69085,FATDOGS OGALLALA,"US-80, EXIT 126 & US-26/SR-61",Ogallala,NE,475,3.014,41.129595,-101.720677
69088,SPEEDWAY #3478,US-9 & SR-184,Perth Amboy,NJ,115,3.419,40.520160,-74.271331
69095,JACKSONS FOOD STORE #23,"SR-395, EXIT 78",Reno,NV,966,3.999,39.549097,-119.849907
69096,SPEEDWAY #2907,US-62 & SR-18,Hermitage,PA,165,3.93733333,41.229752,-80.443048
69097,CIRCLE K #2741192,"I-30, EXIT 42B & SR-180",Dallas,TX,630,2.899,32.793333,-96.766513
69098,CIRCLE K #2741318,SR-285 & CR-160,Dripping Springs,TX,595,3.049,30.195936,-98.093701
69099,LOVES TRAVEL STOP #523,"I-10, EXIT 92",Rayne,LA,600,3.149,30.240513,-92.267335
69100,DADS NORTH YELLOWSTONE,US-26,Idaho Falls,ID,825,3.599,43.489616,-112.035340
69101,BROMPTON VALERO,"I-20, EXIT 147 WEST",Moody,AL,615,3.12233333,33.603429,-86.493786
69102,CIRCLE K #4701445,"I-57, EXIT 250 & US-36",Rantoul,IL,280,3.599,40.302560,-88.154880
69102,CIRCLE K #4701445,"I-57, EXIT 250 & US-36",Rantoul,IL,280,3.799,40.302560,-88.154880
69103,LOVES TRAVEL STOP #539,US-385 & FM-1910,Andrews,TX,710,3.689,32.321336,-102.551846
69104,QUIKTRIP #970,SR-12 & SR-180,Dallas,TX,630,2.97566666,32.793333,-96.766513
69106,SPINX #201,"I-185, EXIT 1A, I-385, EXIT 30",Simpsonville,SC,30,2.96566666,34.728538,-82.256377
69109,SHEETZ #497,"I-99, EXIT 15 & US-220 (BUSINESS)",Claysburg,PA,14,3.644,40.291448,-78.451419
69110,SHEETZ #498,US-22/US-119,Blairsville,PA,165,3.52733333,40.432490,-79.259881
69112,LOVES TRAVEL STOP #529,"I-39, EXIT 54",Oglesby,IL,290,3.489,41.293210,-89.071036
69112,LOVES TRAVEL STOP #529,"I-39, EXIT 54",Oglesby,IL,290,3.589,41.293210,-89.071036
69112,LOVES TRAVEL STOP #529,"I-39, EXIT 54",Oglesby,IL,290,3.389,41.293210,-89.071036
69115,BP,"I-90, EXIT 387/CR-151",Hartford,SD,530,2.97733333,43.621459,-96.934870
69117,SPEEDWAY #6395,US-24 & SR-64,Waterville,OH,550,3.699,41.501971,-83.736852
69119,CIRCLE K #2741217,"I-24, EXIT 242 & US-550/SR-24",Bernalillo,NM,580,3.52566666,35.312363,-106.554104
69122,DOUBLE QUICK #61,US-82,Leland,MS,655,3.299,33.404834,-90.890925
69123,LATTA TRAVEL STOP,SR-1,Ada,OK,569,3.10733333,34.767914,-96.669114
69124,LOVES TRAVEL STOP #467,"I-95, EXIT 131 & SR-68",Fort Pierce,FL,95,3.50566666,27.426112,-80.342488
69125,TA BROOKLYN,"I-80, EXIT 197",Brooklyn,IA,380,3.819,41.731470,-92.444886
69127,TALL TIMBERS TRUCK STOP,"I-55, EXIT 46 & SR-16",Amite,LA,600,2.999,30.732164,-90.515286
69128,BEACON & BRIDGE #34,"US-127, EXIT 194 & SR-55",Houghton Lake,MI,260,3.399,44.301067,-84.749865
69132,PILOT #1001,US-67 & SR-137,Big Lake,TX,710,4.059,31.194112,-101.453406
69133,PILOT TRAVEL CENTERS #557,US-180 & US-62,Hobbs,NM,593,3.729,32.729089,-103.160588
69134,LOVES TRAVEL STOP #486,"I-40 & US-270, EXIT 166",Choctaw,OK,483,3.33733333,35.484983,-97.269942
69135,SPEEDWAY #8013,"I-70, EXIT 21",Brookville,OH,317,3.34066666,39.839007,-84.416278
69137,CIRCLE K #2741564,"I-35/US-77, EXIT 338B",Waco,TX,765,2.889,31.557994,-97.189750
69139,CIRCLE K #2741545,SR-72 & US-87,Cuero,TX,747,3.099,29.102741,-97.287081
69141,LOVES TRAVEL STOP #558,US-283 & US-400/US-56,Dodge City,KS,570,3.789,37.760670,-100.017863
69142,LOVES TRAVEL STOP #517,"I-70, EXIT 26 & US-50/6",Grand Junction,CO,800,3.989,39.089062,-108.567452
69143,MACH 1 #21,US-45 & SR-34,Harrisburg,IL,510,3.689,37.737717,-88.545818
69144,STRIPES 7FLEET #42530,SR-71 & SR-16,Llano,TX,740,3.23233333,30.751007,-98.676524
69145,SPEEDWAY #9561,"I-77, EXIT 132",Ripley,WV,44,3.499,38.821616,-81.709312
69149,BLU STATION- LAMAR AVE,"I-240, EXIT 30",Memphis,TN,435,2.969,35.109164,-89.968511
69150,BLU STATION,"I-70, EXIT 66 & SR-267",Plainfield,IN,375,3.479,39.693052,-86.373662
69151,PILOT #592,"I-70, EXIT 26 & US-50",Grand Junction,CO,800,3.999,39.089062,-108.567452
69151,PILOT TRAVEL CENTER #592,"I-70, EXIT 26 & US-50",Grand Junction,CO,800,3.999,39.089062,-108.567452
69152,LOVES TRAVEL STOP #557,"US-64/167, EXIT 44 & SR-367",Searcy,AR,695,3.36233333,35.241134,-91.735223
69153,Pilot Travel Center #1550,"I-65, EXIT 304 & SR-69/CR-437",Cullman,AL,615,3.859,34.176870,-86.840656
69153,PILOT #1550,"I-65, EXIT 304 & SR-69/CR-437",Cullman,AL,615,3.859,34.176870,-86.840656
69155,PILOT TRAVEL CENTERS #1004,"I-35, EXIT 214 & US-60",Tonkawa,OK,500,3.59566666,36.670589,-97.315028
69156,BLU STATION,"I-55, EXIT 5A",Memphis,TN,435,2.969,35.109164,-89.968511
69159,EXXON,US-15 & SR-49,Lawrenceville,PA,32,3.699,41.996136,-77.130392
69162,Shell,US-20 & SR-15,Goshen,IN,370,3.549,41.573884,-85.829986
69163,CUBBYS #406,"I-229, EXIT 9 & SR-115",Sioux Falls,SD,530,3.099,43.540696,-96.731962
69164,CIRCLE K #2741557,US-190 & SR-195 & SR-3470,Killeen,TX,765,2.76233333,31.077669,-97.731952
69165,EL TIPI QUICK STOP,US-283 & SR-15,Shattuck,OK,337,3.23233333,36.264970,-99.877431
69167,HOBO TRUCK STOP 2,US-50/400 & US-83,Garden City,KS,525,3.399,37.975876,-100.850884
69168,STRIPES 7FLEET #42470,I-20 EXIT 324 & CR-134,Cisco,TX,575,3.12733333,32.387425,-98.981920
69169,LAMBOS #5,"I-57, EXIT 212 & SR-36/CR-950",Tuscola,IL,280,3.229,39.795912,-88.275483
69170,SPEEDWAY #9381,US-50 & SR-14,Parkersburg,WV,430,3.464,39.261278,-81.543350
69171,KWIK STAR #215,US-61,Davenport,IA,270,3.649,41.556820,-90.603948
69172,KWIK TRIP #210,"US-53, EXIT 90",Eau Claire,WI,295,3.40733333,44.818343,-91.494769
69173,KWIK TRIP #231,US-61 & SR-310,Boscobel,WI,335,3.474,43.147132,-90.705141
69174,KWIK TRIP #860,SR-17,Rhinelander,WI,395,3.45233333,45.634283,-89.429947
69175,KWIK TRIP #854,US-212 & CR-33,Norwood Young America,MN,453,3.674,44.772107,-93.917287
69176,FLYING J TRAVEL PLAZA #1015- TOWN PUMP,SR-200/SR-16 & CR-123,Sidney,MT,780,3.384,47.715456,-104.167161
69177,LOVES TRAVEL STOP #426,"I-80, EXIT 34",Shelby,IA,433,3.649,41.505133,-95.449353
69178,LOVES TRAVEL STOP #495,"I-75, EXIT 143 & CR-78",North Fort Myers,FL,225,3.789,26.717956,-81.845811
69182,XtraMart #1513,"I-87, EXIT 10 & US-9",Clifton Park,NY,12,3.899,42.858993,-73.822974
69183,SPEEDWAY #7611,"I-71, EXIT 65 & SR-435",Jeffersonville,OH,315,3.229,39.649616,-83.558138
69185,LOVES TRAVEL STOP #560,US-258 & US-58,Franklin,VA,130,3.889,36.684014,-76.941396
69185,LOVES TRAVEL STOPS #560,US-258 & US-58,Franklin,VA,130,3.889,36.684014,-76.941396
69186,LOVES TRAVEL STOP #551,US-20 & CR-127,Angola,IN,465,3.889,41.641058,-85.010985
69187,LOVES TRAVEL STOP #559,US-82 & US-49,Indianola,MS,655,3.31566666,33.448896,-90.643752
69188,PILOT TRAVEL CENTER #1013-TOWN PUMP,"I-90, EXIT 298",Belgrade,MT,786,3.63066666,45.782706,-111.178256
69189,LOVES TRAVEL STOP #542,"I-10, EXIT 261/US-67 & I-10 BUS",Fort Stockton,TX,710,3.649,30.892574,-102.884210
69190,LOVES TRAVEL STOP #561,"I-10, EXIT 70 & US-90 & SR-285",Defuniak Springs,FL,20,3.609,30.706132,-86.118570
69193,Certified Oil #400305,SR-2 & SR-7,New Martinsville,WV,317,3.31733333,39.645553,-80.862670
69194,CHESAPEAKE HOUSE SUNOCO,"I-95, EXIT 97",North East,MD,243,3.83233333,39.608037,-75.941655
69200,BECKS EXPRESS MART #22,"I-55, EXIT 126",Lincoln,IL,280,3.299,40.150678,-89.370273
69201,CASEYS #3654,SR-210,Brainerd,MN,522,3.44566666,46.355269,-94.198372
69203,SPEEDWAY #1414,US-45,Mokena,IL,293,3.339,41.529863,-87.877710
69207,CIRCLE K #2705988,"I-10, EXIT 209A & US-90/SR-10",Tallahassee,FL,20,3.619,30.453529,-84.252272
69211,KWIK TRIP #213,"I-35/US-61, EXIT 139 & CR-19",Stacy,MN,451,3.37733333,45.423044,-92.970320
69213,Circle K #2741498,SR-72 & SR-16,Tilden,TX,747,3.199,28.459855,-98.548677
69214,MAVERIK #5031,"I-70, EXIT 90 & US-24",Rifle,CO,800,3.46233333,39.537565,-107.770344
69215,GASWAY,US-1,North Brunswick,NJ,115,3.159,40.450392,-74.479416
69217,Circle K #4705624,"I-76, EXIT 2 & US-224",Seville,OH,249,3.06566666,41.020726,-81.867136
69218,DANDY MINI MART #58,"I-86, EXIT 41 & US-17/15",Campbell,NY,32,3.899,42.235043,-77.193694
69218,DANDY MINI MART #58,"I-86, EXIT 41 & US-17/15",Campbell,NY,32,3.999,42.235043,-77.193694
69220,CIRCLE K #2705097,"I-275, EXIT 2 & US-41",Palmetto,FL,225,3.699,27.525050,-82.574964
69221,PILOT TRAVEL CENTER #483,"I-80, EXIT 112 & SR-47",Morris,IL,290,3.799,41.380229,-88.424332
69222,PILOT TRAVEL CENTERS #1003,US-287 & US-283,Childress,TX,585,3.799,34.435452,-100.282382
69223,LOVES TRAVEL STOP #566,"US-231/CR-53, EXIT 12",Ozark,AL,20,3.989,31.451615,-85.645035
69226,STRIPES #40812,US-77,Odem,TX,625,3.199,27.946241,-97.587518
69228,QUIKTRIP #993,"I-20, EXIT 501 & SR-34",Terrell,TX,630,2.87066666,32.725827,-96.298003
69229,SPEEDWAY #7154,"I-40, EXIT 87 & US-70",Jackson,TN,460,3.399,35.658451,-88.837399
69230,JOES KWIK MARTS #6013,SR-16 & SR-73,Denver,NC,46,3.189,35.545552,-81.044706
69233,PILOT TRAVEL CENTER #597,US-23 & US-50,Chillicothe,OH,315,3.799,39.340502,-82.996102
69234,KWIK TRIP #220,US-53/SR-194,Duluth,MN,334,3.499,46.774458,-92.134135
69235,KWIK TRIP #203,US-2 & SR-35,Superior,WI,334,3.339,46.648749,-92.108872
69236,KWIK TRIP #225,SR-54/SR-55,Seymour,WI,582,3.39066666,44.514416,-88.327340
69237,KWIK TRIP #239,"I-43, EXIT 50 & SR-164",Big Bend,WI,444,3.33233333,42.883895,-88.203596
69238,KWIK TRIP #242,"US-41, EXIT 97",Fond Du Lac,WI,444,3.34066666,43.772182,-88.440264
69239,LOVES TRAVEL STOP #580,SR-20/157 & SR-133,Tuscumbia,AL,615,3.849,34.718502,-87.702586
69245,SPEEDWAY #7946,SR-24,Newport,NC,205,3.699,34.770703,-76.879076
69250,MAVERIK #5150,"I-25, EXIT 278 & SR-1",Wellington,CO,800,3.199,40.697652,-105.006255
69252,SPEEDWAY #6977,SR-96,Youngsville,NC,205,2.95233333,36.035068,-78.481650
69255,THE LANDING,US-82,Greenwood,MS,655,3.199,33.512460,-90.198963
69257,CATARINA ONE STOP,US-83,Catarina,TX,693,3.024,28.350178,-99.615258
69258,TEX-BEST #525,"I-37, EXIT 109 & SR-97",Pleasanton,TX,740,3.099,28.964036,-98.495963
69259,SPEEDWAY #7162,US-74/SR-311,Cleveland,TN,285,3.449,35.180044,-84.871288
69261,THORNTONS #314,SR-83,Bensenville,IL,290,3.449,41.958011,-87.943825
69261,THORNTONS #314,SR-83,Bensenville,IL,290,3.409,41.958011,-87.943825
69261,THORNTONS #314,SR-83,Bensenville,IL,290,3.459,41.958011,-87.943825
69263,LOVES TRAVEL STOP #564,US-82 & SR-50 & SR-12,Columbus,MS,615,3.249,33.508208,-88.407128
69289,KWIK TRIP #224,"I-35, EXIT 254",Duluth,MN,334,3.499,46.774458,-92.134135
69290,LOVES TRAVEL STOP #587,"I-41/US-45, EXIT 97",Fond Du Lac,WI,444,3.44566666,43.772182,-88.440264
69291,LOVES TRAVEL STOP #581,"I-70, EXIT 56 & US-89",Salina,UT,835,3.70566666,38.938839,-111.865209
69294,KWIK TRIP #317,"I-90, EXIT 28 & SR-16",Sparta,WI,515,3.24233333,43.938249,-90.812705
69296,KWIK TRIP #234,"I-35, EXIT 239",Cloquet,MN,334,3.319,46.725070,-92.501330
69297,KWIK TRIP #241,"US-51, EXIT 208 & SR-64",Merrill,WI,395,3.40733333,45.180635,-89.700339
69299,SPEEDWAY #7912,US-421/SR-16,Wilkesboro,NC,65,3.134,36.142444,-81.176974
69300,SPEEDWAY #8262,SR-306 & SR-55,Grantsboro,NC,205,3.44066666,35.144868,-76.844682
69301,SPEEDWAY #6969,US-264 & SR-99,Belhaven,NC,205,3.19733333,35.542961,-76.623111
69305,ROAD RANGER #268,"I-64, EXIT 130 & SR-1",Grayville,IL,340,3.799,38.255135,-87.996927
69306,PILOT TRAVEL CENTER #500,"I-75, EXIT 460 & SR-6",Jasper,FL,10,3.369,30.455935,-82.934214
69307,LOVES TRAVEL STOP #578,I-55 EXIT 30 & SR-140,Hamel,IL,540,3.569,38.892463,-89.838728
69307,LOVES TRAVEL STOP #578,I-55 EXIT 30 & SR-140,Hamel,IL,540,3.419,38.892463,-89.838728
69307,LOVES TRAVEL STOP #578,I-55 EXIT 30 & SR-140,Hamel,IL,540,3.429,38.892463,-89.838728
69307,LOVES TRAVEL STOP #578,I-55 EXIT 30 & SR-140,Hamel,IL,540,3.689,38.892463,-89.838728
69308,LOVES TRAVEL STOP #535,SR-283,Middletown,PA,70,3.759,40.644006,-75.324584
69309,PILOT TRAVEL CENTER #1012,"US-218, EXIT 42B & US-34",Mount Pleasant,IA,270,3.56566666,40.962205,-91.547162
69310,PILOT TRAVEL CENTER #1006,"I-10, EXIT 456 & US-377",Junction,TX,740,3.599,30.490759,-99.773222
69311,GOLDEN GATE TRUCKSTOP HAWTHORNE,US-95/SR-362,Hawthorne,NV,966,4.079,38.525267,-118.626031
69312,ONVO TRAVEL PLAZA - DUNCANNON,US-11/15,Duncannon,PA,70,3.55233333,40.395178,-77.027730
69313,PETERSONS DIESEL FUELING,"I-5, EXIT 156",Seattle,WA,962,4.399,47.619335,-122.351538
69314,Circle K #4706799,"I-55, EXIT 283 & SR-43",Bridgeview,IL,291,3.919,41.740280,-87.806682
69315,ROAD RANGER #269,"I-70, EXIT 147 & SR-1",Marshall,IL,510,3.449,39.399532,-87.691168
69315,ROAD RANGER #269,"I-70, EXIT 147 & SR-1",Marshall,IL,510,3.249,39.399532,-87.691168
69315,ROAD RANGER #269,"I-70, EXIT 147 & SR-1",Marshall,IL,510,3.309,39.399532,-87.691168
69318,FUEL ONE,US-9 & SR-35,Avenel,NJ,115,3.37233333,40.584334,-74.271626
69319,SPEEDWAY #8190,US-117/13 BYP S,Goldsboro,NC,205,3.599,35.378226,-77.971869
69321,CIRCLE K #2741546,US-90,Gonzales,TX,747,2.87566666,29.512549,-97.447205
69322,SHELL SERVICE STATION,"I-10, EXIT 828 & SR-73",Winnie,TX,610,3.23233333,29.816716,-94.380673
69324,CIRCLE K #4707006,"I-95, EXIT 302 & US-1",Houlton,ME,170,3.899,46.121447,-67.832210
69330,KWIK TRIP #292,"I-43, EXIT 183",Green Bay,WI,582,3.39066666,44.521542,-87.986568
69333,SPEEDWAY #3578,"US-131, EXIT 64",Wayland,MI,456,3.599,42.673081,-85.641727
69333,SPEEDWAY #3578,"US-131, EXIT 64",Wayland,MI,456,3.499,42.673081,-85.641727
69333,SPEEDWAY #3578,"US-131, EXIT 64",Wayland,MI,456,3.699,42.673081,-85.641727
69336,SPEEDWAY #7148,"I-40, EXIT 232 & SR-109",Lebanon,TN,460,2.92233333,36.199381,-86.344634
69338,SPEEDWAY #6139,US-30 & SR-13,Pierceton,IN,465,3.729,41.199266,-85.703116
69339,SPEEDWAY #9383,"I-75, EXIT 29 & SR-63",Monroe,OH,300,3.20233333,39.445990,-84.365772
69341,CIRCLE K #2741067,"I-410/US-281, EXIT 41",San Antonio,TX,740,2.899,29.462809,-98.524635
69342,WARREN OIL,"I-90, EXIT 3 & US-41 & SR-912",Hammond,IN,365,3.439,41.618736,-87.494949
69344,CIRCLE K #2741078,SR-97 & SR-123,Stockdale,TX,747,3.079,29.235974,-97.963888
69345,RUTTERS #20,"I-76, EXIT 247 & I-283, EXIT 1A",Middletown,PA,70,3.82233333,40.644006,-75.324584
69346,D AND C FUEL SALES,US-6 & CR-4019,Tunkhannock,PA,200,3.699,41.541084,-75.949058
69353,SPEEDWAY #2910,"I-79, EXIT 55",Pittsburgh,PA,165,3.909,40.439936,-79.975676
69354,CIRCLE K #4702411,US-36,Danville,IN,375,3.789,39.758812,-86.495282
69362,HART MARATHON,US-31,Hart,MI,456,3.499,43.696618,-86.367269
69362,HART MARATHON,US-31,Hart,MI,456,3.449,43.696618,-86.367269
69365,Circle K #4703911,SR-109 & SR-52,Portland,TN,460,2.959,36.597486,-86.526621
69369,SPEEDWAY #2912,SR-65,Baden,PA,165,3.91233333,40.639695,-80.222537
69374,7-ELEVEN #40558,SR-6 & CR-185,Woodway,TX,765,2.98566666,31.498334,-97.230789
69377,CIRCLE K #4705628,SR-21 & SR-585,Barberton,OH,249,3.58233333,41.006903,-81.604390
69379,Kum & Go #0535,US-6 & US-65,Des Moines,IA,320,2.98733333,41.572590,-93.610243
69380,CASEYS #2967,SR-43 & SR-2,Bennet,NE,413,3.229,40.681727,-96.503932
69384,KWIK TRIP #209,"US-41, EXIT 148 & SR-55",Kaukauna,WI,582,3.369,44.277161,-88.264292
69390,MINIT MART #600625,"I-57, EXIT 283 & US-24",Gilman,IL,280,3.399,40.763498,-88.002080
69390,MINIT MART #600625,"I-57, EXIT 283 & US-24",Gilman,IL,280,3.489,40.763498,-88.002080
69392,LOVES TRAVEL STOP #600,"I-69, EXIT 214",Pendleton,IN,457,3.57566666,40.008509,-85.760809
69393,LOVES TRAVEL STOP #594,US-35 & SR-850,Bidwell,OH,315,3.849,38.920936,-82.285388
69394,SPEEDWAY #3424,"I-75, EXIT 73 & SR-55",Troy,OH,411,3.13566666,40.041012,-84.222355
69396,SPEEDWAY #7158,"I-40, EXIT 320 & SR-98",Crossville,TN,460,3.07233333,35.951539,-85.030587
69397,SPEEDWAY #7163,"I-40/US-412, EXIT 85",Jackson,TN,460,3.349,35.658451,-88.837399
69398,SPEEDWAY #7114,"I-75, EXIT 4, SR-153, EXIT 1 & US-64/US-11",Chattanooga,TN,285,3.08233333,35.065958,-85.248386
69399,SPEEDWAY #7147,"I-75, EXIT 49 & SR-30",Athens,TN,285,3.349,35.456809,-84.604522
69400,CASEYS #4411,US-641 & SR-58,Benton,KY,490,3.199,36.848003,-88.361650
69401,CASEYS #3205,"I-29, EXIT 47 & US-275/SR-92",Council Bluffs,IA,319,3.599,41.236585,-95.852805
69402,SHELL,"I-71, EXIT 151 & SR-95",Mount Gilead,OH,315,3.759,40.554047,-82.827904
69403,SHORTYS ONE STOP,US-83/12/SR-20,Selby,SD,248,3.089,45.505730,-100.032904
69405,FLYING J #551,"I-20, EXIT 330 & SR-206",Cisco,TX,575,3.14233333,32.387425,-98.981920
69407,Cenex,US-14/CR-812 & US-83,Blunt,SD,571,3.1015,44.515940,-99.988556
69410,LOVES TRAVEL STOP #602,"I-90, EXIT 67B",Box Elder,SD,506,3.989,44.110941,-103.081066
69412,CIRCLE K #4705724,US-127 & CR-144,Paulding,OH,411,3.699,41.142663,-84.582657
69413,ASAP GENERAL STORE #300,"I-40, EXIT 66 & US-183",Clinton,OK,483,3.149,35.507101,-98.970503
69414,FLEX MARKET,"I-65 EXIT20, US-31 W EXIT 4",Bowling Green,KY,460,2.999,36.976832,-86.433661
69421,CIRCLE K #2741257,"I-10, EXIT 19B",El Paso,TX,640,2.91566666,31.847780,-106.431106
69423,FAST MARKET #4574,SR-375 & CR-258,El Paso,TX,640,2.90566666,31.847780,-106.431106
69425,5R TRAVEL CENTER,"I-10, US HWY 180, EXIT 82A",Deming,NM,640,3.049,32.263076,-107.752490
69426,LOVES TRAVEL STOP #553,"I-40 E, EXIT 163",Williams,AZ,930,3.59566666,35.246640,-112.183296
69434,CIRCLE K #2741559,US-281 & SR-29,Burnet,TX,595,2.91566666,30.750626,-98.238214
69436,CIRCLE K #2741077,SR-97 & CR-433,Pleasanton,TX,747,2.949,28.964036,-98.495963
69437,CountryMark,SR-66,Evansville,IN,340,3.699,37.987737,-87.534705
69438,LOVES TRAVEL STOP #585,"I-49/US-71, EXIT 27 & SR-86",Neosho,MO,277,3.39733333,36.845458,-94.376438
69439,LOVES TRAVEL STOP #608,"I-135, EXIT 60 & US-56",Mcpherson,KS,570,3.324,38.369881,-97.664518
69440,LOVES TRAVEL STOP #592,US-24 & SR-101,Woodburn,IN,370,3.849,41.128114,-84.850513
69441,LOVES TRAVEL STOP #610,"I-20, EXIT 307 & US-283",Baird,TX,575,3.10733333,32.396067,-99.395993
69442,Eagle #51,US-83 & FM-1917,Carrizo Springs,TX,740,3.279,28.525843,-99.859255
69446,SUPER SAVE #4,SR-33 & SR-15,Farmerville,LA,719,3.479,32.775105,-92.400519
69448,STRIPES #42525,"I-27/US-87, EXIT 2",Lubbock,TX,700,2.95733333,33.561901,-101.888883
69451,LOVES TRAVEL STOP #603,I-95 EXIT 366 AT PECAN PARK RD,Jacksonville,FL,75,3.399,30.336864,-81.661603
69452,DANDY MINI MART #5,HWY 6,Towanda,PA,32,3.999,41.770945,-76.446503
69453,7-ELEVEN #41033,US-69,Woodville,TX,610,3.149,30.774433,-94.422454
69454,SPEEDWAY #6092,"I-65, EXIT 76A & US-31",Taylorsville,IN,375,3.35733333,39.296476,-85.950274
69455,SPEEDWAY #4214,"I-45, EXIT 46 & US-100",Milwaukee,WI,448,3.36566666,43.063348,-87.966695
69458,PEOSTA KWIK STOP,"US-20, EXIT 308",Peosta,IA,335,3.489,42.447214,-90.841426
69459,LOVES TRAVEL STOP #583,"I-64, EXIT 27 & SR-161",New Baden,IL,540,3.849,38.536765,-89.707193
69462,LOVES TRAVEL STOP #619,"I-59, EXIT 29 & SR-26",Poplarville,MS,725,3.17566666,30.839677,-89.530205
69465,MAVERIK COUNTRY STORE #476,US-59,Gillette,WY,790,3.36566666,44.272580,-105.498936
69467,CIRCLE K #2741547,US-181,Floresville,TX,740,2.99566666,29.146743,-98.165173
69468,TOOT N TOTUM #100,US-83,Perryton,TX,585,2.999,36.392868,-100.797656
69469,QUIKTRIP #1110,"I-85, EXIT 60 & US-101",Greer,SC,210,3.08566666,34.931799,-82.229115
69471,Circle K #2741501,"I-37, EXIT 3A",Corpus Christi,TX,625,3.104,27.754252,-97.173385
69474,LOVES TRAVEL STOP #577,"I-85, EXIT 22",Shorter,AL,720,3.22066666,32.411501,-85.972808
69475,GUTHRIE TRAVEL CENTER,I-35 EXT 138C,Guthrie,OK,483,2.96566666,35.876512,-97.408657
69477,LOVES TRAVEL STOP #621,US-36 & SR-110,Bevier,MO,310,3.439,39.751433,-92.563880
69480,VAN HOOK TRAVEL CENTER,US-23,New Town,ND,452,3.56233333,47.989075,-102.488305
69483,LOVES TRAVEL STOP #607,"US-63, EXIT 40 & SR-463",Jonesboro,AR,435,3.439,35.819755,-90.679033
69484,KWIK TRIP #774,SR-13,Adams,WI,395,3.274,43.955240,-89.816548
69485,7-ELEVEN #41036,US-96,San Augustine,TX,618,3.159,31.529899,-94.110894
69486,DUCK THRU FOOD STORE #42,SR-186 & SR-305,Seaboard,NC,130,3.299,36.490690,-77.441966
69487,CIRCLE K #2742034,"I-35, EXIT 176",Schertz,TX,740,2.794,29.563327,-98.250866
69489,SPRINT FOODS #728,SR-38,Bennettsville,SC,63,3.399,34.628218,-79.685958
69492,GOOD 2 GO #418,"I-15, EXIT 273 & US-54 & US-91",Mona,UT,835,3.429,39.811804,-111.841529
69494,TMI FUEL STOP,SR 1,Port Allen,LA,600,3.06566666,30.443835,-91.207410
69495,QUIKTRIP #72,US-69 & US-62,Muskogee,OK,560,3.03233333,35.743797,-95.356405
69496,LOVES TRAVEL STOP #601,"I-70, EXIT 115 & SR-109",Knightstown,IN,375,3.949,39.795537,-85.530811
69497,MACH ONE FOOD SHOP #10,"I-70 & EXIT 129, SR-49",Casey,IL,510,3.499,39.305417,-87.985309
69497,MACH ONE FOOD SHOP #10,"I-70 & EXIT 129, SR-49",Casey,IL,510,3.299,39.305417,-87.985309
69497,MACH ONE FOOD SHOP #10,"I-70 & EXIT 129, SR-49",Casey,IL,510,3.199,39.305417,-87.985309
69499,HANKS TRUCK STOP,US-39 & US-30,Hanna,IN,457,3.499,41.412027,-86.779449
69500,ROAD RANGER #271,"I-20, EXIT 108",Odessa,TX,710,3.51566666,31.880461,-102.345314
69501,VALLEY COUNTRY STORE,"I-84, EXIT 16B & SR-79",Jerome,ID,787,3.43233333,42.717617,-114.515788
69504,KWIK TRIP #245,SR-42,Plainview,MN,515,3.624,44.164687,-92.169190
69505,KWIK TRIP #282,"I-43, EXIT 43 & SR-83",Mukwonago,WI,444,3.33733333,42.852988,-88.320626
69506,KWIK TRIP #290,"I-94/US-41, EXIT 321",Oak Creek,WI,444,3.719,42.878693,-87.898676
69508,KWIK TRIP #777,SR-49 & CR-F,Berlin,WI,582,3.42566666,43.969729,-88.950033
69510,CLARK #3121,SR-46 & SR-24,Caro,MI,260,3.399,43.489303,-83.401744
69512,LOVES TRAVEL STOP #589,"I-27/US-87, EXIT 8 & FM-2641",Lubbock,TX,700,3.33233333,33.561901,-101.888883
69513,KWIK TRIP #885,WI-29 EXIT 132,Abbotsford,WI,395,3.45233333,44.943486,-90.317339
69514,Flying J #1033,"I-20, EXIT 138 & SR-158",Midland,TX,710,3.56566666,32.024642,-102.113467
69520,SPEEDWAY #2908,SR-51,Perryopolis,PA,165,3.91566666,40.086831,-79.752596
69521,CASEYS #3319,"US-30, EXIT 158",Nevada,IA,320,2.989,42.017499,-93.469669
69522,FUEL EXPRESSO 17,"I-35 & EXIT 187, SR-68",Ottawa,KS,400,3.17233333,38.598191,-95.262773
69524,CONCORD XTRAMART,"I-93, EXIT 17 & US-4",Concord,NH,178,3.659,43.232493,-71.561252
69525,DILLEY TRUCK STOP,"I-35 & EXIT 85, FM 117",Dilley,TX,740,3.06566666,28.667517,-99.176465
69526,STRIPES 7FLEET #42469,"I-20, US-80 EXIT 15A",Santo,TX,575,2.91733333,32.605585,-98.213845
69527,Exxon,"I-96, EXIT 129",Fowlerville,MI,406,3.749,42.659380,-84.073743
69528,KWIK STAR #283,"I-380/US-218/SR-27, EXIT 13",Cedar Rapids,IA,380,3.53233333,41.964190,-91.679170
69530,CIRCLE K #2741030,"I-35, EXIT 160",San Antonio,TX,740,2.999,29.462809,-98.524635
69531,Kwik Star#223,"I-35, EXIT 194 & US-18/SR-122",Clear Lake,IA,433,3.079,43.135090,-93.373651
69532,JACKSONS FOOD STORE #147,"I-84, EXIT 27/US-20 & SR-19",Caldwell,ID,785,3.579,43.645880,-116.659336
69534,CAIRO TRAVEL CENTER,US-84/SR-38,Cairo,GA,20,3.424,30.879229,-84.205505
69536,7-ELEVEN #40802,US-87,Nixon,TX,740,3.079,29.269670,-97.765876
69541,PILOT #1027,US-385 & CR-E,Vega,TX,585,3.30566666,35.245302,-102.429247
69542,PILOT #1030,"I-57, EXIT 353",Alsip,IL,290,3.359,41.670270,-87.737085
69542,PILOT TRAVEL CENTER #1030,"I-57, EXIT 353",Alsip,IL,290,3.459,41.670270,-87.737085
69542,PILOT TRAVEL CENTER #1030,"I-57, EXIT 353",Alsip,IL,290,3.499,41.670270,-87.737085
69542,PILOT TRAVEL CENTER #1030,"I-57, EXIT 353",Alsip,IL,290,3.599,41.670270,-87.737085
69542,PILOT #1030,"I-57, EXIT 353",Alsip,IL,290,3.459,41.670270,-87.737085
69545,LOVES TRAVEL STOP #628,"I-35E, EXIT 386 & FM-1134",Italy,TX,630,3.10233333,32.186464,-96.885789
69546,KWIK TRIP #186,"I-35, EXIT 183",Hinckley,MN,334,3.35233333,46.013033,-92.912722
69547,KWIK TRIP #297,"US-10, WI-441",Menasha,WI,582,3.49066666,44.212338,-88.427357
69549,KWIK TRIP #178,"I-494, EXIT 64B & SR-156",South Saint Paul,MN,451,3.60733333,44.888027,-93.040497
69550,KWIK TRIP #273,"I-35, EXIT 251B & SR-23",Duluth,MN,334,3.499,46.774458,-92.134135
69553,SPEEDWAY #2120,US-30,Oswego,IL,293,3.249,41.683220,-88.338849
69553,SPEEDWAY #2120,US-30,Oswego,IL,293,3.259,41.683220,-88.338849
69553,SPEEDWAY #2120,US-30,Oswego,IL,293,3.299,41.683220,-88.338849
69554,SPEEDWAY #8047,"I-70, EXIT 104 & SR-9",Greenfield,IN,375,3.599,39.793283,-85.772548
69558,CIRCLE K #2741070,FM-1560,San Antonio,TX,740,2.914,29.462809,-98.524635
69559,CASEYS #3424,"I-35, EXIT 26 & SR-30",Ellendale,MN,433,3.499,43.872721,-93.299331
69560,LOVES TRAVEL STOP #614,"I-40, EXIT 149",Albuquerque,NM,580,3.52066666,35.104780,-106.646809
69561,SPEEDWAY #7156,"I-40/75, EXIT 374 & SR-131",Knoxville,TN,405,3.26566666,35.970680,-83.949270
69562,SPEEDWAY #8796,"I-496, EXIT 11",Lansing,MI,406,3.699,42.714341,-84.560889
69564,SPEEDWAY #7106,"I-40, EXIT 280 & SR-56",Baxter,TN,460,3.06566666,36.153678,-85.634922
69565,PILOT #1021,"I-196, EXIT 49",Holland,MI,406,3.999,42.767049,-86.098572
69565,PILOT #1021,"I-196, EXIT 49",Holland,MI,406,4.099,42.767049,-86.098572
69566,PILOT TRAVEL CENTER #1024,"I-80, EXIT 132B & SR-53",Joliet,IL,290,3.799,41.516866,-88.147963
69566,PILOT #1024,"I-80, EXIT 132B & SR-53",Joliet,IL,290,3.799,41.516866,-88.147963
69567,KWIK TRIP #166,"I-35, EXIT 214",Moose Lake,MN,334,3.319,46.450299,-92.760955
69568,KWIK TRIP #295,SR-26 & SR-59,Milton,WI,420,3.399,42.774675,-88.939991
69570,CENEX CONVENIENCE,SR-34 & CR-21,Detroit Lakes,MN,341,3.499,46.807582,-95.846612
69572,AC & T GARLAND GROH,I-81 EXIT 7B,Hagerstown,MD,70,3.559,39.637986,-77.723252
69573,AC & T Falling Waters,"I-81, EXIT 23",Falling Waters,WV,70,3.849,39.563771,-77.887544
69574,LOVES TRAVEL STOP #622,"I-94, EXIT 45 & CR-B",Menomonie,WI,450,3.579,44.889200,-91.909570
69575,LOVES TRAVEL STOP #537,"I-68, EXIT 46 & US-220/SR-144",Cumberland,MD,14,4.249,39.651739,-78.757948
69576,PILOT #498,US-69/75 & SR-7,Atoka,OK,253,3.499,34.386353,-96.131101
69580,GORES TRAVEL PLAZA,US-270/SR-3,Seiling,OK,483,3.149,36.144651,-98.925437
69584,LOVES TRAVEL STOP #648,US-70,Valliant,OK,253,3.099,34.007542,-95.084904
69585,LOVES TRAVEL STOP #618,"I-75, EXIT 136 & SR-32",Sadieville,KY,300,3.139,38.387768,-84.551346
69587,LAMBOS #3,"I-57, EXIT 190A & SR-16",Mattoon,IL,280,3.399,39.477833,-88.362225
69588,FUEL CITY,"I-30, EXIT 52B & US-80",Mesquite,TX,630,2.96566666,26.402434,-98.980938
69589,LOVES TRAVEL STOP #604,I-35 EXIT 157 & SR-33,Guthrie,OK,483,3.319,35.876512,-97.408657
69590,LOVES TRAVEL STOP #654,US-81,Union City,OK,483,3.37566666,35.399523,-97.906705
69591,REBEL PLUS #841,"I-75, EXIT 116 & CR-865",Bonita Springs,FL,225,3.539,26.355011,-81.784234
69594,SPEEDWAY #8480,US-30 & CR-36,Plainfield,IL,293,3.279,41.619669,-88.226924
69594,SPEEDWAY #8480,US-30 & CR-36,Plainfield,IL,293,3.339,41.619669,-88.226924
69595,SPEEDWAY #7176,US-31/SR-6,Columbia,TN,460,3.359,35.625616,-87.044232
69596,SPEEDWAY #4250,SR-72,Des Plaines,IL,293,3.289,42.034398,-87.901136
69596,SPEEDWAY #4250,SR-72,Des Plaines,IL,293,3.499,42.034398,-87.901136
69597,SPEEDWAY #2918,US-119,Uniontown,PA,165,3.91566666,39.899302,-79.724529
69598,SPEEDWAY #8133,SR-237,Berea,OH,305,3.499,41.370548,-81.861757
69599,One9 SPEEDWAY #2917,SR-48 & SR-130,Monroeville,PA,165,3.99233333,40.426324,-79.761379
69601,LOVES TRAVEL STOP #638,US-54,Texhoma,OK,585,3.509,36.505405,-101.787387
69605,CASEYS #3305,SR-23 & SR-47,Ogilvie,MN,333,3.371,45.829828,-93.423042
69607,PANOLA PINES PLAZA,I-59,Carthage,TX,618,3.139,32.152046,-94.337111
69608,STRIPES,FM 1924,Mission,TX,639,3.099,26.204060,-98.325221
69611,CUBBYS #2104,CR-131,Shelby,NE,313,3.399,41.194247,-97.426267
69612,ROAD RANGER #272,"I-35, EXIT 39 & SR-44",Encinal,TX,693,3.539,28.040475,-99.354489
69614,RUTTERS #36,US-15 & SR-234,York Springs,PA,70,4.299,40.009301,-77.115883
69615,LOVES TRAVEL STOP #631,US-275/SR-64,Valley,NE,270,3.34566666,41.317001,-96.362256
69616,FLYING J #552,"I-71, EXIT 32 & SR-350",Lebanon,OH,407,3.399,39.425551,-84.213189
69618,LOVES TRAVEL STOP #656,US-50/400,Holcomb,KS,525,3.729,37.985983,-100.993619
69621,Circle K #2741096,"I-10/US-90, EXIT 591 & FM-1518",Converse,TX,740,2.93566666,29.512488,-98.304625
69625,RUTTERS #34,US-30 & SR-23,Leola,PA,70,4.199,40.092953,-76.188963
69626,CASEYS #2860,US-160 & FM-6070,West Plains,MO,535,3.419,36.737430,-91.867957
69627,STRIPES #40601,US-83 & FM-2360,Rio Grande City,TX,639,2.99566666,26.380999,-98.821478
69629,SWANTON MOBIL,"I-89, EXIT 21 & SR-78",Swanton,VT,39,3.539,44.924538,-73.119353
69630,MANSFIELD TRAVEL PLAZA,SR-175 & SR-509,Mansfield,LA,745,3.019,32.035341,-93.699665
69632,Circle K #2709300,US-72/SR-2,Huntsville,AL,460,2.97733333,34.697720,-86.676670
69633,ONE9 EXPRESS FUEL,"I-10, EXIT 42 & FM-1110",Clint,TX,640,2.80233333,31.590195,-106.228679
69636,PETRO WILMINGTON,"I-55, EXIT 240",Wilmington,IL,290,3.399,41.319383,-88.160248
69636,PETRO WILMINGTON,"I-55, EXIT 240",Wilmington,IL,290,3.499,41.319383,-88.160248
69636,PETRO WILMINGTON,"I-55, EXIT 240",Wilmington,IL,290,3.449,41.319383,-88.160248
69636,PETRO WILMINGTON,"I-55, EXIT 240",Wilmington,IL,290,3.539,41.319383,-88.160248
69637,PILOT #1041,SR-64 & CR-23,Carol Stream,IL,290,3.759,41.920346,-88.133223
69637,PILOT TRAVEL CENTER #1041,SR-64 & CR-23,Carol Stream,IL,290,3.699,41.920346,-88.133223
69637,PILOT #1041,SR-64 & CR-23,Carol Stream,IL,290,3.799,41.920346,-88.133223
69637,PILOT TRAVEL CENTER #1041,SR-64 & CR-23,Carol Stream,IL,290,3.799,41.920346,-88.133223
69643,Tex-Best #524,SR-44 E,Alice,TX,625,2.899,27.755616,-98.065812
69646,Arco One9,"I-10, EXIT 19",Quartzsite,AZ,930,3.379,33.667507,-114.217041
69646,Arco dba One9 #1258,"I-10, EXIT 19",Quartzsite,AZ,930,3.359,33.667507,-114.217041
69647,SPEEDWAY #6207,SR-25,Batavia,IL,293,3.699,41.847692,-88.311047
69647,SPEEDWAY #6207,SR-25,Batavia,IL,293,3.599,41.847692,-88.311047
69648,BP-GIANT OIL #440,"I-71, EXIT 204 & SR-83",Burbank,OH,249,3.23233333,40.986232,-81.994840
69649,SPEEDWAY #2921,"I-80, EXIT 29 & SR-8",Harrisville,PA,573,3.434,41.136407,-80.010746
69651,LOVES TRAVEL STOP #074,SR-19 & SR-76,Lindsay,OK,483,3.09066666,34.840485,-97.609851
69652,LOVES TRAVEL STOP #633,US-30,Plymouth,IN,365,3.849,41.348770,-86.319336
69653,LOVES TRAVEL STOP #644,"I-70, EXIT 437 & US-385",Burlington,CO,800,3.889,39.304169,-102.271412
69654,LOVES TRAVEL STOP #636,US-169,Nowata,OK,500,3.399,36.699265,-95.637465
69657,JIFFY MART,US-7 & SR-22A,Ferrisburgh,VT,39,3.599,44.203133,-73.279196
69658,Missouri Travel,"I-29, EXIT 75 & US-30",Missouri Valley,IA,319,3.424,41.559319,-95.902635
69659,QUIKTRIP #1092,"I-77, EXIT 77 & US-21/SR-5",Rock Hill,SC,46,3.134,34.938216,-81.019177
69662,STRIPES 7FLEET #42472,US-377,Brownwood,TX,575,2.96233333,31.712856,-98.977053
69663,STRIPES #2484,SR-480 & FM-1021,Eagle Pass,TX,740,3.199,28.701071,-100.476229
69664,7-ELEVEN #40544,US-281,Lampasas,TX,765,2.91566666,31.064037,-98.182783
69668,LOVES TRAVEL STOP #643,"I-55/57, EXIT 66A & US-60",Sikeston,MO,490,3.549,36.883729,-89.587199
69669,LOVES TRAVEL STOP #623,"I-20/SR-349, EXIT 131",Midland,TX,710,3.55566666,32.024642,-102.113467
69670,LOVES TRAVEL STOP #611,"I-90, EXIT B3 & SR-22",Canaan,NY,12,3.989,42.403004,-73.456777
69670,LOVES TRAVEL STOP #611,"I-90, EXIT B3 & SR-22",Canaan,NY,12,3.979,42.403004,-73.456777
69671,LOVES TRAVEL STOP #655,US-83 & SR-96,Scott City,KS,525,3.63733333,38.478872,-100.903053
69672,STRIPES 7FLEET #42507,US-285,Pecos,TX,710,3.379,31.471918,-103.701761
69673,QUIKTRIP #1863,"SEC HWY 114, I-35",Roanoke,TX,630,2.97566666,33.014743,-97.229034
69674,WEIGLES #64,"I-75, EXIT 122 & SR-61",Clinton,TN,405,2.99566666,36.097338,-84.128945
69676,SPEEDWAY #8495,"US-19/SR-400, EXIT 12",Alpharetta,GA,18,3.349,34.070866,-84.272650
69679,LOVES TRAVEL STOP #627,US-27 & SR-54,Davenport,FL,140,3.55233333,28.161193,-81.610839
69680,PILOT #1042,I-55 EXIT 283,Bridgeview,IL,290,3.799,41.740280,-87.806682
69680,PILOT TRAVEL CENTER #1042,I-55 EXIT 283,Bridgeview,IL,290,3.799,41.740280,-87.806682
69681,PILOT #1549,"I-20, EXIT168 & SR-77",Lincoln,AL,615,3.199,33.580169,-86.127876
69681,PILOT TRAVEL CENTER #1549,"I-20, EXIT168 & SR-77",Lincoln,AL,615,3.109,33.580169,-86.127876
69683,GOOD TO GO #88,"I-55, EXIT 283",Chicago,IL,291,3.619,41.837045,-87.684939
69684,KWIK TRIP #140,"SR-29, EXIT 177",Schofield,WI,395,3.424,44.913348,-89.621478
69686,CASEYS #3472,SR-125 & SR-78,Virginia,IL,368,3.759,39.952942,-90.210446
69686,CASEYS #3472,SR-125 & SR-78,Virginia,IL,368,3.659,39.952942,-90.210446
69686,CASEYS #3472,SR-125 & SR-78,Virginia,IL,368,3.799,39.952942,-90.210446
69687,CASEYS #3470,US-421 & SR-16,Monon,IN,375,3.779,40.864228,-86.878624
69688,CASEYS #3431,US-150 & SR-54,Farmer City,IL,368,3.339,40.248464,-88.641655
69693,MAVERIK COUNTRY STORE #527,"US-89, EXIT 405",Ogden,UT,835,3.439,41.228391,-111.968147
69694,MAVERIK COUNTRY STORE #533,US-91 & SR-101,Wellsville,UT,835,3.444,41.623416,-111.942094
69695,MAVERIK COUNTRY STORE #488,"I-15/US-89, EXIT 288",Draper,UT,835,3.44566666,40.497150,-111.864636
69696,MAVERIK COUNTRY STORE #531,"I-80/15, EXIT 305D",Logan,UT,835,3.43066666,41.740256,-111.841764
69698,KUM & GO #0891,I-44 (EASTBOUND),Vinita,OK,560,3.059,36.644152,-95.062183
69699,CIRCLE K #2741552,"SR-969, SR-130, EXIT 444",Austin,TX,595,2.93233333,30.298622,-97.754134
69701,PUMP & PANTRY #48,US-30 & SR-25,Fremont,NE,486,3.319,41.439842,-96.487000
69702,SPEEDWAY #7159,"I-40/SR-66, EXIT 412",Dandridge,TN,405,3.259,36.030124,-83.429831
69703,CIRCLE K #2741831,"I-35, EXIT 8B & SR-20",Laredo,TX,693,2.90233333,27.560379,-99.489181
69707,SUPER S TRAVEL PLAZA,"I-49, EXIT 241",Ida,LA,745,3.059,32.998902,-93.896379
69708,TA Express #289,US-59,Nacogdoches,TX,618,3.139,31.612364,-94.652046
69709,LOVES TRAVEL STOP #626,US-287,Dumas,TX,585,3.41566666,35.862020,-101.964972
69710,LOVES TRAVEL STOP #625,"I-80, EXIT 59 & SR-17J",Sidney,NE,475,3.47233333,41.133633,-102.969540
69711,PILOT TRAVEL CENTER #1047,"I-295, EXIT 25",Jacksonville,FL,75,3.384,30.336864,-81.661603
69711,PILOT #1047,"I-295, EXIT 25",Jacksonville,FL,75,3.359,30.336864,-81.661603
69712,LOVES TRAVEL STOP #650,"I-84/US-30, EXIT 159",Boardman,OR,935,3.52233333,45.836507,-119.692793
69713,EAGLE #56,"I-45, Exit 189",Teague,TX,765,3.48233333,31.629487,-96.280818
69715,CASEYS #2712,SR-8/SR-14,Superior,NE,413,3.36233333,40.021734,-98.061836
69719,SHEETZ #033,"I-99/US-220, EXIT 41 & SR-865",Altoona,PA,14,3.529,40.508052,-78.401114
69720,PILOT #1046,US-27 & SR-80,South Bay,FL,176,3.799,26.688379,-80.735526
69720,PILOT TRAVEL CENTER #1046,US-27 & SR-80,South Bay,FL,176,3.799,26.688379,-80.735526
69721,MFA,US-36,Brookfield,MO,276,3.249,39.785329,-93.077967
69723,SPEEDWAY #5036,I-90 & US-20,Hampshire,IL,293,3.369,42.116614,-88.505165
69727,PETRO-CARD 24 #910880,SR-6/13,Gallatin,MO,276,3.299,39.910352,-93.964011
69729,MFA OIL,US-63 & HWY E,Queen City,MO,494,3.249,40.411775,-92.566678
69731,PETRO-CARD 24 #910561,"I-49, EXIT 102A",Nevada,MO,277,3.349,37.844908,-94.350321
69732,PETRO-CARD 24 #911043,US-65,Sedalia,MO,392,3.249,38.705239,-93.235819
69735,PETRO-CARD 24 #910200,US-65 & BUS US-36,Chillicothe,MO,276,3.289,39.794761,-93.547397
69740,LOVES TRAVEL STOP #613,"I-81, EXIT 24 & SR-80",Meadowview,VA,185,3.599,36.763746,-81.883540
69741,LOVES TRAVEL STOP #659,"I-10, EXIT 133B",Tolleson,AZ,930,3.569,33.448370,-112.256012
69742,LOVES TRAVEL STOP #630,US-412/64,Enid,OK,337,3.78733333,36.406702,-97.869861
69743,LOVES TRAVEL STOP #647,US-81,Belleville,KS,523,3.81566666,39.824337,-97.633855
69744,LOVES TRAVEL STOP #632,US-54 & US-83,Liberal,KS,585,3.66566666,37.046108,-100.927706
69745,PILOT #1070,"I-40/US-54, EXIT 277 & US-84",Santa Rosa,NM,580,3.46233333,34.936051,-104.675021
69746,Maverik Country Store #5014,I-80 E EXIT 110 & HWY169,De Soto,IA,320,3.099,41.537777,-94.009953
69747,SUNOCO,I-69 & YS HWY 30,Fort Wayne,IN,370,3.604,41.088193,-85.142791
69748,SUNOCO,SR-930 E,Fort Wayne,IN,370,3.59733333,41.088193,-85.142791
69750,CIRCLE K #2704041,"I-35, EXIT 183",New Braunfels,TX,740,2.859,29.699306,-98.115127
69751,MFA,CR-37,Purdy,MO,416,3.349,36.818772,-93.920574
69755,PILOT #1082,"I-526, EXIT 19",Charleston,SC,42,3.41566666,32.828017,-79.972896
69758,MAVERIK COUNTRY STORE #537,I-215 EXIT 21,Salt Lake City,UT,835,3.38233333,40.776928,-111.930991
69764,MAVERIK COUNTRY STORE #538,I-15 & SR-99,Fillmore,UT,835,3.38733333,38.964259,-112.338671
69765,7-ELEVEN #40509,I-90/80 EB,Howe,IN,465,3.899,41.722822,-85.425486
69766,Marathon,"I-75, EXIT 99 & SR-119",Anna,OH,411,3.029,40.395364,-84.175659
69770,SASSYS TRUCK STOP,"I-86, EXIT 23 & US-219",Limestone,NY,240,3.159,42.017267,-78.631327
69772,CIRCLE K #2741825,"I-410, EXIT 2 & FM-2536",San Antonio,TX,740,3.099,29.462809,-98.524635
69780,Bolingbrook Mart,"I-55, EXIT 269",Bolingbrook,IL,293,3.639,41.687466,-88.106215
69782,BYRNE DAIRY #14,SR-414 & SR-318,Waterloo,NY,190,3.999,42.904586,-76.859023
69783,SHEETZ #603,"I-78 US-22, EXIT 13 & SR-501",Bethel,PA,208,3.32733333,40.476483,-76.287970
69784,KWIK TRIP #158,US-10 & SR-23,Saint Cloud,MN,451,3.27733333,45.526658,-94.171007
69785,LOVES TRAVEL STOP #662,US-287 & SR-285,Quanah,TX,585,3.849,34.295366,-99.742889
69786,LOVES TRAVEL STOP #671,"I-55, EXIT 63 & US-61",Blytheville,AR,275,3.45566666,35.934066,-89.905133
69787,LOVES TRAVEL STOP #616,"I-49, EXIT 158",Harrisonville,MO,400,3.429,38.650159,-94.350483
69788,LOVES TRAVEL STOP #612,"SR-370, EXIT 9 & SR-141",Bridgeton,MO,540,3.12066666,38.773317,-90.416997
69789,LOVES TRAVEL STOP #620,US-301 & SR-20,Hawthorne,FL,140,3.789,29.593677,-82.094467
69790,LOVES TRAVEL STOP #641,I-155/US-412 EXIT 13 & SR-78,Dyersburg,TN,275,3.40233333,36.046823,-89.377970
69791,PILOT #1083,US-287 & US-54,Stratford,TX,585,3.499,36.337568,-102.076030
69792,FLYING J #1061,"I-44, EXIT 72",Springfield,MO,416,3.38233333,37.194157,-93.292642
69797,KWIK TRIP #149,US-10,Saint Cloud,MN,451,3.21066666,45.526658,-94.171007
69798,LOVES TRAVEL STOP #060,US-36 & US-283,Norton,KS,525,3.109,39.836219,-99.891596
69799,MAVERIK COUNTRY STORE #387,"I-40, EXIT 253",Winslow,AZ,930,3.23566666,35.024236,-110.709331
69800,MAVERIK COUNTRY STORE #502,US-385 & SR-2,Alliance,NE,795,3.259,42.102567,-102.876188
69801,MAVERIK COUNTRY STORE #409,"I-580, EXIT 41 & SR-531",Carson City,NV,966,3.589,39.153060,-119.747368
69803,THORNTONS #319,"I-55, EXIT 248 & US-6",Channahon,IL,399,3.249,41.422789,-88.262954
69803,THORNTONS #319,"I-55, EXIT 248 & US-6",Channahon,IL,399,3.299,41.422789,-88.262954
69804,KWIK TRIP #184,"I-94, EXIT 293",Pewaukee,WI,444,3.449,43.086874,-88.256388
69809,KWIK TRIP #162,"I-94, EXIT 202",Elk River,MN,451,3.29733333,45.332212,-93.566528
69811,Chisholm Corner #16,US-81 & SR-7,Marlow,OK,569,3.01566666,34.631114,-97.956659
69813,SHEETZ #608,"I-81, EXIT 24 & CR-696",Shippensburg,PA,70,3.28566666,40.048733,-77.523193
69814,Allsup's #2454,US-87 & SR-163,Sterling City,TX,612,3.224,31.839175,-100.985878
69815,CENEX ZIP TRIP #75,"I-94/US-12, EXIT 138 & US-59",Miles City,MT,780,3.49733333,46.405823,-105.838944
69816,STRIPES #42503,"I-27, EXIT 1",Lubbock,TX,700,2.95066666,33.561901,-101.888883
69817,LOVES TRAVEL STOP #639,"I-20, EXIT 96",Lake,MS,705,3.16233333,32.329992,-89.314350
69818,LOVES TRAVEL STOP #675,US-75,Okmulgee,OK,560,3.21733333,35.625162,-95.954032
69819,FLYING J #1086,SR-18 & SR-5,Marion,IN,457,3.489,39.589618,-85.755854
69819,FLYING J TRAVEL PLAZA #1086,SR-18 & SR-5,Marion,IN,457,3.649,39.589618,-85.755854
69820,CUBBYS #304,SR-7,Manson,IA,319,3.299,42.528638,-94.540064
69821,FUEL CITY HALTOM CITY,"I-35W, EXIT 52B & TX-121",Haltom City,TX,630,2.96566666,32.817698,-97.271152
69823,LOVES TRAVEL STOP #664,US-41,Terre Haute,IN,375,3.949,39.464152,-87.376036
69824,LOVES TRAVEL STOP #663,US-190 & LA-103,Port Barre,LA,730,3.124,30.555523,-91.955962
69825,KWIK TRIP #154,MN-15,Sauk Rapids,MN,451,3.30233333,45.594724,-94.152747
69826,LOVES TRAVEL STOP #629,I-65 EXIT 108 & SR-76,White House,TN,460,3.159,36.464901,-86.668504
69827,KWIK TRIP #164,US-12/SR-29,Menomonie,WI,295,3.499,44.889200,-91.909570
69830,RUTTERS #69,"I-78/US-22, EXIT 29 & SR-61",Hamburg,PA,208,3.86566666,40.556225,-75.982357
69832,LOVES TRAVEL STOP #595,"I-10, EXIT 28 & SR-49",Gulfport,MS,733,3.144,30.419487,-89.069022
69833,LOVES TRAVEL STOP #658,US-412,Watts,OK,416,3.34733333,36.106512,-94.573885
69835,LOVES TRAVEL STOP #653,US-287   ,Eads,CO,800,3.47566666,38.481648,-102.779823
69837,LOVES TRAVEL STOP #606,"I-94, EXIT 73B & US-6",South Holland,IL,290,3.489,41.598372,-87.602736
69837,LOVES TRAVEL STOP #606,"I-94, EXIT 73B & US-6",South Holland,IL,290,3.449,41.598372,-87.602736
69837,LOVES TRAVEL STOP #606,"I-94, EXIT 73B & US-6",South Holland,IL,290,3.329,41.598372,-87.602736
69837,LOVES TRAVEL STOP #606,"I-94, EXIT 73B & US-6",South Holland,IL,290,3.549,41.598372,-87.602736
69840,KUM & GO #0370,"I-80, EXIT 439 & SR-370",Gretna,NE,486,2.92066666,41.127917,-96.196863
69842,KUM & GO #0863,"I-44, EXIT 215 & SR-97",Sapulpa,OK,560,3.23233333,36.004206,-96.123275
69845,Maverik Country Store #5013,US-40 & SR-13,Craig,CO,800,3.459,40.517060,-107.555396
69847,KWIK STAR #145,US-52,Guttenberg,IA,335,3.599,42.788556,-91.108775
69848,KWIK TRIP #173,SR-17,Rhinelander,WI,395,3.45233333,45.634283,-89.429947
69850,KUM & GO #0539,"I-80 E, & SR-415 EXIT 135",Des Moines,IA,320,3.07233333,41.572590,-93.610243
69851,SPEEDWAY #3995,I-90,Belvidere,IL,293,3.849,42.265448,-88.887758
69852,KWIK TRIP #141,SR-61,Two Harbors,MN,334,3.499,47.029954,-91.675744
69854,LOVES TRAVEL STOP #637,"I-39, EXIT 115 & CR-CS",Poynette,WI,420,3.789,43.392165,-89.404787
69855,LOVES TRAVEL STOP #670,US-18,Floyd,IA,433,3.649,43.128185,-92.739944
69856,LOVES TRAVEL STOP #657,"I-77, EXIT 5 & SR-48",Cayce,SC,46,3.39733333,33.950498,-81.039806
69858,TEX-BEST #528,US-181,Elmendorf,TX,740,2.89233333,29.253331,-98.323027
69859,BIG BOSS TRAVEL PLAZA,I-12 EXIT 22,Livingston,LA,600,3.16566666,30.495289,-90.746698
69861,HUCKS FOOD & FUEL #379,"I-57, EXIT 53",Marion,IL,340,3.549,37.734445,-88.941164
69861,HUCKS FOOD & FUEL #379,"I-57, EXIT 53",Marion,IL,340,2.929,37.734445,-88.941164
69861,HUCKS FOOD & FUEL #379,"I-57, EXIT 53",Marion,IL,340,2.999,37.734445,-88.941164
69862,CASEYS #3503,US-69/SR-52,Pleasanton,KS,400,3.199,38.177877,-94.705328
69863,GOLDEN GATE,I-80 EXIT 352A & US-93,Wells,NV,835,3.41566666,41.113155,-114.953537
69870,CIRCLE K #4705720,"I-280, EXIT 7 & SR-2",Oregon,OH,550,3.609,41.655956,-83.438325
69871,CIRCLE K #2741595,SR-71 & FM-1209,Bastrop,TX,595,2.954,30.111067,-97.320934
69873,KWIK TRIP #142,"US-10, EXIT 186 & SR-13",Marshfield,WI,395,3.479,44.663291,-90.171736
69874,LOVES TRAVEL STOP #687,"I-72, EXIT 64 & US-67",Jacksonville,IL,540,3.589,39.729151,-90.232201
69874,LOVES TRAVEL STOP #687,"I-72, EXIT 64 & US-67",Jacksonville,IL,540,3.489,39.729151,-90.232201
69875,LOVES TRAVEL STOP #680,US-81,Norfolk,NE,470,3.31566666,42.028216,-97.427807
69876,LOVES TRAVEL STOP #684,"I-35, EXIT 133 & SR-175",Ellsworth,IA,433,3.689,42.310239,-93.581877
69877,LOVES TRAVEL STOP #669,US-61 & SR-19,New London,MO,345,3.23566666,39.584202,-91.398899
69878,SPEEDWAY #7412,SR-83 & SR-19,Bensenville,IL,293,3.379,41.958011,-87.943825
69880,Speedway #6809,"I-290, EXIT 13A",Franklin Park,IL,293,3.329,41.935983,-87.879197
69880,Speedway #6809,"I-290, EXIT 13A",Franklin Park,IL,293,3.379,41.935983,-87.879197
69881,KWIK TRIP #458,SR-55,Buffalo,MN,451,3.549,45.179510,-93.863995
69882,SPEEDWAY #7103,US-43,Lawrenceburg,TN,460,3.574,35.249713,-87.332502
69884,AKAL TRAVEL CENTER,"I-40, EXIT 267 & SR-379",Santa Rosa,NM,721,2.879,34.936051,-104.675021
69885,BELL STORES #146,SR-43 & SR-183,Malvern,OH,249,3.579,40.689494,-81.180409
69886,LOVES TRAVEL STOP #676,SR-50,Syracuse,NE,413,3.444,40.663504,-96.182733
69887,CIRCLE K #2701869,SR-21 & SR-307,Savannah,GA,195,3.11566666,32.012457,-81.194157
69888,OASIS STOP N GO #17,US-30,Twin Falls,ID,787,3.699,42.563807,-114.460597
69892,MAVERIK COUNTRY STORE #547,US-26,Casper,WY,790,3.18566666,42.842120,-106.321282
69893,DOMINO EXPRESS #24,US-412/US-270/US-183/SR-3 & SR-15,Woodward,OK,337,2.999,36.424832,-99.404726
69894,Circle K #2746446,US-2,Williston,ND,452,4.04233333,48.189496,-103.649117
69895,Shell,"I-80, EXIT 122",Minooka,IL,290,3.149,41.450333,-88.277824
69895,Shell,"I-80, EXIT 122",Minooka,IL,290,3.249,41.450333,-88.277824
69895,Shell,"I-80, EXIT 122",Minooka,IL,290,3.199,41.450333,-88.277824
69900,LOVES TRAVEL STOP #605,"I-70, EXIT 59 & SR-41",Springfield,OH,315,3.479,39.928908,-83.794241
69901,KWIK TRIP #638,SR-42,Two Rivers,WI,582,3.39066666,44.156137,-87.577352
69902,MAVERIK COUNTRY STORE #441,"I-182/US-12, EXIT 9",Pasco,WA,925,4.279,46.266113,-119.121426
69903,LOVES TRAVEL STOP #642,US-60 & US-385,Hereford,TX,585,3.41566666,34.822603,-102.400159
69904,LOVES TRAVEL STOP #695,US-54/400,Cunningham,KS,570,3.65733333,37.644623,-98.431130
69905,KWIK TRIP #105,"I-41, EXIT 157",De Pere,WI,582,3.35233333,44.430990,-88.079936
69906,LOVES TRAVEL STOP #692,US-169 & SR-39,Chanute,KS,570,3.27566666,37.669661,-95.464162
69907,STRIPES #41023,SR-358 & FM-665,Corpus Christi,TX,625,3.07066666,27.754252,-97.173385
69908,LOVES TRAVEL STOP #685,"I-74, EXIT 51",Knoxville,IL,270,3.889,40.906931,-90.285697
69912,AMPM,"I-10, EXIT 140",Phoenix,AZ,930,3.28233333,33.572154,-112.090132
69913,ROSS FUEL CENTER,US-60/US-67,Poplar Bluff,MO,275,3.49066666,36.763259,-90.413953
69914,PETRO COLUMBIA,"I-77, EXIT 5 & SR-48",Columbia,SC,46,3.41233333,34.040519,-80.906099
69915,PETES #16,"I-49/US-71, EXIT 120 & CR-B",Rich Hill,MO,277,3.149,38.095871,-94.363462
69921,LOVES TRAVEL STOP #688,"I-70, EXIT 119 & SR-130",Greenup,IL,510,3.389,39.247946,-88.160025
69921,LOVES TRAVEL STOP #688,"I-70, EXIT 119 & SR-130",Greenup,IL,510,3.449,39.247946,-88.160025
69921,LOVES TRAVEL STOP #688,"I-70, EXIT 119 & SR-130",Greenup,IL,510,3.489,39.247946,-88.160025
69921,LOVES TRAVEL STOP #688,"I-70, EXIT 119 & SR-130",Greenup,IL,510,3.349,39.247946,-88.160025
69921,LOVES TRAVEL STOP #688,"I-70, EXIT 119 & SR-130",Greenup,IL,510,3.289,39.247946,-88.160025
69922,LOVES TRAVEL STOP #686,"I-84/I-15, EXIT 363",Brigham City,UT,835,3.75566666,41.505904,-112.051418
69923,Circle K #2741821,FM 471 & SR 211,San Antonio,TX,740,3.03233333,29.462809,-98.524635
69926,TONKAWA TRADING POST,"I-35, EXIT 214 & US-60",Tonkawa,OK,500,2.999,36.670589,-97.315028
69927,LOVES TRAVEL STOP #682,"I-81, EXIT 10A",Hagerstown,MD,22,3.949,39.637986,-77.723252
69928,KUM & GO #1837,SR-51,Broken Arrow,OK,560,3.05233333,36.036529,-95.780996
69929,PETES #14,US-69/SR 7,Fort Scott,KS,307,3.199,37.828000,-94.704141
69930,CONCORDE TRAVEL CENTER,"I-65, EXIT 219 & CR-42",Jemison,AL,720,3.299,32.970705,-86.733070
69931,SHELL,"I-565, EXIT 7 & CR-127",Madison,AL,615,3.349,34.710533,-86.762280
69932,CIRCLE K #2741847,SR-16,San Antonio,TX,740,3.07233333,29.462809,-98.524635
69933,Flyers #3202,"I-17, EXIT 201",Phoenix,AZ,930,3.369,33.572154,-112.090132
69934,KWIK TRIP #135,SR-35 N,Superior,WI,334,3.499,46.648749,-92.108872
69935,KWIK TRIP #586,"I-41, EXIT 45",Butler,WI,444,3.474,43.108448,-88.072232
69936,LOVES TRAVEL STOP #683,US-27,Moore Haven,FL,176,3.789,26.833752,-81.098451
69937,MAVERIK COUNTRY STORE #385,"I-15, EXIT 119",Idaho Falls,ID,825,3.42566666,43.489616,-112.035340
69938,MAVERIK COUNTRY STORE #388,US-60 & SR-77,Show Low,AZ,930,3.229,34.265053,-110.038321
69939,MAVERIK COUNTRY STORE #377,"I-15, EXIT 244 & US-6",Santaquin,UT,835,3.40233333,39.969893,-111.794431
69940,SAPP BROS TRAVEL CENTER,"I-49, EXIT 157",Harrisonville,MO,400,3.40233333,38.650159,-94.350483
69941,QUIKTRIP #949,"I-20 E, EXIT 406",Weatherford,TX,630,2.91733333,32.755397,-97.765731
69943,ASAP GENERAL STORE #313,US-81,Duncan,OK,483,3.13233333,34.481607,-97.960537
69946,KUM & GO #0119,"I-35, EXIT 214 & SR-105",Northwood,IA,433,3.11566666,43.444091,-93.215969
69948,CIRCLE T,US-190/SR-21,Bryan,TX,670,3.459,30.666016,-96.381049
69949,THE CROSSING TRAVEL MARK,US-83 & SR-153,Winters,TX,575,3.04066666,31.949127,-99.959308
69952,HUTCH'S #120,"I-40, EXIT 25",Sayre,OK,483,2.984,35.295653,-99.628239
69954,Exxon,"I-80, EXIT 27A & US-46",Budd Lake,NJ,79,3.119,40.873494,-74.736828
69955,QUIKTRIP #1044,"I-85, EXIT 63 & SR-2180",Kannapolis,NC,46,3.154,35.479904,-80.647499
69958,LOVES TRAVEL STOP #693,US-30/23 & SR-199,Upper Sandusky,OH,411,3.889,40.830669,-83.270709
69959,BISCUIT HILL TRAVEL PLAZA,"I-40, EXIT 192",Shawnee,OK,483,2.909,35.369413,-96.956408
69960,PILOT CENTER #1014- TOWN PUMP,"I-94, EXIT 213 & SR-16",Glendive,MT,807,3.419,47.106473,-104.710856
69962,LUFKIN TRAVEL PLAZA,US-59 & CR-819,Lufkin,TX,618,2.81566666,31.322904,-94.729026
69963,7 CLANS RED ROCK GASINO,US-177,Red Rock,OK,500,3.089,36.460071,-97.179608
69964,SHEETZ #621,"I-77 & US-70, Exit 49A",Statesville,NC,46,2.849,35.783369,-80.871654
69969,USA GAS,SR-47,Newfield,NJ,150,3.169,39.551041,-75.010217
69974,LOVES TRAVEL STOP #672,US-77BUS & FM-1945,Sinton,TX,625,3.149,28.037188,-97.501457
69975,LOVES TRAVEL STOP #703,US-50,South Hutchinson,KS,570,3.30066666,38.023082,-97.944845
69976,KWIK TRIP #583,"I-94, EXIT 89 & SR-23",Wisconsin Dells,WI,420,3.23733333,43.638367,-89.775759
69977,KWIK TRIP #855,US-12,Baraboo,WI,420,3.11566666,43.468072,-89.738387
69978,LOVES TRAVEL STOP #678,US-271,Paris,TX,630,3.36566666,33.668929,-95.546616
69979,LOVES TRAVEL STOP #681,"I-82/US-12, EXIT 80",Prosser,WA,925,4.589,46.209022,-119.767753
69980,RUTTERS #70,SR-896 & SR-741,Strasburg,PA,208,4.199,39.984516,-76.186183
69981,RANCHLAND GAS STATION,US-82,Benjamin,TX,770,3.299,33.583606,-99.792932
69982,RUTTERS #68,US-422 & SR-934,Annville,PA,70,4.299,40.332505,-76.507684
69983,MICKEY MART #57,US-250,Strasburg,OH,249,3.49233333,40.600584,-81.529330
69986,YESWAY #1061,US-180 & SR-137,Lamesa,TX,612,3.099,32.733338,-101.953773
69987,LOVES TRAVEL STOP #679,"I-90, EXIT 495 & SR-47   ",Hardin,MT,780,3.704,45.742268,-107.608272
69988,LOVES TRAVEL STOP #640,"I-43, EXIT 120 & CR-OK",Sheboygan,WI,444,3.289,43.738713,-87.731531
69989,LOVES TRAVEL STOP #677,US-45A,West Point,MS,615,3.259,33.606236,-88.657568
69990,LOVES TRAVEL STOP #691,US-50/93 & US-6,Ely,NV,910,3.649,39.264928,-114.870868
69991,WA SHE SHU TRAVEL PLAZA,US-395,Gardnerville,NV,966,3.699,38.939000,-119.736879
69992,KWIK TRIP #120,SR-15 & CR-4,Saint Cloud,MN,451,3.27733333,45.526658,-94.171007
69993,CEFCO #99,US-290,Giddings,TX,595,3.159,30.183667,-96.928029
69995,PILOT EXPRESS #1178,"I-10, EXIT 273",Tucson,AZ,980,3.219,32.153036,-110.870773
69996,YESWAY #1078,US-83 & SR-153,Winters,TX,575,2.999,31.949127,-99.959308
69998,CASEYS #3604,US-75,Hinton,IA,527,3.299,42.622790,-96.298150
69999,RUTTERS #71,"I-99, EXIT 28 & US-22",Duncansville,PA,14,4.099,40.426307,-78.430260
70001,LOVES TRAVEL STOP #690,US-23,Circleville,OH,315,3.789,39.601152,-82.932515
70002,LOVES TRAVEL STOP #699,US-49,Magee,MS,620,3.60733333,31.873006,-89.734001
70003,SPEEDWAY #2926,SR-837,Clairton,PA,165,3.92566666,40.296656,-79.889026
70004,SPEEDWAY #7775,US-23 & CR-192,Delaware,OH,315,3.619,40.286476,-83.074864
70007,FLYING J #1096,"I-95, EXIT 201 & CR-524",Cocoa,FL,143,3.699,28.376643,-80.763306
70007,FLYING J TRAVEL PLAZA #1096,"I-95, EXIT 201 & CR-524",Cocoa,FL,143,3.699,28.376643,-80.763306
70008,Amigo's,"I-10, EXIT 661 & FM-609",Flatonia,TX,610,3.08233333,29.689710,-97.105205
70009,KWIK TRIP #661,SR-69 & BUS-11,Monroe,WI,420,3.36233333,42.603210,-89.636706
70010,Kwik Star #567,US-65 & SR-3,Hampton,IA,565,3.504,42.741989,-93.204992
70011,KWIK TRIP #279,"US-63, EXIT 59",Rochester,MN,515,3.549,44.014299,-92.478592
70012,MAVERIK COUNTRY STORE #549,"I-70, EXIT 283",Aurora,CO,800,3.18566666,39.709537,-104.720509
70014,PETRO-CARD 24 #919141,SR-179,Jamestown,MO,310,3.479,38.769237,-92.483904
70016,CASEYS #2743,SR-43/SR-2 & SR-66A,Palmyra,NE,413,3.199,40.705701,-96.392119
70017,PACIFIC PRIDE,I-79 & US-19,Morgantown,WV,430,3.459,39.637487,-79.946856
70019,QUICKLEES #1,"I-390, EXIT 9 & SR-15",Avon,NY,190,3.999,42.912842,-77.746490
70022,SHEETZ #583,US-322 & SR-655,Reedsville,PA,14,3.41566666,40.664911,-77.593006
70024,KWIK TRIP #827,"I-41, EXIT 167",Green Bay,WI,582,3.499,44.521542,-87.986568
70025,SPEEDWAY #6245,SR-43,Carrollton,OH,249,3.559,40.578747,-81.090820
70026,SPEEDWAY #8883,I-80 EXIT 73,Peru,IL,293,3.149,41.357929,-89.139390
70026,SPEEDWAY #8883,I-80 EXIT 73,Peru,IL,293,3.199,41.357929,-89.139390
70027,SPEEDWAY #8851,SR-31,South Elgin,IL,293,3.659,41.990254,-88.314285
70027,SPEEDWAY #8851,SR-31,South Elgin,IL,293,3.559,41.990254,-88.314285
70028,LOVES TRAVEL STOP #697,"US-321, EXIT 37",Newton,NC,46,3.689,35.662162,-81.232269
70029,LOVES TRAVEL STOP #696,"I-10, EXIT 843",Beaumont,TX,610,3.294,30.084912,-94.145330
70030,SPEEDWAY #3991,"I-80 E, & I-94 E",Gary,IN,290,3.71233333,41.590740,-87.347113
70031,SPEEDWAY #8020,US-30,Upper Sandusky,OH,550,3.799,40.830669,-83.270709
70032,Kwik Star #569,US-20,Waterloo,IA,565,3.574,42.492327,-92.351947
70033,KWIK TRIP #111,SR-36 & CR-15,Stillwater,MN,448,3.54066666,45.058606,-92.830408
70034,SPEEDWAY #8799,I-55 EXIT 282A & SR-171,Bedford Park,IL,293,3.599,41.767773,-87.772556
70035,SPEEDWAY #8064,"I-55, EXIT 178 & SR-43",West Lafayette,IN,375,3.58233333,40.443707,-86.923616
70036,Speedway #3994,SR-38 & CR-21,West Chicago,IL,293,3.599,41.894469,-88.221121
70037,SPEEDWAY #8738,"I-70, EXIT 23 & SR-59",Brazil,IN,375,3.699,39.522449,-87.124479
70038,SPEEDWAY #1830,US-31,Grand Haven,MI,456,3.899,43.054969,-86.219349
70039,TEX-BEST #527,SR-162 & SR-16,Jourdanton,TX,747,2.92066666,28.914045,-98.540806
70040,TEX BEST #503,"I-35, EXIT 215 & CR-210",Kyle,TX,595,2.80566666,29.994118,-97.883322
70042,Kwik Star #103,US-65,Iowa Falls,IA,565,3.374,42.519170,-93.267284
70043,KWIK TRIP #571,"I-35, EXIT 235 & SR-210",Carlton,MN,515,3.319,46.655769,-92.430397
70044,Thorntons #325,"I-94, EXIT 73B & US-6",South Holland,IL,365,3.699,41.598372,-87.602736
70049,KWIK STAR #581,"I-380, EXIT 17",Cedar Rapids,IA,380,3.54066666,41.964190,-91.679170
70053,KWIK TRIP #964,"US-12, EXIT 250 & CR-M",Middleton,WI,420,3.529,43.106959,-89.506340
70054,KWIK TRIP #976,CR-241 & CR-ZZ,Oak Creek,WI,444,3.579,42.878693,-87.898676
70058,KWIK TRIP #590,CR-4 & CR-22,Rochester,MN,515,3.624,44.014299,-92.478592
70059,KWIK TRIP #118,US-2 & LAKESHORE DRIVE,Ashland,WI,334,3.699,46.581760,-90.871898
70062,KWIK TRIP #970,SR-164 & SR-59,Waukesha,WI,444,3.53233333,42.960422,-88.249314
70063,QUICK FUEL #2206,US-41,Marietta,GA,18,3.519,33.953561,-84.542463
70066,KWIK TRIP #957,US-18 & CR-PD,Madison,WI,420,3.604,43.087815,-89.429856
70067,KWIK TRIP #240,"I-94, EXIT 115 & CR-A",Black River Falls,WI,395,3.31233333,44.298335,-90.840258
70068,LOVES TRAVEL STOP #712,"I-44, EXIT 107",Newcastle,OK,483,3.42566666,35.242395,-97.595336
70069,CASEYS #3486,"I-49, EXIT 159",Harrisonville,MO,400,3.229,38.650159,-94.350483
70074,CASEYS #3430,US-71 & US-136/SR-46,Maryville,MO,400,3.13733333,40.342515,-94.870048
70075,KWIK TRIP #815,US-63 & SR-48,Cumberland,WI,295,3.624,45.536073,-92.024753
70076,PETRO-CARD 24 #910681,SR-32,Salem,MO,392,3.099,37.639568,-91.534860
70078,KWIK TRIP #573,I-94 & CR-EE,Eau Claire,WI,295,3.399,44.818343,-91.494769
70079,PILOT #1118,US-60,Clovis,NM,593,4.079,34.438569,-103.194194
70080,FLYING J #1117,SR-25,Rochester,IN,370,3.859,41.060392,-86.198313
70080,FLYING J TRAVEL PLAZA #1117,SR-25,Rochester,IN,370,3.859,41.060392,-86.198313
70081,PILOT EXPRESS #1032,SR-7,Steubenville,OH,249,3.629,40.366310,-80.657061
70082,KWIK TRIP #588,US-51 & SR-70,Woodruff,WI,395,3.09566666,45.894436,-89.691154
70083,KWIK TRIP #596,US-14,Black Earth,WI,420,3.444,43.134619,-89.747354
70084,SPEEDWAY #4440,SR-131,Waukegan,IL,293,3.789,42.369447,-87.870898
70084,SPEEDWAY #4440,SR-131,Waukegan,IL,293,3.659,42.369447,-87.870898
70085,Pilot Travel Center #1114,SR-83,Bensenville,IL,290,3.559,41.958011,-87.943825
70085,Pilot #1114,SR-83,Bensenville,IL,290,3.389,41.958011,-87.943825
70085,Pilot Travel Center #1114,SR-83,Bensenville,IL,290,3.389,41.958011,-87.943825
70085,Pilot Travel Center #1114,SR-83,Bensenville,IL,290,3.659,41.958011,-87.943825
70085,Pilot #1114,SR-83,Bensenville,IL,290,3.599,41.958011,-87.943825
70087,PILOT EXPRESS  #1098,"I-95, EXIT 14",Newark,NJ,105,3.999,40.724220,-74.172574
70088,KWIK TRIP #138,SR-13,Park Falls,WI,395,3.14733333,45.936339,-90.444272
70091,SPEEDWAY #7503,I-70 & I-57 EXIT 159,Effingham,IL,293,3.199,39.120662,-88.550859
70091,SPEEDWAY #7503,I-70 & I-57 EXIT 159,Effingham,IL,293,3.299,39.120662,-88.550859
70093,LOVES TRAVEL STOP #694,US-45/SR-5 & SR-57,Ramer,TN,435,3.46233333,35.071873,-88.614889
70095,LOVES TRAVEL STOP #713,US-380 & FM-1304,Bridgeport,TX,630,2.949,33.210449,-97.772466
70096,LOVES TRAVEL STOP #661,US-65 & SR-81,Pine Bluff,AR,695,3.319,34.211591,-92.017555
70097,KWIK TRIP #112,SR-32 & SR-23,Sheboygan Falls,WI,444,3.29233333,43.729279,-87.826235
70098,KWIK TRIP #110,US-2,Ashland,WI,334,3.699,46.581760,-90.871898
70099,QUIKTRIP #1883,"I-35, EXIT 497 & US-82",Gainesville,TX,253,2.97566666,33.638647,-97.148413
70100,LOVES TRAVEL STOP #718,"I-65, EXIT 158",Hope Hull,AL,720,3.26566666,32.198998,-86.344383
70104,LOVES TRAVEL STOP #649,"I-76/US-6, EXIT 89",Brush,CO,800,4.089,40.259263,-103.636334
70105,LOVES TRAVEL STOP #708,"I-75, EXIT 314 & CR-48",Bushnell,FL,225,3.29566666,28.690157,-82.117661
70106,LOVES TRAVEL STOPS #719,"I-35, EXIT 308",Troy,TX,765,3.159,31.193975,-97.300295
70106,LOVES TRAVEL STOP #719,"I-35, EXIT 308",Troy,TX,765,3.167,31.193975,-97.300295
70107,LOVES TRAVEL STOP #711,"I-71, EXIT 165 & SR-97",Bellville,OH,315,3.709,40.617729,-82.513147
70108,RICKY ROCKETS FUEL CENTER,SR-50 & SR-83,Midlothian,IL,291,3.199,41.625428,-87.724233
70108,RICKY ROCKETS FUEL CENTER,SR-50 & SR-83,Midlothian,IL,291,3.099,41.625428,-87.724233
70117,RUTTERS #72,"I-81, EXIT 16 & US-30",Saint Thomas,PA,70,4.399,39.925436,-77.805123
70118,SPEEDWAY #7118,US-41,Smyrna,TN,460,3.01566666,35.969019,-86.528617
70122,Circle K #2709301,SR-67,Decatur,AL,615,3.899,34.572995,-86.989901
70124,TA Express Lamar,US-50/385,Lamar,CO,525,3.439,38.075971,-102.614723
70125,SPEEDWAY #7391,I-76 EXIT 232,North Lima,OH,305,3.699,40.947372,-80.664007
70126,SPEEDWAY #3535,"I-71,EXIT 165 & SR-97",Bellville,OH,315,3.599,40.617729,-82.513147
70127,SPEEDWAY #2929,"US-22, US-119",New Alexandria,PA,165,3.97233333,40.394456,-79.417524
70128,CIRCLE K #4703913,"I-40 E, EXIT 87",Jackson,TN,460,3.349,35.658451,-88.837399
70130,SIDE TRACK,SR-57,Wrightsville,GA,85,3.31566666,32.726812,-82.719072
70131,THORNTONS #323,SR-64,Lombard,IL,290,3.349,41.873844,-88.015491
70131,THORNTONS #323,SR-64,Lombard,IL,290,3.299,41.873844,-88.015491
70131,THORNTONS #323,SR-64,Lombard,IL,290,3.349,41.873844,-88.015491
70131,THORNTONS #323,SR-64,Lombard,IL,290,3.299,41.873844,-88.015491
70131,THORNTONS #323,SR-64,Lombard,IL,290,3.299,41.873844,-88.015491
70131,THORNTONS #323,SR-64,Lombard,IL,290,3.299,41.873844,-88.015491
70135,KUM & GO #1455,"I-44, EXIT 130",Lebanon,MO,535,3.09233333,37.672131,-92.659670
70136,FUEL CITY SAGINAW,CR-156,Fort Worth,TX,630,2.96566666,32.781954,-97.348573
70137,RUTTERS #8,"I-83, EXIT 14 & SR-182",York,PA,70,4.199,39.964798,-76.731840
70140,CASEYS #3593,SR-7 & US-50,North Vernon,IN,375,3.59233333,39.014854,-85.630055
70142,ONVO TRAVEL PLAZA - AVIS,"US-220, EXIT 118",Avis,PA,138,3.539,41.185691,-77.316486
70143,KWIK TRIP #104,"I-94, HWY-24, EXIT 178",Clearwater,MN,448,3.27733333,45.409879,-94.044560
70144,LOVES TRAVEL STOP #635,"I-49, EXIT 24 & SR-282",Alma,AR,645,3.459,35.492375,-94.213947
70145,MAVERIK COUNTRY STORE #578,US-26 & US-91,Idaho Falls,ID,825,3.40233333,43.489616,-112.035340
70146,MAVERIK COUNTRY STORE #567,"I-90, EXIT 291A",Spokane,WA,970,3.969,47.666935,-117.433322
70146,MAVERIK COUNTRY STORE #567,"I-90, EXIT 291A",Spokane,WA,970,3.989,47.666935,-117.433322
70146,MAVERIK COUNTRY STORE #567,"I-90, EXIT 291A",Spokane,WA,970,3.979,47.666935,-117.433322
70146,MAVERIK COUNTRY STORE #567,"I-90, EXIT 291A",Spokane,WA,970,3.999,47.666935,-117.433322
70150,LOVES TRAVEL STOP #704,"I-29, EXIT 35B & US-34",Pacific Junction,IA,319,3.789,41.017975,-95.799453
70151,LOVES TRAVEL STOP #721,"I-45, EXIT 246 & FM-1183",Ennis,TX,630,3.03566666,32.325067,-96.633799
70154,Stinker,"US-34, CR-56",Kersey,CO,800,3.499,40.395585,-104.578334
70155,MARATHON,"US-24, I-96 EXIT 179",Redford,MI,549,4.999,42.394788,-83.294018
70156,MAVERIK COUNTRY STORE #348,"US-91, SR-130",Cedar City,UT,791,3.45233333,37.683847,-113.095566
70157,LOVES TRAVEL STOP #702,US-63,Waterloo,IA,565,3.769,42.492327,-92.351947
70158,FLYING J #1068,"I-26, EXIT 194 & SR-16",Summerville,SC,42,3.509,33.005836,-80.179306
70159,LOVES TRAVEL STOP #717,US-460 & SR-156,Disputanta,VA,180,3.56233333,37.123551,-77.224856
70160,COMMON CENTS #212,I-90 & SR-337,Sheridan,WY,836,3.56066666,44.796219,-106.964166
70162,PILOT #1049,US-58,Suffolk,VA,130,3.899,36.697157,-76.634781
70163,KWIK TRIP #598,SR-23,Paynesville,MN,451,3.399,45.378519,-94.721592
70168,KWIK TRIP #575,CR-75,Saint Joseph,MN,451,3.30233333,45.565070,-94.302070
70169,ROCKING Oil,SR-21,Caldwell,TX,670,3.099,30.529807,-96.699724
70170,LOVES TRAVEL STOP #716,SR-3005,Elizabethtown,KY,460,3.599,37.703738,-85.879869
70171,CITGO HERITAGE RIDGE,US-151 & SR-26,Waupun,WI,582,3.14733333,43.631547,-88.737534
70172,MACH 1 #3,I-57 & SR-14,Benton,IL,540,3.599,38.013187,-88.917281
70172,MACH 1 #3,I-57 & SR-14,Benton,IL,540,3.379,38.013187,-88.917281
70174,LOVES TRAVEL STOP #701,"I-69, EXIT 176",Capac,MI,342,3.949,43.003889,-82.922280
70176,MAVERIK COUNTRY STORE #565,I-84,Boise,ID,785,3.39566666,43.598050,-116.231596
70177,MAVERIK COUNTRY STORE #497,US-160 & SR-145,Cortez,CO,614,3.41566666,37.349783,-108.576687
70179,WORKMANS TRAVEL CENTER,"I-49, EXIT 78 & SR-264",Lowell,AR,645,3.40233333,36.255855,-94.153356
70180,Gulf,SR-83,Bensenville,IL,297,3.099,41.958011,-87.943825
70180,Gulf,SR-83,Bensenville,IL,297,3.059,41.958011,-87.943825
70181,CIRCLE K #2723778,US-501 & SR-78/CR-1303,Sanford,NC,177,3.049,35.493776,-79.176464
70182,SHELL,US-169,Blue Earth,MN,425,3.299,43.640994,-94.100339
70185,PILOT # 1147,SR-302,Kermit,TX,710,3.25566666,31.853912,-103.092386
70187,PILOT # 1146,I-20 & SR-17,Pecos,TX,710,3.46566666,31.471918,-103.701761
70188,KUM & GO #0890,I-44 (WESTBOUND),Vinita,OK,560,3.059,36.644152,-95.062183
70189,HUDSON IRVING 24,SR-3A,Hudson,NH,34,3.799,42.763811,-71.432010
70190,LOVES TRAVEL STOP #726,I-25 EXIT 191,Belen,NM,580,3.52233333,34.766572,-106.808512
70191,LOVES TRAVEL STOP #734,"I-44, EXIT 5 & US-70",Randlett,OK,770,3.12066666,34.177347,-98.463921
70192,LOVES TRAVEL STOP #720,"I-49, EXIT 94 & SR-1",Boyce,LA,730,3.174,31.389895,-92.670374
70207,PILOT TRAVEL CENTERS #1344,I-20 EXIT 425,Fort Worth,TX,630,2.909,32.781954,-97.348573
70208,GOLDEN GATE PETRO,SR-648,Sparks,NV,966,3.98566666,39.574341,-119.715154
70209,PUMP N PETES #42,"I-49, EXIT 66 & CR-K",Jasper,MO,416,3.199,37.335665,-94.302795
70210,CASEYS #3889,SR-29 & CR-1350,Henry,IL,368,3.349,41.117367,-89.357282
70214,RACETRAC #688,I-20 & SR-6,Lithia Springs,GA,18,2.97233333,33.782487,-84.648488
70216,PILOT TRAVEL CENTER #1110,I-25 & SR-105,Monument,CO,803,3.639,39.074406,-104.844221
70216,PILOT #1110,I-25 & SR-105,Monument,CO,803,3.579,39.074406,-104.844221
70217,MR GAS #20,I-84 EXIT 165,Jerome,ID,785,3.40733333,42.717617,-114.515788
70218,LOVES TRAVEL STOP #725,I-69 & SR-260,Hanson,KY,490,3.599,37.418006,-87.478957
70219,LOVES TRAVEL STOP #709,US-59 & SR-116,Lufkin,TX,610,3.649,31.322904,-94.729026
70220,LOVES TRAVEL STOP #497,"I-40, EXIT 154 & US-64",Statesville,NC,46,3.689,35.783369,-80.871654
70221,PILOT #1092,CR-70 E,Cedar Rapids,IA,380,3.779,41.964190,-91.679170
70221,PILOT TRAVEL CENTER #1092,CR-70 E,Cedar Rapids,IA,380,3.779,41.964190,-91.679170
70222,GOOD TO GO #45,"US-52 & SR-55, SR-18",Fowler,IN,375,3.699,40.617228,-87.317929
70223,SPEEDWAY #8749,"I-75, EXIT 116",Flint,MI,342,3.089,43.024420,-83.691971
70223,SPEEDWAY #8749,"I-75, EXIT 116",Flint,MI,342,3.289,43.024420,-83.691971
70223,SPEEDWAY #8749,"I-75, EXIT 116",Flint,MI,342,3.259,43.024420,-83.691971
70224,GOLDEN GATE PETROLEUM,I-70 EXIT 42,Palisade,CO,810,3.549,39.107931,-108.357330
70225,Union 76 Pilot,US-130,Riverton,NJ,105,3.999,40.011135,-75.014128
70227,LOVES TRAVEL STOP #724,"I-75, EXIT 414 & US-41",Lake City,FL,225,3.339,30.188638,-82.642246
70229,TA EXPRESS HENDERSON #969,I-11 EXIT 15A,Henderson,NV,910,3.639,36.008958,-115.026800
70232,RUTTERS #73,"I-81, EXIT 8 & CR-32   ",Inwood,WV,70,3.659,39.353822,-78.055191
70233,RUDS,SR-31 & I-94 EXIT 127,New Salem,ND,390,3.499,46.843050,-101.417941
70236,LOVES TRAVEL STOP #733,"I-25, EXIT 347",Las Vegas,NM,580,3.489,35.604818,-105.217023
70238,ROAD RANGER #275,"I-10, EXIT 400 & US-277",Sonora,TX,740,3.549,30.570654,-100.641767
70239,GOOD 2 GO #717,"I-25, EXIT 145",Colorado Springs,CO,803,3.479,38.867255,-104.760749
70240,MAVERIK COUNTRY STORE #370,"I-15, EXIT 10",Saint George,UT,910,3.5415,37.077006,-113.576534
70241,MAVERIK COUNTRY STORE #460,SR-88,Minden,NV,966,3.52566666,38.964576,-119.766621
70242,ROAD RANGER #276,"I-35, EXIT 342A",Waco,TX,765,3.049,31.557994,-97.189750
70243,CASEYS #4415,US-68 & US-31W /SR-526,Bowling Green,KY,460,2.999,36.976832,-86.433661
70245,YESWAY #1168,US-287 & CR-368,Iowa Park,TX,770,2.889,33.962773,-98.680872
70246,7-Eleven #37565,SR-944 & SR-9,Miami,FL,95,3.249,25.775163,-80.208615
70247,EXXON DBA ONE9 #1416,I-20 EXIT 458,Dallas,TX,630,2.99233333,32.793333,-96.766513
70249,Caseys #4466,US-231 & SR-100,Scottsville,KY,460,3.31233333,36.749261,-86.207621
70251,Marathon,SR-42 & US-49,Hattiesburg,MS,620,3.03233333,31.307305,-89.317434
70254,LOVES TRAVEL STOP #732,I-70 & CR-829,Abilene,KS,523,3.76233333,38.924503,-97.228004
70255,J&H  FAMILY STORE #152,SR-55,Cadillac,MI,344,3.259,44.245940,-85.431125
70255,J&H  FAMILY STORE #152,SR-55,Cadillac,MI,344,3.559,44.245940,-85.431125
70256,PILOT TRAVEL CENTER #1128,SR-60,Bartow,FL,140,3.599,27.887064,-81.821777
70256,PILOT #1128,SR-60,Bartow,FL,140,3.599,27.887064,-81.821777
70257,LOVES TRAVEL STOP #739,I-2,Donna,TX,639,3.649,26.161050,-98.038929
70258,CASEYS #3677,US-59 & SR-30,Slayton,MN,530,3.299,43.990229,-95.758371
70262,ASAP GENERAL STORE #332,US-70 & US-377,Madill,OK,569,3.01566666,34.087080,-96.774665
70263,ENMARKET #769,US-301,Statesboro,GA,195,3.699,32.437726,-81.775637
70265,Speedee Mart # 2875,I-80 & CR-238,Milford,NE,413,3.43233333,40.772568,-97.054119
70266,PILOT #1161,I-20,Odessa,TX,710,3.56566666,31.880461,-102.345314
70267,LOVES TRAVEL STOP #728,"I-5, EXIT 238 & SR-164",Albany,OR,935,3.84733333,44.626928,-123.096741
70268,CASEYS #3396,SR-92 & SR-149,Sigourney,IA,380,3.36233333,41.333974,-92.204448
70269,CASEYS #3589,"I-29, EXIT 2",North Sioux City,SD,527,3.059,42.535885,-96.494717
70270,CASEYS #3685,US-50/US400  & SR-25,Lakin,KS,525,3.19233333,37.940016,-101.258444
70271,CASEYS #1160,US-20,Plainview,NE,470,3.229,42.353346,-97.787145
70273,SPEEDWAY #5457,"I-264 E, EXIT 14 & SR-864 N",Louisville,KY,415,3.029,38.224728,-85.740614
70274,Kwik Star #920,US-18 & US-69,Garner,IA,433,3.399,43.099971,-93.603118
70276,STAR EXPRESS #5,US-301 & SR-648,Petersburg,VA,180,3.049,37.204730,-77.392368
70277,KWIK TRIP #595,SR-46,Amery,WI,448,3.56066666,45.304590,-92.363356
70278,KWIK TRIP #923,"I-41, EXIT 146 & CR-N",Little Chute,WI,582,3.269,44.291128,-88.320399
70279,KWIK TRIP #926,SR-19 & SR-21,New Prague,MN,448,3.29066666,44.545738,-93.575585
70280,LOVES TRAVEL STOP #668,"I-25, EXIT 250 & SR-56",Berthoud,CO,800,3.39066666,40.284675,-104.965515
70281,LOVES TRAVEL STOP #645,"I-75, EXIT 18",Monroe,MI,325,3.339,41.916586,-83.384324
70281,LOVES TRAVEL STOP #645,"I-75, EXIT 18",Monroe,MI,325,3.239,41.916586,-83.384324
70281,LOVES TRAVEL STOP #645,"I-75, EXIT 18",Monroe,MI,325,3.429,41.916586,-83.384324
70281,LOVES TRAVEL STOP #645,"I-75, EXIT 18",Monroe,MI,325,3.489,41.916586,-83.384324
70281,LOVES TRAVEL STOP #645,"I-75, EXIT 18",Monroe,MI,325,3.549,41.916586,-83.384324
70281,LOVES TRAVEL STOP #645,"I-75, EXIT 18",Monroe,MI,325,3.389,41.916586,-83.384324
70282,PLEASANT SPRINGS TRAVEL,"I-39, EXIT 147 & CR-N",Cottage Grove,WI,420,3.39066666,43.092222,-89.205337
70283,SPEEDWAY #3996,US-12 & SR-120,Round Lake,IL,293,3.399,42.343181,-88.102099
70283,SPEEDWAY #3996,US-12 & SR-120,Round Lake,IL,293,3.479,42.343181,-88.102099
70283,SPEEDWAY #3996,US-12 & SR-120,Round Lake,IL,293,3.449,42.343181,-88.102099
70284,ROBINSON CORINTH IRVING,"I-395 N, EXIT 3",Corinth,ME,170,3.93233333,44.980473,-69.010748
70286,ROBINSONS IRVING,SR-7,Corinna,ME,170,3.93233333,44.922741,-69.265852
70287,LOVES TRAVEL STOP #710,US-31 & SR 28,Tipton,IN,457,3.84733333,40.282484,-86.043208
70291,LOVES TRAVEL STOP #723,"I-80, EXIT 310 & CR-322",Laramie,WY,795,3.61566666,41.311544,-105.606884
70292,FLYING J #1171,I-15,Mesquite,NV,910,3.70566666,36.811120,-114.125652
70293,KWIK TRIP #922,US-8,Cameron,WI,295,3.664,45.403592,-91.739750
70295,SPEEDWAY #8080,I-69 & US-20,Angola,IN,465,3.599,41.641058,-85.010985
70296,MAVERIK COUNTRY STORE #573,SR-68 & SR-154,Riverton,UT,835,3.13566666,40.517634,-111.963515
70297,KWIK STAR #509,SR-169 & BUS-20,Fort Dodge,IA,433,3.20233333,42.509863,-94.175675
70298,LOVES TRAVEL STOP #740,"I-95, EXIT 38 & SR-68",Yemassee,SC,42,3.419,32.693524,-80.872604
70299,Mr Fuel dba Pilot Express #1149,"I-295, EXIT 41 & SR-105",Jacksonville,FL,75,3.239,30.336864,-81.661603
70299,PILOT EXPRESS #1149,"I-295, EXIT 41 & SR-105",Jacksonville,FL,75,3.239,30.336864,-81.661603
70299,Mr Fuel Travel Center dba Pilot Express #1149,"I-295, EXIT 41 & SR-105",Jacksonville,FL,75,3.239,30.336864,-81.661603
70300,PILOT #1194,I-10 & US-60,Phoenix,AZ,930,6.039,33.572154,-112.090132
70300,PILOT DEALER #1194,I-10 & US-60,Phoenix,AZ,930,6.039,33.572154,-112.090132
70301,GOLDEN GATE TRUCKSTOP,I-80 & SR-535,Elko,NV,787,3.599,40.838111,-115.767809
70302,KWIK TRIP #117,CR-9 & CR-4,Duluth,MN,334,3.499,46.774458,-92.134135
70303,Kwik Star #1004,US-63,Waterloo,IA,565,3.574,42.492327,-92.351947
70304,Rusty Lantern,"I-95, EXIT 109A & SR-202",Augusta,ME,170,3.88733333,44.334904,-69.734199
70305,LOVES TRAVEL STOP #737,I-40/US-270,El Reno,OK,483,3.344,35.541833,-97.961268
70306,KWIK STAR #1001,US-6,Newton,IA,320,3.249,41.696337,-93.040512
70307,KWIK TRIP #592,"I-35, EXIT 159 & CR-1",Rush City,MN,451,3.37733333,45.687442,-92.965303
70308,KWIK TRIP #946,SR-32,Pulaski,WI,582,3.45733333,44.668206,-88.234279
70309,PILOT #1165,SR-18 & SR-128,Jal,NM,593,3.36566666,32.114838,-103.189996
70310,LANCASTER CONVENIENCE,US-2 & US-70,Lancaster,MA,34,3.70566666,42.483569,-71.675585
70311,RACING MART,SR-8,Adams,MA,215,3.699,42.629085,-73.118747
70313,Flyer's #3207,"SR-143, EXIT 2",Phoenix,AZ,930,3.389,33.572154,-112.090132
70314,CASEYS #2721,US-34,Lincoln,NE,413,3.3365,40.810284,-96.674856
70318,LOVES TRAVEL STOP #738,"I-30/US-67, EXIT 122 & SR-19/SR-11",Sulphur Springs,TX,723,3.309,33.143108,-95.614702
70319,SPEEDWAY #3650,"I-76, EXIT 11 & SR-261",Wadsworth,OH,305,3.699,41.027436,-81.732205
70320,SPEEDWAY #7177,"I-24, EXIT 158 & SR-27",Jasper,TN,285,3.014,35.068255,-85.621162
70321,PILOT TRAVEL CENTER #1132,SR-171 & SR-78,Brawley,CA,900,4.759,32.978454,-115.528569
70321,PILOT TRAVEL CENTER #1132,SR-171 & SR-78,Brawley,CA,900,4.799,32.978454,-115.528569
70321,PILOT #1132,SR-171 & SR-78,Brawley,CA,900,4.859,32.978454,-115.528569
70321,PILOT #1132,SR-171 & SR-78,Brawley,CA,900,4.899,32.978454,-115.528569
70322,INDIAN HILL IRVING,SR 6,Greenville,ME,170,3.86566666,45.466113,-69.577856
70323,LOVES TRAVEL STOP #750,I-74 EXIT 206,Oakwood,IL,280,3.589,40.110126,-87.776925
70323,LOVES TRAVEL STOP #750,I-74 EXIT 206,Oakwood,IL,280,3.389,40.110126,-87.776925
70323,LOVES TRAVEL STOP #750,I-74 EXIT 206,Oakwood,IL,280,3.489,40.110126,-87.776925
70324,LOVES TRAVEL STOP #729,CR-17 & US-20,Goshen,IN,465,3.72233333,41.573884,-85.829986
70325,KWIK STAR #927,US-169 & US-169 BUS/US-20 BUS,Fort Dodge,IA,433,3.20233333,42.509863,-94.175675
70326,PILOT #1207,"I-20, EXIT 79 & SR-464",Monahans,TX,710,3.46566666,31.655721,-103.083694
70328,Thorntons #7,US-12 & US-45,Franklin Park,IL,290,3.329,41.935983,-87.879197
70328,Thorntons #7,US-12 & US-45,Franklin Park,IL,290,3.379,41.935983,-87.879197
70328,Thorntons #7,US-12 & US-45,Franklin Park,IL,290,3.679,41.935983,-87.879197
70329,1 STOP TRAVEL PLAZA,US-14 & US-83,Pierre,SD,571,3.38233333,44.375163,-100.319996
70331,LOVES TRAVEL STOP #707,"I-64, EXIT 21",Covington,VA,185,3.649,37.781060,-79.985434
70333,KWIK STAR #932,"I-80, EXIT 143 & CR-S14",Altoona,IA,320,2.959,41.650639,-93.480018
70334,KWIK TRIP #1021,SR-11 & CR-E,Brodhead,WI,420,3.41566666,42.616836,-89.375604
70336,SPEEDWAY #3962,"I-39,  EXIT 3 & SR-9",Roscoe,IL,293,3.469,42.425559,-89.009455
70337,LOVES TRAVEL STOP #700,I-10 EXIT 404 & SR-467,Sonora,TX,710,3.64733333,30.570654,-100.641767
70338,LOVES TRAVEL STOP #747,"I-75, EXIT 90",Sidney,OH,411,3.34566666,40.289527,-84.166729
70340,PIT STOP,SR-53 & SR-74,Joliet,IL,399,3.499,41.516866,-88.147963
70341,LOVES TRAVEL STOP #741,US-29,Reidsville,NC,65,3.999,36.337862,-79.677206
70342,AF TRUCK CENTER,"I-294, EXIT 33 & SR-64",Melrose Park,IL,293,3.459,41.902995,-87.863644
70343,PILOT TRAVEL CENTER #1103,"I-5, EXIT 208 & SR-530",Arlington,WA,962,4.559,48.170372,-122.144553
70344,KWIK TRIP #928,US-169,Princeton,MN,451,3.399,45.568215,-93.590254
70345,LOVES TRAVEL STOP #742,"I-196, EXIT 52",Holland,MI,406,4.089,42.767049,-86.098572
70346,Kwik Star #924,SR-17 & US-20 EXIT 140,Webster City,IA,433,3.20233333,42.462423,-93.818201
70350,CIRCLE K #2741859,CR-802,Brownsville,TX,665,3.029,25.989404,-97.480625
70351,MAVERIK COUNTRY STORE #606,US-91,Franklin,ID,825,3.579,42.009503,-111.802183
70352,KWIK TRIP #1019,CR-5 & SR-65,Isanti,MN,448,3.474,45.491545,-93.242818
70353,ASAP General Store #314,"US-62, US-81, SR-9",Chickasha,OK,483,3.13233333,35.040543,-97.947173
70357,Certified Oil #400489,"I-71, EXIT 104",Columbus,OH,315,3.409,39.985531,-82.985594
70358,FOOD N FUEL #25,SR-15 & US-12,Milbank,SD,248,3.369,45.219432,-96.633696
70359,PILOT # 1185,"I-15, EXIT 9   3",Littlefield,AZ,910,3.689,36.865925,-113.935976
70359,PILOT DEALER #1185,"I-15, EXIT 9   3",Littlefield,AZ,910,3.709,36.865925,-113.935976
70360,MAVERIK COUNTRY STORE #595,"I-84, EXIT 28",Caldwell,ID,785,3.369,43.645880,-116.659336
70361,MAVERIK COUNTRY STORE #599,US-89 & CR-122,Thayne,WY,825,3.669,42.919886,-110.995255
70366,FAST STOP,US-41,Escanaba,MI,360,3.399,45.746289,-87.083605
70371,KENT KWIK #440,US-277,Haskell,TX,575,3.539,33.159775,-99.732032
70373,KWIK TRIP #791,US-45 & SR-54,New London,WI,582,3.484,44.395910,-88.738610
70374,LOVES TRAVEL STOP #746,I-72 & SR-121,Decatur,IL,280,3.449,39.855983,-88.933746
70374,LOVES TRAVEL STOP #746,I-72 & SR-121,Decatur,IL,280,3.489,39.855983,-88.933746
70375,QUIKTRIP #1853,US-81,Decatur,TX,630,2.899,33.225912,-97.586980
70376,QUIKTRIP #1935,SR-183,Dallas,TX,630,2.97566666,32.793333,-96.766513
70377,WEIGELS #81,I-81 & SR-32,Morristown,TN,405,3.259,36.204351,-83.300032
70379,SPEEDWAY #7209,US-411 & SR-20,Cartersville,GA,18,3.11566666,34.164579,-84.801704
70380,LOVES TRAVEL STOP #714,"I-85, EXIT 29",Charlotte,NC,46,3.52233333,35.209045,-80.830990
70383,SPEEDWAY #4400,I-10 & SR-59,Loxley,AL,715,3.28233333,30.684588,-87.739213
70385,LONGHORN EXPRESS,US-70,Ardmore,OK,253,3.009,34.196507,-97.131848
70388,PILOT #1205,"I-20, EXIT 80",Monahans,TX,710,3.46566666,31.655721,-103.083694
70389,PILOT #1145,SR-191,Midland,TX,710,3.56566666,32.024642,-102.113467
70390,FLYING J #1206,SR-302 & CR-313,Kermit,TX,710,3.25566666,31.853912,-103.092386
70391,MACH 1 #12,I-57 EXIT 65,West Frankfort,IL,510,3.299,37.899495,-88.930814
70391,MACH 1 #12,I-57 EXIT 65,West Frankfort,IL,510,3.199,37.899495,-88.930814
70403,MAVERIK COUNTRY STORE #607,"I-90, EXIT 1",Post Falls,ID,970,3.37566666,47.725559,-116.944167
70404,MAVERIK COUNTRY STORE #602,"I-25 EXIT, 138",Colorado Springs,CO,803,3.289,38.867255,-104.760749
70405,LOVES TRAVEL STOP #760,SR-18 & SR-234,Eunice,NM,593,3.329,32.436147,-103.149043
70406,LOVES TRAVEL STOP #754,SR-251,Rochelle,IL,520,3.749,41.919149,-89.063661
70406,LOVES TRAVEL STOP #754,SR-251,Rochelle,IL,520,3.849,41.919149,-89.063661
70407,BOLLA MARKET,"I-495, EXIT 57",Islandia,NY,83,3.639,40.806862,-73.171084
70407,BOLLA MARKET,"I-495, EXIT 57",Islandia,NY,83,3.539,40.806862,-73.171084
70407,BOLLA MARKET,"I-495, EXIT 57",Islandia,NY,83,3.599,40.806862,-73.171084
70408,BOLLA MARKET,"I-495, EXIT 64",Medford,NY,83,4.039,40.821979,-72.985918
70408,BOLLA MARKET,"I-495, EXIT 64",Medford,NY,83,3.639,40.821979,-72.985918
70408,BOLLA MARKET,"I-495, EXIT 64",Medford,NY,83,3.539,40.821979,-72.985918
70409,SPEEDWAY #6512,"I-196, EXIT 49 & SR-40",Holland,MI,456,3.899,42.767049,-86.098572
70410,SPEEDWAY #4107,I-285 & US-78,Stone Mountain,GA,18,3.529,33.804187,-84.171420
70411,MARATHON,SR-72,Elberton,GA,16,3.899,34.104921,-82.872760
70413,CASEYS #3782,US-169 & SR-2,Mount Ayr,IA,320,3.164,40.714071,-94.237225
70415,GARDEN TRUCK STOP,SR-55 /EXIT 35,Vineland,NJ,150,3.999,39.465007,-74.997115
70416,ALLSUPS CONVENIENCE STORE #2361,US-54 & US-287,Stratford,TX,585,2.95733333,36.337568,-102.076030
70417,CASEYS #3434,US-63,Denver,IA,565,3.499,42.668220,-92.333942
70419,FUEL AMERICA TRAVEL CENTER,I-35 EXIT 24,Laredo,TX,693,3.099,27.560379,-99.489181
70420,Circle K #2709302,SR-67,Decatur,AL,615,3.50733333,34.572995,-86.989901
70421,CASEYS #3581,US-62/US-67,Corning,AR,695,3.28233333,36.413682,-90.583609
70422,CIRCLE K #2741675,"I-10, EXIT 134",Tolleson,AZ,930,3.519,33.448370,-112.256012
70423,LOVES TRAVEL STOP #763,I-90 & US-20,Hampshire,IL,290,3.649,42.116614,-88.505165
70423,LOVES TRAVEL STOP #763,I-90 & US-20,Hampshire,IL,290,3.449,42.116614,-88.505165
70423,LOVES TRAVEL STOP #763,I-90 & US-20,Hampshire,IL,290,3.459,42.116614,-88.505165
70423,LOVES TRAVEL STOP #763,I-90 & US-20,Hampshire,IL,290,3.549,42.116614,-88.505165
70423,LOVES TRAVEL STOP #763,I-90 & US-20,Hampshire,IL,290,3.489,42.116614,-88.505165
70424,LOVES TRAVEL STOP #743,"I-75, EXIT 144A",Bridgeport,MI,260,3.589,43.370815,-83.881964
70424,LOVES TRAVEL STOP #743,"I-75, EXIT 144A",Bridgeport,MI,260,3.289,43.370815,-83.881964
70424,LOVES TRAVEL STOP #743,"I-75, EXIT 144A",Bridgeport,MI,260,3.479,43.370815,-83.881964
70424,LOVES TRAVEL STOP #743,"I-75, EXIT 144A",Bridgeport,MI,260,3.279,43.370815,-83.881964
70424,LOVES TRAVEL STOP #743,"I-75, EXIT 144A",Bridgeport,MI,260,3.389,43.370815,-83.881964
70425,LOVES TRAVEL STOP #731,"I-79, EXIT 105 & SR-108",Slippery Rock,PA,165,4.249,41.069487,-80.057929
70426,BISHOPS TRAVEL CENTER,US-27,Attapulgus,GA,20,3.699,30.749490,-84.483886
70427,PARKERS #64 (DISCOUNT AVAILABLE),SR-307,Savannah,GA,195,3.03233333,32.012457,-81.194157
70428,PARKERS #63 (DISCOUNT AVAILABLE),US-301,Jesup,GA,195,3.11566666,31.594574,-81.895699
70429,BP,SR-76,Adel,GA,10,2.969,31.124800,-83.425485
70430,SPRINT FOODS #715,I-520 & SR-56,Augusta,GA,135,3.19233333,33.444391,-82.022096
70431,TA EXPRESS HOLSTEIN #941,I-20 E,Holstein,IA,527,3.559,42.487149,-95.542877
70432,GAS N WASH,SR-43,Frankfort,IL,365,3.499,41.507025,-87.870966
70432,GAS N WASH,SR-43,Frankfort,IL,365,3.599,41.507025,-87.870966
70433,GAS N WASH,SR-126,Plainfield,IL,290,3.599,41.619669,-88.226924
70434,HUCKS FOOD & FUEL #371,SR-148 & SR-142,Mount Vernon,IL,340,3.099,38.314205,-88.917470
70436,CASEYS #3492,US-36,Marysville,KS,413,3.299,39.843690,-96.638878
70437,Thorntons #155,"SR-1020 N, & SR1065 E",Louisville,KY,415,2.90566666,38.224728,-85.740614
70438,BREAU BRIDGE TRUCKSTOP AND CASINO,SR-94,Breaux Bridge,LA,730,3.229,30.283099,-91.905919
70439,CHEVRON,I-20 & SR-151,Arcadia,LA,590,3.189,32.550848,-92.921373
70440,MOUND MINI MART,I-696,Warren,MI,325,3.699,42.492904,-83.025001
70441,BREAK TIME #3165,US-50 & SR-13,Warrensburg,MO,400,3.29233333,38.762394,-93.725330
70442,GOLDEN GATE PETRO,I-580 & US-50,Carson City,NV,966,3.599,39.153060,-119.747368
70443,GLUCKSTADT FLEETWAY,"I-55, EXIT 112",Madison,MS,760,3.199,32.473884,-90.130865
70445,CASEYS #3514,SR-1,Oakes,ND,341,3.38233333,46.139704,-98.087123
70446,ALLSUPS CONVENIENCE STORE #2220,US-285,Loving,NM,640,3.599,32.286235,-104.097756
70448,CIRCLE K #4707623,"I-81, EXIT 31",Brewerton,NY,220,4.089,43.232432,-76.144820
70450,QUEENSBURY,SR-149,Queensbury,NY,12,3.789,43.368207,-73.673872
70452,LOVES TRAVEL STOP #749,SR-78,Westmorland,CA,900,4.849,33.038996,-115.622441
70452,LOVES TRAVEL STOP #749,SR-78,Westmorland,CA,900,4.789,33.038996,-115.622441
70452,LOVES TRAVEL STOP #749,SR-78,Westmorland,CA,900,4.779,33.038996,-115.622441
70452,LOVES TRAVEL STOP #749,SR-78,Westmorland,CA,900,4.889,33.038996,-115.622441
70453,MARIETTA PETROLEUM,"I-35, EXIT 15 & SR-32",Marietta,OK,253,2.92233333,33.936172,-97.124716
70455,RUTTERS #37,US-332/US-22 & SR-75,Mifflintown,PA,70,4.099,40.571174,-77.395140
70456,RUTTERS #67,SR-16 & SR-75,Mercersburg,PA,70,4.399,39.831886,-77.902890
70457,RUTTERS #15,"I-83, EXIT 22 & SR-4009",York,PA,70,4.199,39.964798,-76.731840
70458,STOP-A MINIT,US-25 & SR-418,Pelzer,SC,30,2.899,34.642859,-82.460473
70459,GET N GO #22,I-90 & SR-115,Sioux Falls,SD,530,2.939,43.540696,-96.731962
70460,ALLSUPS CONVENIENCE STORE #2371,US-87,San Angelo,TX,612,3.20566666,31.441078,-100.450499
70461,CIRCLE K #2741074,I-35 & FM-1103,New Braunfels,TX,740,2.844,29.699306,-98.115127
70464,GOLDEN GATE PETEROLEUM 24 RD,US-6,Grand Junction,CO,810,3.539,39.089062,-108.567452
70466,Circle K #2741925,SR-19,Trinity,TX,670,2.899,30.944452,-95.373563
70467,QUIKTRIP #598,"I-80, EXIT 439, SR-370",Omaha,NE,486,2.92733333,41.262705,-96.053475
70468,CIRCLE K #2741325,I-14 & SR-121,Belton,TX,765,2.88566666,31.052345,-97.479542
70469,TA EXPRESS #286,I-30 & SR-423,Mount Vernon,TX,637,3.299,33.177431,-95.224447
70472,SHELL/ONE9 #1304,I-820 & CR-156,Fort Worth,TX,630,2.89233333,32.781954,-97.348573
70474,EXXON,"I-30, EXIT 42A",Dallas,TX,630,3.499,32.793333,-96.766513
70476,KWIK TRIP #1037,SR-65/23,Mora,MN,451,3.394,45.876981,-93.290284
70478,TA Express Salina,"I-70, EXIT 56",Salina,UT,835,3.649,38.938839,-111.865209
70480,BIG B TRUCK STOP,"I-90, EXIT 321",Sprague,WA,962,3.899,47.304889,-117.971290
70481,GOHL POST BP,"I-39, EXIT 100",Endeavor,WI,420,3.17566666,43.714338,-89.469197
70482,BIG D OIL #19,SR-259 & SR-387,Midwest,WY,790,3.459,43.410768,-106.277289
70483,BOLLA MARKET,SR-27 & CR-47,Copiague,NY,83,3.439,40.670358,-73.392761
70483,BOLLA MARKET,SR-27 & CR-47,Copiague,NY,83,3.399,40.670358,-73.392761
70484,ALLSUPS CONVENIENCE STORE #2117,SR-18 & CR-97,Lovington,NM,700,3.104,32.944466,-103.349225
70485,ALLSUPS CONVENIENCE STORE #2145,SR-132,Hobbs,NM,593,3.38233333,32.729089,-103.160588
70488,ALLSUPS CONVENIENCE STORE #2365,US-380 & SR-214,Plains,TX,700,3.369,33.188332,-102.821480
70491,MFA OIL PETRO CARD 24,US-36,Hamilton,MO,276,3.24066666,39.743535,-94.002400
70492,KWIK TRIP #1033,US-51 EXIT 191B,Wausau,WI,395,3.454,44.961766,-89.646538
70493,LOVES TRAVEL STOP #759,US-63/SR-11,Hazen,AR,695,3.22566666,34.781368,-91.558058
70494,7-ELEVEN #37570,I-76/US-6,Commerce City,CO,800,3.639,39.882792,-104.794908
70495,LOVES TRAVEL STOP #689,US-65 & US-82,Lake Village,AR,695,3.269,33.329180,-91.284794
70496,KWIK TRIP #1015,"I-43, EXIT 171",Denmark,WI,582,3.36233333,44.349336,-87.831198
70498,KWIK TRIP #939,"SR-29, EXIT 101",Stanley,WI,295,3.469,44.959383,-90.943719
70500,STRIPES 7FLEET #42526,SR-289,Lubbock,TX,700,3.05566666,33.561901,-101.888883
70501,STRIPES 7FLEET #42527,SR-191 & US-349,Midland,TX,710,3.47233333,32.024642,-102.113467
70502,STRIPES 7FLEET #42532,SR-302 & FM-1936,Odessa,TX,710,3.099,31.880461,-102.345314
70503,STRIPES 7FLEET #42491,US-67 & SR-137,Big Lake,TX,710,3.549,31.194112,-101.453406
70505,STRIPES #42593,LOOP 289 & MLK BLVD,Lubbock,TX,700,2.96566666,33.561901,-101.888883
70507,ALLSUPS CONVENIENCE STORE #2154,SR-206 / US-283,Coleman,TX,575,3.159,31.831378,-99.422201
70508,7-ELEVEN #34715,I-294 EXIT 20,Schiller Park,IL,290,4.579,41.958626,-87.869317
70509,ALLSUPS CONVENIENCE STORE #2108,US-377 & US-183,Early,TX,575,2.93233333,31.742153,-98.936602
70510,ALLSUPS CONVENIENCE STORE #2147,SR-6 & CR-454,De Leon,TX,630,3.159,32.111350,-98.535156
70516,STRIPES 7FLEET #42528,"I-20, EXIT 217 & SR-139",Colorado City,TX,575,2.899,32.399486,-100.858304
70527,THORNTONS #164,I-65 EXIT 16 & US-31,Memphis,IN,415,3.62566666,38.494822,-85.767036
70530,LOVES TRAVEL STOP #767,FM-511 & SR-48,Brownsville,TX,625,3.15566666,25.989404,-97.480625
70539,PILOT #1174,"I-70/SR-1, EXIT 147",Marshall,IL,510,3.299,39.399532,-87.691168
70539,PILOT TRAVEL CENTER #1174,"I-70/SR-1, EXIT 147",Marshall,IL,510,3.499,39.399532,-87.691168
70539,PILOT TRAVEL CENTER #1174,"I-70/SR-1, EXIT 147",Marshall,IL,510,3.359,39.399532,-87.691168
70539,PILOT #1174,"I-70/SR-1, EXIT 147",Marshall,IL,510,3.499,39.399532,-87.691168
70539,PILOT TRAVEL CENTER #1174,"I-70/SR-1, EXIT 147",Marshall,IL,510,3.299,39.399532,-87.691168
70540,LOVES TRAVEL STOP #674,US-27 & SR-60,Lake Wales,FL,140,3.55233333,27.920697,-81.599505
70541,Kwik Star#1012,US-71 & SR-9,Spirit Lake,IA,440,3.299,43.416659,-95.113071
70543,ALLSUPS CONVENIENCE STORE #2078,US-60,White Deer,TX,585,2.969,35.433397,-101.175846
70545,ALLSUPS CONVENIENCE STORE #2205,SR-83,Denver City,TX,700,3.36566666,32.967871,-102.832225
70546,ALLSUPS CONVENIENCE STORE #2370,US-287 & SR-70,Clarendon,TX,585,2.929,34.936913,-100.892111
70547,ALLSUPS CONVENIENCE STORE #2140,SR-114,Bridgeport,TX,630,2.899,33.210449,-97.772466
70548,ALLSUPS CONVENIENCE STORE #2114,US-84,Muleshoe,TX,700,3.19066666,34.229179,-102.728380
70549,ALLSUPS CONVENIENCE STORE #2194,214 PLAINS HIGHWAY,Denver City,TX,700,3.38233333,32.967871,-102.832225
70550,TEXACO #379545,US-290,Giddings,TX,595,3.399,30.183667,-96.928029
70551,KWIK TRIP #1047,SR-100 & SR-59,Milwaukee,WI,444,3.54066666,43.063348,-87.966695
70552,KWIK TRIP #941,US-2,Duluth,MN,334,3.499,46.774458,-92.134135
70553,KWIK TRIP #1028,US-59,Worthington,MN,425,3.16566666,43.628733,-95.599702
70554,HORSESHOE CONVENIENCE,SR 302 & IC 200,Mentone,TX,710,3.10733333,31.707438,-103.598875
70555,THORNTONS #615,I-40 EXIT 188,Kingston Springs,TN,460,2.98233333,36.081868,-87.108965
70556,ZIP ZONE EXPRESS,US-23,Catlettsburg,KY,255,3.699,38.417041,-82.603017
70557,LOVES TRAVEL STOP #727,"I-44, EXIT 283 & US-69",Big Cabin,OK,560,3.41233333,36.537602,-95.229368
70558,LOVES TRAVEL STOP #752,"I-43, EXIT 25 & SR-67",Elkhorn,WI,520,3.24066666,42.671601,-88.536256
70559,KWIK TRIP #1026,"HWY-23/ HWY-169, EXIT 23",Milaca,MN,453,3.369,45.758035,-93.651565
70560,PILOT DEALER #1235,"I-8, EXIT 42",Tacna,AZ,900,3.599,32.700435,-113.961785
70560,PILOT #1235,"I-8, EXIT 42",Tacna,AZ,900,3.659,32.700435,-113.961785
70561,PILOT #1143,I-20 & SR-302,Odessa,TX,710,3.599,31.880461,-102.345314
70562,SPEEDWAY #7161,I-65 & US-31,Portland,TN,460,3.024,36.597486,-86.526621
70564,SPEEDWAY #7236,"I-90/SR-2, EXIT 151",Avon,OH,305,3.659,41.445100,-82.005109
70565,Kwik Star #1025,SR-9/SR-4,Estherville,IA,425,3.33233333,43.399735,-94.834216
70567,LEDGEWOOD BP,I-80/SR-46,Ledgewood,NJ,115,3.299,40.883268,-74.668029
70571,LOVES TRAVEL STOP #748,"I-90, I-80 & SR-49",Edon,OH,550,3.88733333,41.556168,-84.769373
70572,LOVES TRAVEL STOP #745,I-94,Saint Clair,MI,342,3.949,42.826530,-82.492433
70573,KWIK TRIP #1038,US-12,Prairie Du Sac,WI,420,3.484,43.293928,-89.735231
70574,SPEEDWAY #3961,"I-55, EXIT 109",Williamsville,IL,318,3.299,39.956112,-89.543628
70575,SPEEDWAY #6721,SR 51,Mc Kees Rocks,PA,165,3.899,40.469019,-80.063328
70576,KWIK TRIP #593,"I-94, EXIT 41 & SR-25",Menomonie,WI,295,3.574,44.889200,-91.909570
70577,SPEEDWAY #3715,US-30,Crest Hill,IL,293,3.299,41.574360,-88.113261
70577,SPEEDWAY #3715,US-30,Crest Hill,IL,293,3.359,41.574360,-88.113261
70578,COMMON CENTS #125,"I-90/US-14, EXIT 61",Rapid City,SD,506,3.20733333,44.071071,-103.217924
70579,Exxon/One9 #1338,I-35 & CR-372,Jarrell,TX,765,2.88566666,30.810264,-97.615122
70580,LOVES TRAVEL STOP #753,I-90 EXIT 96 & SR-474,Missoula,MT,820,3.674,46.874359,-114.026136
70581,LOVES TRAVEL STOP #773,"SR-14 & I-59/20, EXIT 40",Eutaw,AL,615,3.13733333,32.846247,-87.900332
70582,Kwik Star #1039,I-80 EXIT 301,Bettendorf,IA,270,3.649,41.566796,-90.476798
70583,LOVES TRAVEL STOP #783,US-60 & US-63,Willow Springs,MO,535,3.419,36.986752,-91.961551
70584,PILOT TRAVEL CENTER #1209,"I-20, EXIT 136 & SR-349",Midland,TX,710,3.56566666,32.024642,-102.113467
70585,PILOT TRAVEL CENTER #1211,US-385 & CR-1910,Andrews,TX,710,3.639,32.321336,-102.551846
70586,MAVERIK COUNTRY STORE #610,I-80,Winnemucca,NV,966,3.389,40.964397,-117.724642
70587,MAVERIK COUNTRY STORE #623,US-89,Gunnison,UT,835,3.419,39.156930,-111.813516
70588,SPEEDWAY #7217,I-70 EXIT 49,Smithton,PA,165,3.91566666,40.153808,-79.741667
70590,CIRCLE K #2722291,US-1 & SR-206,Saint Augustine,FL,75,3.379,29.896152,-81.311128
70591,SPEEDWAY #6465,"I-77, EXIT 101",Canton,OH,249,3.60733333,40.807650,-81.367228
70592,LOVES TRAVEL STOP #751,"I-20, EXIT 87",Elgin,SC,135,3.42566666,34.665791,-80.720931
70593,LOVES TRAVEL STOP #735,I-75/SR-401,Calhoun,GA,285,3.279,34.499792,-84.933058
70595,SPEEDWAY #6509,"I-74, EXIT 206",Oakwood,IL,280,3.199,40.110126,-87.776925
70595,SPEEDWAY #6509,"I-74, EXIT 206",Oakwood,IL,280,3.349,40.110126,-87.776925
70595,SPEEDWAY #6509,"I-74, EXIT 206",Oakwood,IL,280,3.299,40.110126,-87.776925
70596,SPEEDWAY #7208,I-85 EXIT 137,Jefferson,GA,16,3.119,34.136239,-83.602157
70598,SPEEDWAY #7175,US-78 & SR-175,Memphis,TN,435,3.199,35.109164,-89.968511
70599,Jet Food Store,US-278,Warrenton,GA,85,3.41566666,33.407657,-82.665124
70600,KWIK STAR #1027,US-65,Mason City,IA,433,3.264,43.147762,-93.200403
70601,24/7 TRAVEL STORE,I-70 EXIT 275,Abilene,KS,523,2.994,38.924503,-97.228004
70603,ROAD RANGER #277,"I-30, EXIT 201 & SR-8",New Boston,TX,766,3.08066666,33.461110,-94.419096
70604,KWIK STAR #940,US-69 & SR-9,Forest City,IA,433,3.449,43.257083,-93.636556
70605,SPEEDWAY #1042,"I-55 & SR-50, EXIT 286",Cicero,IL,291,3.599,41.844537,-87.759290
70605,SPEEDWAY #1042,"I-55 & SR-50, EXIT 286",Cicero,IL,291,3.569,41.844537,-87.759290
70606,SPEEDWAY #7179,"I-65 & SR-101, EXIT 38",Smiths Grove,KY,415,3.06566666,37.050205,-86.208076
70607,SPEEDWAY #8544,"I-55 & US-6, EXIT 24B",Channahon,IL,291,3.249,41.422789,-88.262954
70607,SPEEDWAY #8544,"I-55 & US-6, EXIT 24B",Channahon,IL,291,3.299,41.422789,-88.262954
70608,KWIK TRIP #1017,US-10/SR-47,Anoka,MN,451,3.624,45.214398,-93.391638
70609,JP TRAVEL PLAZA,"I-75, EXIT 205 & SR-16",Jackson,GA,18,3.159,33.292359,-83.967846
70611,Shell,US-6 & SR-3,Kendallville,IN,370,3.499,41.443361,-85.258154
70612,SHREES TRUCK STOP #2,I-90 EXIT 101,Thorp,WA,920,3.839,47.065483,-120.670837
70612,SHREES TRUCK STOP #2,I-90 EXIT 101,Thorp,WA,920,3.809,47.065483,-120.670837
70612,SHREES TRUCK STOP #2,I-90 EXIT 101,Thorp,WA,920,3.859,47.065483,-120.670837
70615,THORNTONS #0334,I-57 EXIT 350 & SR-83,Posen,IL,365,3.399,41.629067,-87.685842
70617,QUIKTRIP #224,"I-435, EXIT 57",Kansas City,MO,400,3.099,39.125155,-94.550313
70618,LOVES TRAVEL STOP #744,"I-270 N, EXIT 49",Lockbourne,OH,315,3.45566666,39.808900,-82.987294
70619,KWIK TRIP #1049,US-212 & CR-68,Glencoe,MN,448,3.524,44.769566,-94.151027
70620,LOVES TRAVEL STOP #779,I-30 EXIT 97,Malvern,AR,635,3.499,34.373579,-92.821250
70621,FRIENDLY GUS STORE #24,I-16 EXIT 53 & SR-19,Dublin,GA,85,3.399,32.535471,-82.928807
70622,SPEEDWAY #6781,US-422,Douglassville,PA,208,3.799,40.259899,-75.724228
70623,SPEEDWAY #1127,"I-55, EXIT 267 & SR-53",Bolingbrook,IL,293,3.589,41.687466,-88.106215
70623,SPEEDWAY #1127,"I-55, EXIT 267 & SR-53",Bolingbrook,IL,293,3.299,41.687466,-88.106215
70624,KWIK STAR #929,I-74 EXIT 2,Bettendorf,IA,270,3.599,41.566796,-90.476798
70625,BROWNVILLE IRVING,SR-11,Brownville,ME,170,3.93233333,45.356518,-69.017524
70626,GOLDEN GATE PETROLEUM,"I-70, EXIT 97",Silt,CO,810,3.459,39.547978,-107.652736
70628,PILOT #1195,"I-90, EXIT 106",Ellensburg,WA,977,3.959,47.000124,-120.549540
70628,PILOT #1195,"I-90, EXIT 106",Ellensburg,WA,977,3.859,47.000124,-120.549540
70628,PILOT #1195,"I-90, EXIT 106",Ellensburg,WA,977,3.839,47.000124,-120.549540
70628,PILOT #1195,"I-90, EXIT 106",Ellensburg,WA,977,3.899,47.000124,-120.549540
70629,KWIK TRIP #930,"I-35, EXIT 147 & SR-95",North Branch,MN,448,3.40233333,45.509885,-92.955655
70630,SPEEDWAY #3632,"I-76, EXIT 33 & SR-43",Kent,OH,249,3.53233333,41.147561,-81.361965
70632,CIRCLE K #4706705,SR-394,Crete,IL,365,3.499,41.440524,-87.624471
70634,CORNER MARKET #101,US-83 & SR-96,Scott City,KS,525,3.359,38.478872,-100.903053
70635,CIRCLE K #4705706,US-224 & SR-99,Willard,OH,249,3.599,41.051941,-82.723533
70637,CIRCLE K #2704111,I-2/US-83 & CR-493,Donna,TX,639,3.009,26.161050,-98.038929
70638,LOVES TRAVEL STOP #769,"I-70, EXIT 358A & US-75",Topeka,KS,570,3.284,39.034673,-95.696191
70640,LOVES TRAVEL STOP #794,SR-3/SR-33,Watonga,OK,483,3.37566666,35.847503,-98.402734
70641,LOVES TRAVEL STOP #706,"I-81/I-64, EXIT 213 ",Staunton,VA,185,3.649,38.157978,-79.061876
70642,LOVES TRAVEL STOP #776,"I-20, EXIT 15",Vicksburg,MS,760,3.549,32.322002,-90.881559
70643,LOVES TRAVEL STOP #774,US-431/CR-248,Smiths Station,AL,720,3.194,32.522852,-85.099425
70644,KWIK TRIP #1031,I-494 EXIT 20,Delano,MN,451,3.524,45.038533,-93.793102
70645,QUIKTRIP #4048,"I-410, EXIT164B",San Antonio,TX,740,2.96566666,29.462809,-98.524635
70646,KWIK TRIP #1051,I-43 & CR-N,Green Bay,WI,582,3.44066666,44.521542,-87.986568
70647,PILOT #1227,I-20 EXIT 66,Pyote,TX,710,3.46566666,31.538066,-103.122483
70648,BARRINGTON APPLEGREEN,SR-125 & SR-9,Barrington,NH,178,3.899,43.215566,-71.038980
70649,KWIK TRIP #931,SR-95,North Branch,MN,448,3.42733333,45.509885,-92.955655
70650,MAVERIK COUNTRY STORE #581,"I-15 N, EXIT 334 & SR-193",Clearfield,UT,835,3.33566666,41.097012,-112.017920
70651,WALBURG TRAVEL CENTER,"I-35, EXIT 266",Georgetown,TX,595,2.83233333,30.668136,-97.698744
70652,ROADYS MACH 1 #14,I-57 EXIT 94,Mount Vernon,IL,574,3.099,38.314205,-88.917470
70652,ROADYS MACH 1 #14,I-57 EXIT 94,Mount Vernon,IL,574,3.199,38.314205,-88.917470
70652,ROADYS MACH 1 #14,I-57 EXIT 94,Mount Vernon,IL,574,3.299,38.314205,-88.917470
70653,MACH 1 #24,I-74 EXIT 215A & SR-1,Tilton,IL,280,3.199,40.094978,-87.642148
70653,MACH 1 #24,I-74 EXIT 215A & SR-1,Tilton,IL,280,3.299,40.094978,-87.642148
70654,PILOT #1269,I-10 EXIT 378,San Simon,AZ,980,3.309,32.268169,-109.230200
70654,PILOT DEALER #1269,I-10 EXIT 378,San Simon,AZ,980,3.334,32.268169,-109.230200
70655,GOLDEN GATE PETROLEUM,US-6,Grand Junction,CO,810,3.499,39.089062,-108.567452
70656,LOVES TRAVEL STOP #757,"US-23, EXIT 25",Milan,MI,325,3.579,42.081347,-83.684793
70656,LOVES TRAVEL STOP #757,"US-23, EXIT 25",Milan,MI,325,3.649,42.081347,-83.684793
70656,LOVES TRAVEL STOP #757,"US-23, EXIT 25",Milan,MI,325,3.489,42.081347,-83.684793
70656,LOVES TRAVEL STOP #757,"US-23, EXIT 25",Milan,MI,325,3.569,42.081347,-83.684793
70657,INTERFUEL,I-96 EXIT 167,Springfield,VA,60,3.899,38.781571,-77.183921
70658,CASEYS #3708,SR-235,New Carlisle,OH,411,3.259,39.944443,-84.027667
70660,CASEYS #3852,"I-35, EXIT 33 & US-34",Creston,IA,320,3.349,41.060314,-94.364727
70661,CASEYS #3238,US-52 EXIT 64 & CR-12,Oronoco,MN,451,3.51566666,44.158446,-92.539194
70662,GETGO #3202,I-79 EXIT 183A,Erie,PA,240,3.899,42.116594,-80.073503
70663,LENNYS GAS N WASH BOURBONNAIS,US-45/US-52,Bourbonnais,IL,296,3.399,41.182491,-87.878677
70663,LENNYS GAS N WASH BOURBONNAIS,US-45/US-52,Bourbonnais,IL,296,3.299,41.182491,-87.878677
70665,POCO LOCO MARKET,I-35 EXIT 219,Buda,TX,595,2.89233333,30.074520,-97.851239
70666,Thorntons #322,"I-55, EXIT 288",Chicago,IL,290,3.599,41.837045,-87.684939
70667,EZ TRIP #1226,"I-84, EXIT 104 & US-97",Wasco,OR,935,3.239,45.591657,-120.697464
70668,LOVES TRAVEL STOP #784,US-30 & CR-9,Schuyler,NE,486,3.28233333,41.450134,-97.061591
70669,TA EXPRESS BIGGS,"I-84, EXIT 104 & US-97",Wasco,OR,935,3.199,45.591657,-120.697464
70670,MAVERIK COUNTRY STORE #625,"I-215, EXIT 27 & CR-68",North Salt Lake,UT,835,3.44233333,40.847116,-111.918780
70673,PAC PRIDE,SR-202,Mesa,AZ,930,4.024,33.399355,-111.715968
70674,ALLTOWN FRESH #769,SR-111,Ayer,MA,34,3.649,42.562221,-71.584844
70676,PAC PRIDE,"I-10, EXIT 138",Phoenix,AZ,930,4.0365,33.572154,-112.090132
70677,PAC PRIDE,US-60,Glendale,AZ,930,4.024,33.533111,-112.189901
70679,PAC PRIDE,"I-10, EXIT 151",Phoenix,AZ,930,4.024,33.572154,-112.090132
70680,PAC PRIDE,"I-17, EXIT 215B",Phoenix,AZ,930,4.024,33.572154,-112.090132
70681,PETRO STOP,US-60,Mesa,AZ,930,4.01566666,33.399355,-111.715968
70682,LOVES TRAVEL STOP #758,"I-255/US-50, EXIT 15",East Saint Louis,IL,540,3.589,38.616361,-90.130528
70682,LOVES TRAVEL STOP #758,"I-255/US-50, EXIT 15",East Saint Louis,IL,540,3.489,38.616361,-90.130528
70682,LOVES TRAVEL STOP #758,"I-255/US-50, EXIT 15",East Saint Louis,IL,540,3.379,38.616361,-90.130528
70682,LOVES TRAVEL STOP #758,"I-255/US-50, EXIT 15",East Saint Louis,IL,540,3.689,38.616361,-90.130528
70686,HOLIDAY STATIONSTORE #2746471,US-12,Hudson,WI,448,3.539,44.963882,-92.730253
70687,RUTTERS #87,"I-99, EXIT 78B & SR-150",Bellefonte,PA,70,4.01566666,40.914213,-77.768197
70691,QUIKTRIP #4049,"I-10/US-90, EXIT 583",San Antonio,TX,740,2.96566666,29.462809,-98.524635
70692,RUTLAND ROUTE 7 IRVING,US-4 & US-7,Rutland,VT,170,3.699,43.609670,-72.977788
70693,MAPCO #3507,US-76 & SR-71,Dalton,GA,285,3.119,34.767898,-84.972812
70695,ALLSUPS CONVENIENCE STORE #2132,US-54 & US-380,Carrizozo,NM,580,3.28233333,33.643341,-105.841132
70696,DK #11822,I-20 EXIT 131,Midland,TX,612,2.85733333,32.024642,-102.113467
70698,ALLSUPS CONVENIENCE STORE #2038,US-54,Logan,NM,585,3.199,35.355482,-103.453020
70699,QUIK STOP,US-79,Paris,TN,490,2.959,36.292739,-88.308057
70700,PATRIOT FUELING CENTER,US-231/SR-9,Wetumpka,AL,720,3.199,32.542018,-86.205307
70704,KUM & GO #0702,"I-44, EXIT 6 & SR-86",Joplin,MO,535,3.009,37.075218,-94.501259
70705,CASEYS #3464,SR-48 & CR-10,Morrisonville,IL,280,3.759,39.421668,-89.459007
70705,CASEYS #3464,SR-48 & CR-10,Morrisonville,IL,280,3.999,39.421668,-89.459007
70705,CASEYS #3464,SR-48 & CR-10,Morrisonville,IL,280,3.959,39.421668,-89.459007
70706,BIG APPLE TRAVEL CENTER,I-44/US-71,Joplin,MO,416,3.21233333,37.075218,-94.501259
70707,TA Express West Point #283,"I-85/SR-403, EXIT 2 & SR-18",West Point,GA,720,3.66566666,32.898518,-85.141499
70708,LOVES TRAVEL STOP #785,"I-96, EXIT 90",Grand Ledge,MI,406,3.949,42.752927,-84.744901
70709,VP Racing Fuels,SR-19,Center,MO,540,3.16566666,39.509438,-91.529335
70710,LOVES TRAVEL STOP #799,US-72 & SR-15,Walnut,MS,655,3.559,34.949671,-88.924455
70711,LOVES TRAVEL STOP #762,FM-1472,Laredo,TX,693,3.25566666,27.560379,-99.489181
70714,PILOT TRAVEL CENTER #1281,US-89,Page,AZ,910,3.999,36.941815,-111.513283
70714,PILOT DEALER #1281,US-89,Page,AZ,910,3.999,36.941815,-111.513283
70717,Certified Oil #400491,I-270 EXIT 52,Columbus,OH,315,3.20233333,39.985531,-82.985594
70718,ROAD RANGER #278,"I-40, EXIT 216 & US-49",Brinkley,AR,695,3.199,34.889781,-91.189819
70719,FAST LANE #31,"I-70, EXIT 183",Jonesburg,MO,540,3.299,38.856376,-91.303157
70720,SPEEDWAY #4453,SR-23,Sauk Rapids,MN,451,3.189,45.594724,-94.152747
70722,SPEEDWAY #9935,I-90 EXIT 35 & SR-298,Syracuse,NY,190,4.099,43.040998,-76.143554
70723,SPEEDWAY #9932,I-99 EXIT 8 & SR-417,Painted Post,NY,190,4.099,42.163762,-77.092384
70724,LOVES TRAVEL STOP #790,"I-95, EXIT108",Summerton,SC,135,3.509,33.601475,-80.352648
70725,LOVES TRAVEL STOP #782,"I-24 & US-41, EXIT 86",Oak Grove,KY,415,3.14233333,36.673774,-87.422506
70726,CASEYS #1195,US-36,Belleville,KS,336,3.339,39.824337,-97.633855
70727,CASEYS #2998,US-75 & SR-23,Pipestone,MN,530,3.449,43.995916,-96.311080
70728,CASEYS #3245,US-81,Freeman,SD,530,3.299,43.347525,-97.430791
70729,CASEYS #3785,US-14,Fort Pierre,SD,571,3.399,44.366596,-100.382329
70730,CASEYS #3855,US-81,Yankton,SD,572,3.139,42.889751,-97.392687
70731,PILOT TRAVEL CENTERS #1181,IL-38 E,Rochelle,IL,520,3.759,41.919149,-89.063661
70731,PILOT #1181,IL-38 E,Rochelle,IL,520,3.759,41.919149,-89.063661
70732,MAVERIK COUNTRY STORE #627,I-15 EXIT 303,Salt Lake City,UT,835,3.44233333,40.776928,-111.930991
70733,CASEYS #1607,US-63,Macon,MO,392,3.29066666,39.742230,-92.470551
70735,CASEYS #1778,SR-267/SR-111,Brighton,IL,574,3.279,39.040863,-90.140041
70735,CASEYS #1778,SR-267/SR-111,Brighton,IL,574,3.299,39.040863,-90.140041
70735,CASEYS #1778,SR-267/SR-111,Brighton,IL,574,3.239,39.040863,-90.140041
70735,CASEYS #1778,SR-267/SR-111,Brighton,IL,574,3.279,39.040863,-90.140041
70735,CASEYS #1778,SR-267/SR-111,Brighton,IL,574,3.239,39.040863,-90.140041
70736,CASEYS #1941,"I-35, EXIT 90 & SR-160",Ankeny,IA,320,3.139,41.731281,-93.601074
70737,CASEYS #2272,I-80/US-6 EXIT 155 & SR-117,Colfax,IA,320,3.099,41.679795,-93.236279
70738,QUIKTRIP #7061,I-49 EXIT 39A,Joplin,MO,413,3.02233333,37.075218,-94.501259
70739,CASEYS #2602,US-36/SR-5 & SR-11,Brookfield,MO,276,3.249,39.785329,-93.077967
70740,JACK FLASH,"I-70, EXIT 82 & SR 128",Altamont,IL,574,3.099,39.056115,-88.746922
70740,JACK FLASH,"I-70, EXIT 82 & SR 128",Altamont,IL,574,3.199,39.056115,-88.746922
70741,CASEYS #3590,US-27,Geneva,IN,465,3.594,39.391154,-85.717490
70742,CASEYS #3653,SR-14,Greene,IA,433,3.599,42.896506,-92.803538
70743,CASEYS #3659,US-10 & SR-115,Randall,MN,250,3.48566666,46.088667,-94.500718
70744,CASEYS #3686,I-80 EXIT 81,Utica,IL,296,2.969,41.345599,-88.986337
70744,CASEYS #3686,I-80 EXIT 81,Utica,IL,296,2.999,41.345599,-88.986337
70744,CASEYS #3686,I-80 EXIT 81,Utica,IL,296,3.159,41.345599,-88.986337
70745,CASEYS #3752,",",Mountain Lake,MN,425,3.40233333,43.942382,-94.925361
70746,CASEYS #3085,US-34 & SR-14,Aurora,NE,330,3.099,40.863867,-98.006966
70747,CASEYS #3702,US-377/SR-99 & SR-9,Seminole,OK,560,3.02566666,35.234772,-96.649329
70748,CASEYS #3717,US-218,Vinton,IA,380,3.199,42.163106,-92.026206
70749,CASEYS #3719,US-160,Ulysses,KS,525,3.409,37.577342,-101.354864
70750,CASEYS #3787,"I-35, EXIT 222",Blackwell,OK,483,2.999,36.801341,-97.300871
70751,CASEYS #3795,"I-43, EXIT 96",Saukville,WI,444,3.289,43.388946,-87.943896
70752,CASEYS #3755,SR-7/SR-27,Russellville,AR,645,3.419,35.276876,-93.137515
70753,CASEYS #3798,"I-44, EXIT 211",Drumright,OK,560,3.119,35.989923,-96.597424
70754,CASEYS #3758,US-77,Douglass,KS,570,3.264,37.516944,-97.010425
70755,CASEYS #3809,US-56 & SR-51,Hugoton,KS,525,3.39233333,37.174510,-101.344544
70756,CASEYS #3780,US-40,Tonganoxie,KS,400,3.159,39.107890,-95.079090
70757,CASEYS #3811,US-69,McAlester,OK,560,3.22566666,34.926128,-95.773619
70759,CASEYS #3832,"I-35, EXIT 40A & US-14",Janesville,MN,425,3.58233333,44.119846,-93.709698
70760,CASEYS #2730,US-34 & SR-15,Seward,NE,413,3.369,40.909211,-97.096095
70761,CASEYS #3841,"US-61, EXIT 5",Kieler,WI,335,3.489,42.582306,-90.605183
70763,CASEYS #3854,"US-20, EXIT 275 & SR-13",Manchester,IA,380,3.54566666,42.485339,-91.456086
70764,CASEYS #3856,"I-51, EXIT 48 & SR-251",Tonica,IL,520,3.199,41.215870,-89.069956
70764,CASEYS #3856,"I-51, EXIT 48 & SR-251",Tonica,IL,520,3.099,41.215870,-89.069956
70764,CASEYS #3856,"I-51, EXIT 48 & SR-251",Tonica,IL,520,3.069,41.215870,-89.069956
70765,CEFCO #103,SR-36,Temple,TX,765,2.96566666,31.104936,-97.388512
70767,CASEYS #3493,SR-72,Shannon,IL,520,3.699,42.152447,-89.740174
70768,CASEYS #3497,SR-29,South Pekin,IL,368,3.699,40.495497,-89.652382
70768,CASEYS #3497,SR-29,South Pekin,IL,368,3.619,40.495497,-89.652382
70768,CASEYS #3497,SR-29,South Pekin,IL,368,3.679,40.495497,-89.652382
70769,CASEYS #3527,US-169 & US-60,Nowata,OK,307,3.18233333,36.699265,-95.637465
70770,CASEYS #3528,SR-92,Washington,IA,380,3.271,41.297913,-91.693671
70771,CASEYS #3545,US-14/CR-27,Sleepy Eye,MN,425,3.33233333,44.298945,-94.723594
70772,CASEYS #3554,"I-70, EXIT 52",Mulberry Grove,IL,368,3.489,38.925269,-89.261955
70773,CASEYS #3575,US-36,Seneca,KS,413,3.159,39.837998,-96.069608
70774,CASEYS #3079,"US-20, EXIT 71 & US-71",Early,IA,440,3.299,42.461098,-95.152411
70775,CASEYS #3576,US-56,Overbrook,KS,400,3.19566666,38.779367,-95.556967
70776,CASEYS #3579,US-36,Smith Center,KS,330,3.179,39.773939,-98.783474
70778,CASEYS #3588,"I-75 N, EXIT 69",Tipp City,OH,411,3.099,39.964474,-84.186380
70779,CASEYS #3204,"I-80, EXIT 29 & I-880, EXIT 29A",Minden,IA,319,3.159,41.469409,-95.543198
70780,CASEYS #3306,SR-15 & CR-47/CR-136,Saint Cloud,MN,522,3.249,45.526658,-94.171007
70782,CASEYS #3465,"I-80, EXIT 285 & US-30",Gibbon,NE,330,3.049,40.745932,-98.845848
70783,ENMARKET #820,"I-95/SR-405, EXIT 109 & SR-21",Port Wentworth,GA,195,3.09066666,32.192015,-81.205725
70784,CIRCLE K #2723046,"I-95, EXIT 41 & SR-59/CR2252",Hope Mills,NC,63,2.909,34.969195,-78.959887
70785,CIRCLE K #2705347,"I-77, EXIT 5 & SR-48",Columbia,SC,135,3.204,34.040519,-80.906099
70786,CIRCLE K #2741502,"I-37, EXIT 9",Corpus Christi,TX,625,3.06066666,27.754252,-97.173385
70788,SPEEDWAY #1031,"I-480 & I-271, EXIT 26",Bedford,OH,305,3.649,41.392123,-81.534680
70789,7FLEET #46080,"I-41 & US-41, EXIT 133",Neenah,WI,360,3.449,44.164925,-88.479628
70790,LOVES TRAVEL STOP #788,"I-70, EXIT 175",New Florence,MO,540,3.12233333,38.908466,-91.454789
70791,LOVES TRAVEL STOP #791,"I-40, EXIT 126",Holladay,TN,460,3.12233333,35.871950,-88.144936
70792,ANEW TRAVEL CENTER,US-6/34 & CR-410,Cambridge,NE,475,3.364,40.284302,-100.165800
70793,LOVES TRAVEL STOPS #119,"I-70, EXIT 160",Green River,UT,835,3.299,38.993460,-110.173424
70793,LOVES TRAVEL STOP #119,"I-70, EXIT 160",Green River,UT,835,3.391,38.993460,-110.173424
70794,CASEYS #3747,SR-103 & CR-96,Carey,OH,411,3.17566666,40.945814,-83.386095
70796,QUICK FUEL #3177,"I-35W, EXIT 56",Fort Worth,TX,637,3.03233333,32.781954,-97.348573
70797,QUICK FUEL #3176,"I-35E, EXIT 442",Carrollton,TX,637,3.01566666,32.989386,-96.899940
70798,QUICK FUEL #1926,"I-90, EXIT 171B & US-14",Janesville,WI,420,3.399,42.684698,-89.013170
70831,FLYERS #768,"I-80, EXIT 19 & SR-659",Sparks,NV,966,4.05233333,39.574341,-119.715154
70832,FLYERS #766,SR-648,Sparks,NV,966,4.059,39.574341,-119.715154
70833,FLYERS #764,SR-667,Reno,NV,966,4.05233333,39.549097,-119.849907
70845,FLYERS #759,"I-80, EXIT 19",Sparks,NV,966,4.05066666,39.574341,-119.715154
70855,FLYERS #761,"I-580, EXIT 5",Carson City,NV,966,3.699,39.153060,-119.747368
70858,SPEEDWAY #1012,"I-65, EXIT 158 & CR-6",Hope Hull,AL,720,3.05233333,32.198998,-86.344383
70859,FLYERS #732,I-580 & US-50,Carson City,NV,966,3.699,39.153060,-119.747368
70860,FLYERS #726,"I-80, EXIT 303",Elko,NV,966,3.629,40.838111,-115.767809
70864,FLYERS #747,"I-580/US-395, EXIT 29 & SR-659",Reno,NV,966,4.054,39.549097,-119.849907
70870,ESSENTIAL FUELS,US-26,Scottsbluff,NE,795,3.599,41.868088,-103.662035
70871,ALLTOWN MARKETS #835,"I-95, EXIT 62",Madison,CT,100,4.239,41.344478,-72.624542
70873,TA LAKE CITY #288,"I-75, EXIT 414",Lake City,FL,225,3.299,30.188638,-82.642246
70874,CIRCLE T,SR-6 & SR-515,Navasota,TX,670,3.43233333,30.386923,-96.089807
70875,FUEL MAXX #57,SR-105 & SR-146,Liberty,TX,610,3.13233333,32.451796,-94.942976
70876,JIFFY MART,SR-123/SR-12,Walpole,NH,12,3.68566666,43.078344,-72.424804
70877,LOVES TRAVEL STOP #770,"US-41, EXIT 1A",Wadsworth,IL,444,3.819,42.450687,-87.925147
70877,LOVES TRAVEL STOP #770,"US-41, EXIT 1A",Wadsworth,IL,444,3.759,42.450687,-87.925147
70878,MAVERIK COUNTRY STORE #630,I-15 EXIT 13,Malad City,ID,825,3.394,42.189909,-112.249688
70879,MAVERIK COUNTRY STORE #611,I-40 EXIT 154,Albuquerque,NM,580,3.194,35.104780,-106.646809
70880,RUTTERS #81,SR-61 & SR-73,Leesport,PA,208,3.89733333,40.444433,-75.967191
70881,RUTTERS #79,"I-99/US-220, EXIT 28 US-22/SR-764",Duncansville,PA,14,4.099,40.426307,-78.430260
70882,RUTTERS #77,US-11/US-15 & US-22,Duncannon,PA,70,4.294,40.395178,-77.027730
70883,RUTTERS #41,US-422,Lebanon,PA,70,3.799,40.341193,-76.422735
70884,RUTTERS #75,SR-194 & SR-550,Walkersville,MD,70,3.93233333,39.474323,-77.363352
70885,KWIK TRIP #1061,CR-CE & CR-HH,Combined Locks,WI,582,3.549,44.261909,-88.305102
70887,LOVES TRAVEL STOP #781,"I-20, EXIT 113 & SR-83",Madison,GA,16,3.849,33.579038,-83.475971
70888,HUTCHS #125,US-283,Altus,OK,483,2.999,34.657061,-99.309046
70889,TRUCK WORLD,I-90 EXIT 241 & SR-7,Conneaut,OH,305,3.359,41.927299,-80.568382
70890,PILOT #1299,US-287 & SR-148,Henrietta,TX,770,3.12566666,33.814307,-98.192773
70891,QUARLES #4908,I-64 EXIT 297,Chesapeake,VA,130,3.52566666,36.679376,-76.301788
70892,QUARLES #4001,I-95 EXIT 133,Fredericksburg,VA,60,3.759,38.299272,-77.486658
70893,QUARLES #4002,"I-95 EXIT 130A, SR-2",Fredericksburg,VA,60,3.759,38.299272,-77.486658
70894,QUARLES #4009,US-301,Waldorf,MD,60,3.759,38.609172,-76.919776
70896,QUARLES #4200,US-522,Front Royal,VA,60,3.699,38.924952,-78.183426
70897,QUARLES #4302,SR-801 & SR-42,Broadway,VA,60,3.459,38.608485,-78.801366
70898,QUARLES #4303,"I-81 EXIT 243, US-11",Harrisonburg,VA,60,2.899,38.436255,-78.873303
70899,QUARLES #4304,"I-64 EXIT 96, SR-624",Waynesboro,VA,180,3.799,38.067157,-78.901420
70900,QUARLES #4306,I-81 EXIT 150A,Roanoke,VA,185,3.559,37.278458,-79.958174
70901,QUARLES #4307,"I-81 EXIT 137, US-11/460",Salem,VA,185,3.559,37.285333,-80.055241
70902,QUARLES #4309,US-460/29,Lynchburg,VA,185,3.774,37.399016,-79.195458
70903,QUARLES #4310,US-11,Roanoke,VA,185,3.559,37.278458,-79.958174
70904,QUARLES #4400,I-95 EXIT 166A,Lorton,VA,60,4.059,38.698722,-77.216649
70905,QUARLES #4401,US-29,Fairfax,VA,60,4.059,38.853183,-77.299025
70906,QUARLES #4403,"I-95 EXIT 29A, US-1",Beltsville,MD,22,3.899,39.039903,-76.920443
70907,QUARLES #4404,I-95 EXIT 43A,Elkridge,MD,22,3.499,39.195483,-76.741082
70908,QUARLES #4407,I-495 EXIT 11A,Upper Marlboro,MD,60,3.899,38.816495,-76.753670
70909,QUARLES #4408,SR-201,Bladensburg,MD,60,3.699,38.942368,-76.925910
70910,QUARLES #4409,I-95 EXIT 50B,Baltimore,MD,22,3.499,39.300032,-76.610476
70913,QUARLES #4412,I-270 EXIT 8,Rockville,MD,60,3.759,39.083666,-77.155585
70914,QUARLES #4413,I-495 EXIT 15A,Capitol Heights,MD,60,3.899,38.876679,-76.907559
70915,QUARLES #4414,I-95 EXIT 60,Baltimore,MD,22,3.449,39.300032,-76.610476
70917,QUARLES #4416,US-13,Salisbury,MD,194,3.659,38.375198,-75.586555
70919,QUARLES #4422,US-13,New Castle,DE,243,3.699,39.670017,-75.566519
70920,QUARLES #4423,SR-100 EXIT 11,Glen Burnie,MD,22,3.699,39.156271,-76.606996
70921,QUARLES #4424,SR-5,Clinton,MD,60,3.899,38.750917,-76.902669
70922,QUARLES #4425,US-50 EXIT 5,Hyattsville,MD,60,3.899,38.961205,-76.954935
70923,QUARLES #4426,SR-124,Gaithersburg,MD,60,3.759,39.148601,-77.195131
70924,QUARLES #4427,I-276 EXIT 351,Levittown,PA,153,3.84566666,40.152343,-74.852340
70925,QUARLES #4430,US-13,Sharon Hill,PA,160,3.869,39.907433,-75.267787
70926,QUARLES #4431,US-22,Allentown,PA,90,3.989,40.593648,-75.478393
70927,QUARLES #4434,SR-617,Springfield,VA,60,4.059,38.781571,-77.183921
70928,QUARLES #4435,"I-95 EXIT 41, US-1",Jessup,MD,22,3.499,39.149094,-76.776388
70929,QUARLES #4503,US-11,Martinsburg,WV,60,3.959,39.457769,-77.978212
70930,QUARLES #4504,I-81 EXIT 313A,Winchester,VA,60,3.799,39.173869,-78.176356
70931,QUARLES #4505,SR-65,Hagerstown,MD,60,3.899,39.637986,-77.723252
70933,QUARLES #4507,US-11,Winchester,VA,60,3.799,39.173869,-78.176356
70934,QUARLES #4509,I-270 EXIT 31B,Frederick,MD,60,3.599,39.436891,-77.411952
70935,QUARLES #4511,I-70 EXIT 55,Frederick,MD,60,3.599,39.436891,-77.411952
70937,QUARLES #4603,US-29/211,Warrenton,VA,60,3.799,38.717817,-77.797316
70938,QUARLES #4605,SR-606,Sterling,VA,60,3.659,39.004733,-77.405368
70939,QUARLES #4606,SR-234,Manassas,VA,60,3.859,38.746808,-77.482633
70940,QUARLES #4607,SR-28,Manassas,VA,60,3.859,38.746808,-77.482633
70941,QUARLES #4934,US-60,Sandston,VA,180,3.259,37.513062,-77.313008
70942,QUARLES #4608,SR-657,Chantilly,VA,60,3.659,38.889180,-77.442088
70943,QUARLES #4700,US-15BUS/29BUS,Culpeper,VA,60,3.799,38.470292,-77.999764
70944,QUARLES #4701,US-15 BUS & US-522,Culpeper,VA,60,3.799,38.470292,-77.999764
70945,QUARLES #4944,US-17,Bealeton,VA,60,3.759,38.583015,-77.778763
70946,QUARLES #4703,US-29 & SR-616,Ruckersville,VA,180,3.699,38.228054,-78.377478
70947,QUARLES #4946,"I-95, EXIT 130A, SR-3",Fredericksburg,VA,60,3.759,38.299272,-77.486658
70948,QUARLES #4804,I-40 EXIT 211,Greensboro,NC,65,3.649,36.094850,-79.823624
70949,QUARLES #4805,US-1 EXIT 95,Apex,NC,177,3.999,35.725577,-78.879919
70950,QUARLES #4807,I-40 EXIT 203,Kernersville,NC,65,3.199,36.106171,-80.081895
70951,QUARLES #4947,SR-7,Leesburg,VA,60,3.659,39.106396,-77.559195
70952,QUARLES #4810,I-540 EXIT 4A,Raleigh,NC,177,3.709,35.831868,-78.641042
70953,QUARLES #4948,"I-95, EXIT 126, US-1",Fredericksburg,VA,60,3.759,38.299272,-77.486658
70954,QUARLES #4811,SR-50/US-70,Garner,NC,177,3.599,35.689477,-78.614599
70955,QUARLES #4949,"I-95, EXIT 136, US-1",Fredericksburg,VA,60,3.759,38.299272,-77.486658
70956,QUARLES #4813,SR-133,Wilmington,NC,245,3.779,34.209225,-77.885767
70957,QUARLES #4950,"I-95, EXIT 126A, US-1",Fredericksburg,VA,60,3.759,38.299272,-77.486658
70958,QUARLES #4951,SR-3,Fredericksburg,VA,60,3.759,38.299272,-77.486658
70959,QUARLES #4814,US-117,Wilmington,NC,245,3.799,34.209225,-77.885767
70960,QUARLES #4962,"I-81, EXIT 222, US-250",Staunton,VA,185,2.899,38.157978,-79.061876
70961,QUARLES #4815,"I-140, EXIT 14",Wilmington,NC,245,3.799,34.209225,-77.885767
70962,QUARLES #4965,"I-295, EXIT 37A, US-360",Warsaw,VA,180,3.759,37.960351,-76.760950
70963,QUARLES #4817,"US-70, EXIT 333",Selma,NC,205,3.799,35.539726,-78.291735
70964,SEALSTON DELI,"I-95, EXIT 130A, SR-3",King George,VA,180,3.499,38.279436,-77.184308
70965,QUARLES #4822,US-401,Raleigh,NC,177,3.709,35.831868,-78.641042
70967,QUARLES #4823,I-95,Fayetteville,NC,63,3.799,35.082766,-78.973515
70968,QUARLES #4928,"I-95, EXIT 86A & SR-656",Ashland,VA,180,3.674,37.760417,-77.472414
70969,QUARLES #4824,I-40 EXIT 210,Greensboro,NC,65,3.699,36.094850,-79.823624
70970,QUARLES #4931,US-60 & SR-603,Powhatan,VA,180,3.699,37.542121,-77.927083
70973,QUARLES #4826,US HWY 29/70,High Point,NC,65,3.66566666,35.990803,-79.992713
70974,QUARLES #4933,US-60,Richmond,VA,180,3.699,37.531399,-77.476009
70975,QUARLES #4935,"I-95, EXIT 64 & SR-613",Richmond,VA,180,3.699,37.531399,-77.476009
70976,QUARLES #4827,I-40 EXIT 203,Kernersville,NC,65,3.199,36.106171,-80.081895
70977,QUARLES #4828,I-440 EXIT 13B,Raleigh,NC,177,3.709,35.831868,-78.641042
70978,QUARLES #4829,I-40 EXIT 298A,Raleigh,NC,177,3.599,35.831868,-78.641042
70979,QUARLES #4830,I-540 EXIT 3,Raleigh,NC,177,3.719,35.831868,-78.641042
70984,QUARLES #4831,US-64 EXIT 470,Rocky Mount,NC,205,3.409,35.968514,-77.808294
70986,QUARLES #4833,US-1,Youngsville,NC,177,3.699,36.035068,-78.481650
70987,QUARLES #4902,US-250/33,Richmond,VA,180,3.699,37.531399,-77.476009
70988,QUARLES #4909,I-664 EXIT 3,Hampton,VA,244,3.42566666,37.047961,-76.297293
70989,QUARLES #4911,I-264 EXIT 19B,Virginia Beach,VA,130,3.57233333,36.779525,-76.029142
70990,QUARLES #4915,I-664 EXIT 2,Hampton,VA,244,3.42566666,37.047961,-76.297293
70991,QUARLES #4917,I-64 EXIT 255,Newport News,VA,130,3.41066666,37.076136,-76.521980
70992,QUARLES #4904,I-64 EXIT 197B,Sandston,VA,180,3.259,37.513062,-77.313008
70993,QUARLES #4905,I-95 EXIT 89,Ashland,VA,180,3.699,37.760417,-77.472414
70994,QUARLES #4906,I-95 EXIT 73,Richmond,VA,180,3.699,37.531399,-77.476009
70995,QUARLES #4910,I-95 EXIT 61B,Chester,VA,180,3.799,37.352045,-77.433695
70997,QUARLES #4913,SR-76,Midlothian,VA,180,3.699,37.484382,-77.649577
70998,QUARLES #4916,I-246 EXIT 6,Portsmouth,VA,130,3.46566666,36.859339,-76.356973
71001,QUARLES #4921,I-95 EXIT 83B,Richmond,VA,180,3.699,37.531399,-77.476009
71002,QUARLES #4922,US-250,Charlottesville,VA,180,3.899,38.037658,-78.485381
71003,QUARLES #4923,I-95 EXIT 73,Richmond,VA,180,3.699,37.531399,-77.476009
71005,QUARLES #4925,I-95 EXIT 78,Richmond,VA,180,3.699,37.531399,-77.476009
71006,QUARLES #4926,I-95 EXIT 79,Richmond,VA,180,3.699,37.531399,-77.476009
71007,HAYDEN TRAVEL CENTER,"I-65, EXIT 284 & SR-160",Warrior,AL,615,3.129,33.814858,-86.815650
71009,WEIGELS #80,"I-40, EXIT 435 & US-321",Newport,TN,405,3.11566666,35.961640,-83.197695
71010,KEYSTOPS,"I-64, EXIT 17",Louisville,KY,415,3.19566666,38.224728,-85.740614
71011,Global,"I-84 E, EXIT 2 & US-6 E",Danbury,CT,100,3.459,41.398741,-73.478103
71012,ALLTOWN MARKETS #838,"I-95 N, EXIT 12",Darien,CT,100,3.83233333,41.052150,-73.479714
71013,ALLTOWN MARKETS #647,SR-3 EXIT 5,Plymouth,MA,175,3.959,41.958343,-70.663800
71014,Global,"I-95, EXIT 43 & US-1",Elkridge,MD,22,3.099,39.195483,-76.741082
71018,KWIK STAR #1076,US-218,Vinton,IA,565,3.199,42.163106,-92.026206
71019,KWIK TRIP #489,SR-3,Northfield,MN,448,3.524,44.455645,-93.170311
71020,Fast Trac 21,SR-21 & CR-50,Caldwell,TX,670,3.299,30.529807,-96.699724
71021,Amoco,"I-39 & HWY 23, EXIT 54",Oglesby,IL,290,3.199,41.293210,-89.071036
71021,Amoco,"I-39 & HWY 23, EXIT 54",Oglesby,IL,290,3.249,41.293210,-89.071036
71022,TEX BEST #530,"I-10, EXIT 628 & SR-80",Luling,TX,595,3.009,29.681747,-97.646696
71023,LOVES TRAVEL STOP #853,SR-302 & CR-313,Kermit,TX,710,3.25066666,31.853912,-103.092386
71024,LOVES TRAVEL STOP #804,US-34/US-67,Monmouth,IL,270,3.449,40.914233,-90.643075
71024,LOVES TRAVEL STOP #804,US-34/US-67,Monmouth,IL,270,3.389,40.914233,-90.643075
71024,LOVES TRAVEL STOP #804,US-34/US-67,Monmouth,IL,270,3.349,40.914233,-90.643075
71025,KWIK TRIP #644,SR-57 & SR-32,New Holstein,WI,582,3.39066666,43.949222,-88.094881
71027,Kwik Star #1068,I-35,Story City,IA,320,2.959,42.185743,-93.586885
71029,CASEYS #6445,I-355 EXIT 27 & SR-64,Lombard,IL,293,3.349,41.873844,-88.015491
71030,QUIKTRIP #1469,"I-10, EXIT 248 & SR-77",Marana,AZ,980,3.06233333,32.465936,-111.135405
71032,MAVERIK COUNTRY STORE #416,US-50 & US-95,Fallon,NV,966,3.52566666,39.473700,-118.777900
71033,MAVERIK COUNTRY STORE #560,I-580 & US-50,Carson City,NV,966,3.589,39.153060,-119.747368
71034,MAVERIK COUNTRY STORE #635,I-15 EXIT 57,Cedar City,UT,791,3.44233333,37.683847,-113.095566
71036,GOLDEN GATE PETRO,US-550,Montrose,CO,810,3.43566666,38.468783,-107.858959
71037,SUNOCO,US-220 EXIT 111,Lock Haven,PA,138,3.599,41.137115,-77.453239
71039,TURNPIKE MARKET EXPRESS,SR-5,Newton Falls,OH,573,3.259,41.192553,-80.967979
71042,SINCLAIR,I-580/US-395 EXIT 6,Carson City,NV,966,3.599,39.153060,-119.747368
71046,SPEEDWAY #9336,US-27/SR-126,Cincinnati,OH,300,3.699,39.140183,-84.505829
71047,LOVES TRAVEL STOP #722,"I-17, EXIT 262 & SR-69",Mayer,AZ,930,3.68066666,34.423271,-112.240747
71050,GILL MART CORNER STORE,US-131 & SR-216,Three Rivers,MI,465,3.699,41.945386,-85.629548
71051,SHEETZ #683,I-83 EXIT 28,York,PA,70,3.259,39.964798,-76.731840
71053,ROAD RANGER #279,"I-57, EXIT 45 & SR-148",Marion,IL,275,3.699,37.734445,-88.941164
71053,ROAD RANGER #279,"I-57, EXIT 45 & SR-148",Marion,IL,275,3.379,37.734445,-88.941164
71055,LOVES TRAVEL STOP #793,"I-840, EXIT 67 & COUCHVILLE PIKE",Mount Juliet,TN,460,3.25233333,36.199200,-86.509489
71056,SPEEDWAY #1044,US-72 & SR-20,Decatur,AL,615,3.42566666,34.572995,-86.989901
71057,LOVES TRAVEL STOP #795,US-97/US-26 & HALL RD,Madras,OR,935,3.689,44.663897,-121.160438
71058,KWIK TRIP #1090,SR-19 & SR-21,New Prague,MN,448,3.349,44.545738,-93.575585
71059,CIRCLE K #2706781,US-17 & SR-200,Yulee,FL,75,3.34233333,30.635418,-81.569584
71060,CIRCLE K #2701537,"I-77, EXIT 100 & SR-89",Mount Airy,NC,65,2.859,36.508487,-80.614538
71061,CIRCLE K #2702344,US-78 & SR-39,Williston,SC,135,3.799,33.401663,-81.421899
71062,MAVERIK COUNTRY STORE #637,"I-70, EXIT 56 & US-89",SALINA,UT,835,3.44233333,38.938839,-111.865209
71063,MAVERIK COUNTRY STORE #639,"I-40, EXIT 153",Albuquerque,NM,580,3.19733333,35.104780,-106.646809
71064,LOVES TRAVEL STOP #798,I-57 EXIT 212,Tuscola,IL,280,3.289,39.795912,-88.275483
71064,LOVES TRAVEL STOP #798,I-57 EXIT 212,Tuscola,IL,280,3.389,39.795912,-88.275483
71064,LOVES TRAVEL STOP #798,I-57 EXIT 212,Tuscola,IL,280,3.489,39.795912,-88.275483
71065,MAVERIK COUNTRY STORE #429,US-40 & SR-121,Roosevelt,UT,835,3.439,40.287727,-109.987983
71067,7-ELEVEN #41219,I-385 EXIT 9,Laurens,SC,30,3.099,34.502734,-82.021329
71071,KWIK TRIP #1074,SR-35,Somerset,WI,448,3.524,45.125706,-92.672961
71072,LOVES TRAVEL STOP #801,I-75 EXIT 102,Cordele,GA,10,3.309,31.956090,-83.770077
71073,LOVES TRAVEL STOP #803,I-57 EXIT 54B,Marion,IL,540,3.739,37.734445,-88.941164
71073,LOVES TRAVEL STOP #803,I-57 EXIT 54B,Marion,IL,540,3.749,37.734445,-88.941164
71074,Speedway #7764,SR-72 & SR-25,Dundee,IL,293,3.279,42.110435,-88.301351
71075,TEXAS TRAVEL CENTER,"I-35, EXIT 277",Jarrell,TX,595,2.83233333,30.810264,-97.615122
71076,Kwik Star #589,US-151,Marion,IA,380,3.524,42.044596,-91.586160
71077,COMMUNITY CO OPS LAKE PARK,US-10,Lake Park,MN,341,3.509,46.883760,-96.097961
71079,DK,SR-375,El Paso,TX,640,2.699,31.847780,-106.431106
71083,SPRINT FOOD #701,US-78,Augusta,GA,195,3.22566666,33.444391,-82.022096
71084,FIESTA MART #42,US-75,Tulsa,OK,560,3.16566666,36.127949,-95.902316
71085,Sunoco,SR-49,Greenville,OH,317,3.599,40.104708,-84.621450
71086,THORNTONS #318,SR-59 & SR-38,West Chicago,IL,290,3.649,41.894469,-88.221121
71086,THORNTONS #318,SR-59 & SR-38,West Chicago,IL,290,3.699,41.894469,-88.221121
71087,HALF SUN TRAVEL PLAZA,"I-90, EXIT 176",Moses Lake,WA,920,4.029,47.127850,-119.276384
71087,HALF SUN TRAVEL PLAZA,"I-90, EXIT 176",Moses Lake,WA,920,3.569,47.127850,-119.276384
71088,KARDES,US-151,Monticello,IA,335,3.399,42.230425,-91.185925
71090,CEFCO #2076,US-60 & SR-207,Panhandle,TX,585,2.94566666,35.346300,-101.380508
71091,BREAK TIME #3163,US-63 & CR-M,Moberly,MO,310,3.46233333,39.418112,-92.436544
71094,BP,US-63 & SR-137,Eddyville,IA,320,3.379,41.159335,-92.630333
71095,HOBO PANTRY #29,US-84/SR-12 & SR-95,Gordon,AL,20,3.659,31.143606,-85.092504
71096,GAS N WASH,US-30 & SR-394,Chicago Heights,IL,365,3.499,41.510684,-87.634069
71097,THORNTONS #329,"I-55, EXIT 267 & SR-53",Romeoville,IL,290,3.309,41.627924,-88.101182
71097,THORNTONS #329,"I-55, EXIT 267 & SR-53",Romeoville,IL,290,3.359,41.627924,-88.101182
71098,DANDY MINI MART #74,US-6 & SR-187,Wysox,PA,32,3.999,41.814540,-76.377646
71099,THORNTONS #336,"I-57, EXIT 335 & SR-50",Monee,IL,365,3.399,41.417833,-87.749894
71099,THORNTONS #336,"I-57, EXIT 335 & SR-50",Monee,IL,365,3.349,41.417833,-87.749894
71099,THORNTONS #336,"I-57, EXIT 335 & SR-50",Monee,IL,365,3.459,41.417833,-87.749894
71099,THORNTONS #336,"I-57, EXIT 335 & SR-50",Monee,IL,365,3.409,41.417833,-87.749894
71101,FOOD N FUEL,"I-55, EXIT 244 & SR-53",Elwood,IL,365,3.499,41.418139,-88.117170
71101,FOOD N FUEL,"I-55, EXIT 244 & SR-53",Elwood,IL,365,3.599,41.418139,-88.117170
71102,365 Food and Fuel,"I-35W/US-287, EXIT 54A & SR-183",Fort Worth,TX,637,2.97566666,32.781954,-97.348573
71103,FAT DOGS NORTH PLATTE SOUTH,"I-80, EXIT 177 & US-83",North Platte,NE,475,3.074,41.124960,-100.750359
71104,SPINX #364,"I-26, EXIT 194",Summerville,SC,475,3.399,33.005836,-80.179306
71105,SHEPHERD 700,US-64 & CR-450,Alva,OK,337,3.219,36.789566,-98.664877
71106,SECURITY OIL,"I-135, EXIT 10B & SR-96",Wichita,KS,570,3.299,37.690638,-97.345836
71107,SPARKYS ONE STOP,"US-20, EXIT 96 & SR-4",Rockwell City,IA,343,3.21566666,42.398125,-94.628870
71108,Stuckeyâ€™s Travel Center West,"I-10, EXIT 819 & FM-1663",Anahuac,TX,610,2.80733333,29.765163,-94.678502
71109,KWIK TRIP #1067,"SR-13, BETWEEN FAIRWAY & TRINITY DR",Phillips,WI,295,3.31566666,45.694035,-90.401420
71110,KWIK TRIP #1121,"I-94 & SR-26, EXIT 267",Watertown,WI,420,3.289,43.189405,-88.728910
71111,MAPCO #5167,"I-59, EXIT 21B & SR-35",Fort Payne,AL,285,3.479,34.457329,-85.689447
71112,BERKSHIRE ENERGY,"I-91, EXIT 8 & SR-80",New Haven,CT,100,3.549,41.310809,-72.924953
71113,PLATEU TRAVEL PLAZA,"I-95, EXIT 39A & US-1",Madras,OR,935,3.359,44.663897,-121.160438
71115,FASTBREAK #6,US-50/US-151 & US-41,Vincennes,IN,510,4.039,38.676621,-87.509956
71116,CEFCO #101,US-59 & SR-49,Jefferson,TX,766,2.899,32.763494,-94.350835
71117,AM-PM TRUCK STOP,"I-520/SR-415, EXIT 9 & SR-56",Augusta,GA,135,3.359,33.444391,-82.022096
71118,THORNTONS #0331,"I-35/US-51, EXIT 3 & CR-9",Roscoe,IL,520,3.469,42.425559,-89.009455
71118,THORNTONS #0331,"I-35/US-51, EXIT 3 & CR-9",Roscoe,IL,520,3.419,42.425559,-89.009455
71119,PARKER'S #69 (DISCOUNT AVAILABLE),"I-95/SR-405, EXIT 102 & US-80",Pooler,GA,195,3.12233333,32.105635,-81.256032
71120,GAS PRO TRAVEL CENTER,US-25 & SR-56,Waynesboro,GA,135,3.799,33.091279,-82.014290
71121,HAT CREEK TRAVEL,"I-10/US-70, EXIT 82A & US-180",Deming,NM,640,2.919,32.263076,-107.752490
71123,ONE9 XPRESS FUEL #1264,"I-10, EXIT 203",Eloy,AZ,930,3.139,32.741255,-111.594015
71123,XPRESS FUEL DBA ONE9 #1264,"I-10, EXIT 203",Eloy,AZ,930,3.139,32.741255,-111.594015
71124,LOVES TRAVEL STOP #761,"I-10, EXIT 343 & US-301",Jacksonville,FL,75,3.849,30.336864,-81.661603
71126,QUIKTRIP #1177,I-77 & US-21,Blythewood,SC,46,3.07566666,34.209247,-80.995293
71127,QUIKTRIP #4044,"I-10, EXIT 609",Seguin,TX,740,2.94566666,29.590227,-97.968607
71129,Queens Market,"I-85, EXIT 41 & SR-2480",Charlotte,NC,46,3.499,35.209045,-80.830990
71131,7-ELEVEN #38816,"I-85, EXIT 66 & US-29",Spartanburg,SC,210,3.30566666,34.945627,-81.925944
71132,CEFCO #104,US-259 & SR-315,Mount Enterprise,TX,618,2.959,31.911639,-94.682767
71133,AMIGOS TRAVEL CENTER,"I-35, EXIT 85 & FM-117",Dilley,TX,740,3.399,28.667517,-99.176465
71134,ALLSUPS CONVENIENCE STORE #2376,US-54/US-285 & US-60,Vaughn,NM,580,3.499,34.607206,-105.212594
71136,CIRCLE K #2706788,"I-795, EXIT 22 & US-70, EXIT 356",Goldsboro,NC,205,3.39233333,35.378226,-77.971869
71138,LUMMI BAY MARKET,"I-5, EXIT 260",Bellingham,WA,850,3.759,48.753442,-122.470179
71139,GAS N WASH,SR-47 & CR-9,Yorkville,IL,290,3.599,41.661736,-88.428596
71140,BP,"I-94, EXIT 267 & SR-26, EXIT 30",Jefferson,WI,420,3.209,43.003955,-88.808473
71141,CASEYS #3901,"I-55, EXIT 178 & CR-23",Lexington,IL,368,3.339,40.646951,-88.784141
71141,CASEYS #3901,"I-55, EXIT 178 & CR-23",Lexington,IL,368,3.359,40.646951,-88.784141
71142,LOVES TRAVEL STOP #775,US-20 & SR-2,Rockford,IL,520,3.349,42.259300,-89.063478
71142,LOVES TRAVEL STOP #775,US-20 & SR-2,Rockford,IL,520,3.289,42.259300,-89.063478
71142,LOVES TRAVEL STOP #775,US-20 & SR-2,Rockford,IL,520,3.229,42.259300,-89.063478
71142,LOVES TRAVEL STOP #775,US-20 & SR-2,Rockford,IL,520,3.269,42.259300,-89.063478
71143,CASEYS #3904,SR-141,Manning,IA,319,3.209,41.909630,-95.064442
71144,CASEYS #3675,US-12 & US-75,Ortonville,MN,250,3.379,45.302445,-96.442223
71145,CASEYS #3905,I-74/US-421 EXIT 113,Shelbyville,IN,372,3.599,39.546597,-85.776841
71146,CASEYS #2968,US-34,Eagle,NE,413,3.239,40.815943,-96.432585
71147,CASEYS #3910,US-177 & SR-33,Perkins,OK,560,3.01566666,35.979763,-97.031290
71148,CASEYS #1892,US-65,Sheffield,IA,433,3.15233333,42.888782,-93.207168
71149,KOUNTRY KORNER,SR-20,Mount Pleasant,MI,260,3.619,43.596710,-84.775972
71150,LOVES TRAVEL STOP #812,"I-84, EXIT 141",Bliss,ID,785,3.78566666,42.924284,-114.947516
71151,LOVES TRAVEL STOP #880,US-50 & SR-130,Olney,IL,510,3.289,38.728108,-88.084219
71151,LOVES TRAVEL STOP #880,US-50 & SR-130,Olney,IL,510,3.189,38.728108,-88.084219
71151,LOVES TRAVEL STOP #880,US-50 & SR-130,Olney,IL,510,3.189,38.728108,-88.084219
71151,LOVES TRAVEL STOP #880,US-50 & SR-130,Olney,IL,510,3.389,38.728108,-88.084219
71151,LOVES TRAVEL STOP #880,US-50 & SR-130,Olney,IL,510,3.339,38.728108,-88.084219
71151,LOVES TRAVEL STOP #880,US-50 & SR-130,Olney,IL,510,3.289,38.728108,-88.084219
71152,LOVES TRAVEL STOP #841,"US-24, EXIT 41",Napoleon,OH,550,3.705,41.397969,-84.124984
71152,LOVES TRAVEL STOPS #841,"US-24, EXIT 41",Napoleon,OH,550,3.689,41.397969,-84.124984
71153,KWIK TRIP #1083,SR-35,Osceola,WI,451,3.499,45.319253,-92.695792
71154,KWIK TRIP #489,CR-3,DUNDAS,MN,448,3.499,44.427691,-93.203790
71155,KWIK TRIP #1124,"SR-16, EXIT 184",Sussex,WI,444,3.37733333,43.134854,-88.226041
71158,CIRCLE K #2707533,"SR-570, EXIT 3 & SR-572",Lakeland,FL,225,3.53233333,28.055496,-81.954772
71160,CIRCLE K #4706316,"I-96, EXIT 46  & SR-6, EXIT 15",Caledonia,MI,371,3.699,42.794743,-85.517100
71160,CIRCLE K #4706316,"I-96, EXIT 46  & SR-6, EXIT 15",Caledonia,MI,371,3.639,42.794743,-85.517100
71161,CIRCLE K #2720931,"I-95, EXIT 107 & US-301",Kenly,NC,205,3.149,35.600767,-78.127935
71162,CIRCLE K #4705694,US-20 & CR-245,Norwalk,OH,305,3.614,41.244573,-82.608950
71163,DANDY MINI MART #68,"I-86/SR-17, EXIT 51A & CR-64",Elmira,NY,32,3.899,42.093388,-76.809610
71165,PALMETTO EXPRESS #115,"I-26, EXIT 125 & US-176",Gaston,SC,135,3.199,33.818006,-81.099768
71166,MAVERIK COUNTRY STORE #616,US-50,Montrose,CO,810,3.39566666,38.468783,-107.858959
71167,LOVES TRAVEL STOP #768,"I-55, EXIT 247",Channahon,IL,290,3.489,41.422789,-88.262954
71167,LOVES TRAVEL STOP #768,"I-55, EXIT 247",Channahon,IL,290,3.349,41.422789,-88.262954
71167,LOVES TRAVEL STOP #768,"I-55, EXIT 247",Channahon,IL,290,3.449,41.422789,-88.262954
71167,LOVES TRAVEL STOP #768,"I-55, EXIT 247",Channahon,IL,290,3.389,41.422789,-88.262954
71167,LOVES TRAVEL STOP #768,"I-55, EXIT 247",Channahon,IL,290,3.549,41.422789,-88.262954
71168,LOVES TRAVEL STOP #797,"I-80, EXIT 176",Winnemucca,NV,966,3.744,40.964397,-117.724642
71169,LOVES TRAVEL STOP #879,"I-69 EXIT,286 & US-24 & SR-9",Huntington,IN,370,3.50066666,40.880825,-85.505497
71170,LOVES TRAVEL STOP #849,"I-94, EXIT 292 & CR-21",Valley City,ND,390,3.969,46.922573,-98.004137
71171,TEXSTAR TRAVEL CENTER,I-35 EXIT 302,Temple,TX,765,2.91233333,31.104936,-97.388512
71172,ZIPPY JS #18,CR-577 & CR-80,Brenham,TX,670,3.199,30.158160,-96.395616
71173,ENMARKET #828,"I-95/SR-405, EXIT 102 & US-80",Pooler,GA,195,3.08233333,32.105635,-81.256032
71176,QUIKTRIP #1710,US-23/SR-365,Gainesville,GA,16,3.34566666,34.290100,-83.829106
71177,COMO TRAVEL CENTER,"I-55, EXIT 257 & SR-310",Como,MS,435,3.079,34.513561,-89.939947
71179,7-ELEVEN #41332,"I-26, EXIT 76 & SR-219",Newberry,SC,210,3.33233333,34.279880,-81.600333
71181,7-ELEVEN #38637,"I-85, EXIT 72 & I-585/US-176",Spartanburg,SC,210,3.11566666,34.945627,-81.925944
71185,SHEETZ #698,"I-78/US-22, EXIT 45 & SR-863",Kutztown,PA,90,3.329,40.521313,-75.777288
71186,7-ELEVEN #36837,US-29 & SR-904,Anderson,SC,30,3.089,34.521487,-82.643517
71187,KWIK TRIP #1041,SR-11 & CR-H,Sturtevant,WI,444,3.794,42.698900,-87.901553
71189,QUIKTRIP #1198,"I-20, EXIT 55",Lexington,SC,135,3.129,33.992877,-81.221797
71190,LOVES TRAVEL STOPS #888,"I-80/US-30, EXIT 85 & SR-374",Green River,WY,835,3.589,41.512922,-109.470796
71190,LOVES TRAVEL STOP #888,"I-80/US-30, EXIT 85 & SR-374",Green River,WY,835,3.707,41.512922,-109.470796
71191,MAVERIK COUNTRY STORE #631,I-80/5600 WEST,Salt Lake City,UT,835,3.459,40.776928,-111.930991
71193,ASAP GENERAL STORE #308,US-60 & SR-123,Bartlesville,OK,560,3.191,36.737668,-95.948454
71194,ASAP GENERAL STORE #104,"I-40, EXIT 84 & US-54",Weatherford,OK,483,3.13233333,35.537395,-98.684345
71195,ASAP GENERAL STORE #301,"I-40, EXIT 108 & US-281/SR-8",Geary,OK,483,3.13233333,35.637076,-98.316976
71196,ASAP GENERAL STORE #302,SR-33 & SR 54,Thomas,OK,483,3.13233333,35.744773,-98.739686
71197,ASAP GENERAL STORE #304,US-60/SR-51 & US-283,Arnett,OK,483,3.23233333,36.134487,-99.772706
71198,LOVES TRAVEL STOP #844,"I-90, EXIT 233 & SR-74",Saint Charles,MN,515,3.569,43.968774,-92.059860
71199,LOVES TRAVEL STOP #814,"I-22, EXIT 14 & CR-35",Hamilton,AL,576,3.55566666,34.138713,-87.970833
71200,LOVES TRAVEL STOP #730,"I-80, EXIT 440 & SR-50",Omaha,NE,319,3.28066666,41.262705,-96.053475
71201,PRIDE TRAVEL CENTER,I-91 EXIT 33,Hartford,CT,100,3.509,41.765933,-72.681579
71202,QUIKTRIP #1181,"I-26, EXIT 154B & US-301",Orangeburg,SC,42,3.23566666,33.493596,-80.866880
71206,JACKSONS FOOD STORES #138,US-95/SR-339 & SR-208,Yerington,NV,966,3.679,38.955477,-119.110120
71207,GAS N WASH,"I-80, EXIT 148B & SR-43",Tinley Park,IL,365,3.679,41.568579,-87.804217
71207,GAS N WASH,"I-80, EXIT 148B & SR-43",Tinley Park,IL,365,3.499,41.568579,-87.804217
71207,GAS N WASH,"I-80, EXIT 148B & SR-43",Tinley Park,IL,365,3.599,41.568579,-87.804217
71208,RACEWAY #6789,US-301 & SR-150,Richmond,VA,180,3.429,37.531399,-77.476009
71209,RACETRAC #2529,"I-75, EXIT 285 & SR-52",San Antonio,FL,225,3.31566666,28.339858,-82.278605
71210,RACETRAC #2515,I-820 & BUS-287,Fort Worth,TX,630,2.87733333,32.781954,-97.348573
71211,KUM & GO #0138,US-67,Jacksonville,AR,695,3.099,34.877908,-92.131475
71212,KUM & GO #0426,BUS-71,Springdale,AR,735,3.149,36.191438,-94.155062
71213,KUM & GO #0429,US-62,Rogers,AR,735,3.009,36.318085,-94.152287
71214,MAVERIK #5317,"I-76, EXIT 22",Brighton,CO,800,3.234,39.965676,-104.794056
71215,MAVERIK #5319,SR-392 & SR-257,Windsor,CO,800,3.159,40.478273,-104.915053
71216,Maverik Country Store #5337,"I-35, EXIT 102 & SR-210",Huxley,IA,320,3.09233333,41.896045,-93.592499
71217,KUM & GO #0185,US-65,Bondurant,IA,320,3.095,41.696987,-93.451486
71218,KUM & GO #1435,US-65,Fair Grove,MO,535,3.15566666,37.383321,-93.152154
71219,KUM & GO #1568,"I-44, EXIT 156",Waynesville,MO,535,3.099,37.819430,-92.219262
71221,LOVES TRAVEL STOP #786,I-435 EXIT 55,Kansas City,MO,400,3.389,39.125155,-94.550313
71223,SCOOBA JUNCTION,US-45 & SR-16,Scooba,MS,705,3.21566666,32.830179,-88.477118
71227,TEX BEST #529,SR-16 & SR-1604,Von Ormy,TX,740,3.049,29.277391,-98.657373
71228,SHELL,"I-80, EXIT 279 & SR-10",Gibbon,NE,330,3.299,40.745932,-98.845848
71229,THE PRIDE OF PALATINE,"I-90, EXIT 65 & SR-62",Palatine,IL,290,3.399,42.116467,-88.044361
71230,THE PRIDE OF LAKE COUNTY,US-12 & SR-53,Lake Zurich,IL,290,3.349,42.195009,-88.087729
71232,GATEWAY TRAVEL CENTER,US-16 & US-85,Newcastle,WY,822,3.324,43.850271,-104.196487
71233,Fuel America Travel Center #2,"I-35, EXIT 32",Encinal,TX,693,3.049,28.040475,-99.354489
71234,CHEVRON #352305,I-610 & SR-47,Chalmette,LA,725,3.139,29.944015,-89.966005
71239,CASEYS #3926,"I-29, EXIT 84 & SR-118",Mound City,MO,400,3.15733333,40.136503,-95.233739
71240,LOVES TRAVEL STOP #764,I-24 EXIT 117 ,Hillsboro,TN,285,3.32566666,35.404432,-85.954094
71241,WEIGLES #58,"I-40, Exit 356A & SR-58",Kingston,TN,405,3.169,35.872669,-84.504486
71244,MAVERIK COUNTRY STORE #644,"I-84/I-15, EXIT 344 & SR-39",Ogden,UT,835,3.37233333,41.228391,-111.968147
71245,MAVERIK COUNTRY STORE #651,"I-15, EXIT 67 & US-30",Pocatello,ID,825,3.40233333,42.871367,-112.461776
71246,TOOT N TOTUM #99,I-40 EXIT 75,Amarillo,TX,585,3.04566666,35.199903,-101.830194
71247,LOVES TRAVEL STOP #848,"I-59, Exit 104",Sandersville,MS,705,3.16233333,31.784016,-89.039758
71248,RACETRAC #2560,"I-4, EXIT-55",Davenport,FL,140,3.289,28.161193,-81.610839
71249,RACETRAC #2589,"I-20, EXIT 185",Oxford,AL,587,2.999,33.596410,-85.868219
71250,NAVAJO BLUE TRAVEL CENTER,I-40 EXIT 219,Flagstaff,AZ,930,3.609,35.185212,-111.620698
71251,RUTTERS #91,US-30 & SR-772,Gap,PA,208,4.199,39.989889,-76.021247
71252,QUIKTRIP #1178,"I-26, EXIT 54 & SR-72",Clinton,SC,210,3.099,34.473887,-81.860899
71253,QUIKTRIP #4066,"I-35, EXIT 122 & SR-173",Devine,TX,740,2.96566666,29.145834,-98.904985
71255,Fuel N Treat,"I-70/US-40, EXIT 84 & CR-J",Nelson,MO,401,3.284,38.994503,-93.030816
71256,SIGNAL FOOD STORE #120,US-60,Seymour,MO,535,3.02566666,37.147424,-92.768837
71257,FARMERS UNION SOUTHERN VALLEY,US-75 & SR-210,Wahpeton,ND,341,3.499,46.272083,-96.612203
71261,Una Travel Center,I-94 EXIT 228,Roseville,MI,325,3.899,42.507586,-82.936582
71262,LOVES TRAVEL STOP #892,"I-70, EXIT 118 & SR-310",Etna,OH,315,3.46066666,39.955172,-82.686083
71263,Loves Travel Stop # 660,"I-25, Exit 49",Walsenburg,CO,796,4.249,37.630598,-104.781719
71264,MAVERIK COUNTRY STORE #649,I-25/US-85 EXIT 220 & SR-500,Albuquerque,NM,580,3.20566666,35.104780,-106.646809
71265,U SAVE FOOD STORES 1,SR-39/SR-55,Richwood,WV,44,3.599,38.222444,-80.537959
71266,LOVES TRAVEL STOP #787,"I-81, EXIT 30 & SR-70 ",Mosheim,TN,405,3.55566666,36.195896,-82.966668
71267,LOVES TRAVEL STOP #878,"US-131/SR-43, EXIT 44",Kalamazoo,MI,431,3.649,42.275163,-85.588501
71267,LOVES TRAVEL STOP #878,"US-131/SR-43, EXIT 44",Kalamazoo,MI,431,3.589,42.275163,-85.588501
71267,LOVES TRAVEL STOP #878,"US-131/SR-43, EXIT 44",Kalamazoo,MI,431,3.689,42.275163,-85.588501
71268,MAVERIK COUNTRY STORE #650,SR 85 & W 900 S,West Jordan,UT,835,3.43233333,40.602666,-112.001255
71269,Maverik Country Store #652,I-84 & SR 79,Jerome,ID,787,3.394,42.717617,-114.515788
71270,QUIKTRIP #7904,I-20 EXIT 285 ,Abilene,TX,575,2.87566666,32.454514,-99.738147
71275,ALLSUPS CONVENIENCE STORE #2272,US-67/US-84,Bangs,TX,575,2.93233333,31.716130,-99.130320
71276,Circle K #2706617,I-4 EXIT 28,Lakeland,FL,225,3.25066666,28.055496,-81.954772
71277,CIRCLE K #2706619,I-75 EXIT 354,Ocala,FL,140,3.45733333,29.177510,-82.151025
71278,Kwik Trip #1506,SR-26,Fort Atkinson,WI,420,3.57733333,42.923982,-88.845488
71281,Pride (One9 Fuel Network) #1213,"I-40, Exit 25",Yucca,AZ,910,3.559,34.862993,-114.146145
71281,Pride Travel Center dba One9 #1213,"I-40, Exit 25",Yucca,AZ,910,3.559,34.862993,-114.146145
71282,QuikTrip #4128,SR-71,Bastrop,TX,595,2.96566666,30.111067,-97.320934
71283,QUIKTRIP #7135,US-17 ,Hardeeville,SC,195,2.999,32.295308,-81.040983
71284,Loves Travel Stop #889,"I-22, Exit 30",Holly Springs,MS,435,3.31566666,34.778017,-89.445819
71285,Shrees Truck Stop Seattle,SR-509,Seattle,WA,962,3.799,47.619335,-122.351538
71286,RACETRAC #2323,I-75 EXIT 128,Fort Myers,FL,225,3.299,26.617839,-81.831725
71287,RACETRAC #482,I-310 EXIT 2A,Saint Rose,LA,725,3.12566666,29.963475,-90.307893
71288,SHEETZ #700,"I-270, EXIT 49 & SR-317",Groveport,OH,315,3.059,39.857337,-82.891442
71289,7-ELEVEN #38835,I-75 EXIT 139,Fort Myers,FL,225,3.599,26.617839,-81.831725
71290,LOVES TRAVEL STOP #808,"US-19/SR-3, EXIT 3 & US-82",Albany,GA,10,3.789,31.578117,-84.176224
71291,HUCKS FOOD & FUEL #351 DBA ONE9 #1286,"I-57, Exit 116",Salem,IL,574,3.239,38.627537,-88.959448
71291,HUCKS FOOD & FUEL #351 DBA ONE9 #1286,"I-57, Exit 116",Salem,IL,574,3.139,38.627537,-88.959448
71291,HUCKS FOOD & FUEL #351,"I-57, Exit 116",Salem,IL,574,3.139,38.627537,-88.959448
71291,HUCKS FOOD & FUEL #351,"I-57, Exit 116",Salem,IL,574,3.099,38.627537,-88.959448
71295,MOUNTAINEER MART #33,US-33/119,Buckhannon,WV,44,3.899,38.992734,-80.228243
71298,QUIKTRIP #1923,"I-45, EXIT 229",Corsicana,TX,641,2.849,32.082404,-96.466700
71299,QUIKTRIP #7903,"I-35, EXIT 331",Waco,TX,765,2.95566666,31.557994,-97.189750
71300,SPEEDWAY #1407,"I-94, EXIT 145",Jackson,MI,385,3.599,42.243441,-84.404858
71300,SPEEDWAY #1407,"I-94, EXIT 145",Jackson,MI,385,3.549,42.243441,-84.404858
71301,Atlanta IL Visitors Center,I-55 EXIT 140,Atlanta,IL,280,3.399,40.263574,-89.230845
71302,KWIK STAR #1107,I-380 EXIT 18 ,Cedar Rapids,IA,380,3.574,41.964190,-91.679170
71303,KWIK TRIP #1132,SR-21 ,Omro,WI,582,3.37733333,44.038973,-88.736994
71305,AMIGO'S COUNTRY STORE,"I-35, EXIT 122 & SR-173",Devine,TX,740,3.099,29.145834,-98.904985
71307,Speedway #1221,"I-24/69, EXIT 27 & US-62",Calvert City,KY,415,3.449,37.046422,-88.395537
71308,QUIKTRIP #7145,"I-40, EXIT 239A",Lebanon,TN,460,2.91566666,36.199381,-86.344634
71309,SUGAR CROSSING CONVENIENCE,US-33 & CR-63,Lancaster,OH,315,3.38233333,39.725228,-82.605246
71311,CIRCLE K #708,"I-85, EXIT 64 & US-29",Opelika,AL,50,3.26566666,32.660739,-85.378890
71313,LOVES TRAVEL STOP  #821,"US-70, Exit W Main St",Durant,OK,253,3.489,33.995153,-96.392540
71314,Loves Travel Stop  #806,I-20 Exit 124,Monroe,LA,760,3.16733333,32.518986,-92.077180
71315,KWIK TRIP #1062,SR-33 ,West Bend,WI,444,3.55566666,43.417492,-88.181685
71316,KWIK TRIP #1084,SR-97,Marshfield,WI,395,3.47566666,44.663291,-90.171736
71318,LOVES TRAVEL STOP  #800,SR-83 ,Elk Grove Village,IL,290,3.449,42.005271,-87.992348
71318,LOVES TRAVEL STOP  #800,SR-83 ,Elk Grove Village,IL,290,3.379,42.005271,-87.992348
71318,LOVES TRAVEL STOP  #800,SR-83 ,Elk Grove Village,IL,290,3.489,42.005271,-87.992348
71318,LOVES TRAVEL STOP  #800,SR-83 ,Elk Grove Village,IL,290,3.549,42.005271,-87.992348
71318,LOVES TRAVEL STOP  #800,SR-83 ,Elk Grove Village,IL,290,3.649,42.005271,-87.992348
71318,LOVES TRAVEL STOP  #800,SR-83 ,Elk Grove Village,IL,290,3.589,42.005271,-87.992348
71319,LOVES TRAVEL STOP #868,"I-95, EXIT 223 ",Mims,FL,143,3.689,28.691319,-80.843999
71320,TA EXPRESS EDGERTON #284,I-35 EXIT 205 ,Edgerton,KS,400,3.699,38.769314,-94.965141
71321,Kwik Star #1119,US-18 ,Emmetsburg,IA,433,3.449,43.114798,-94.679579
71322,KWIK TRIP #1101,US-141,Crivitz,WI,582,3.304,45.233350,-88.006947
71323,MAVERIK COUNTRY STORE #517,SR-114 & E MILL RD,Orem,UT,835,3.44066666,40.298067,-111.699463
71324,7-ELEVEN #38992,"I-85/US-29, EXIT 40 & I-185, EXIT 12",Piedmont,SC,30,3.499,34.705617,-82.466746
71325,QUIKTRIP #7223,"I-20, EXIT 23 & SR-782-2",Bossier City,LA,745,2.89233333,32.523674,-93.655426
71326,CIRCLE K #4705730,"I-480 & SR-82, EXIT 36",Twinsburg,OH,249,3.989,41.322594,-81.443123
71327,MAVERIK COUNTRY STORE #668,"I-80, EXIT 313",Laramie,WY,795,3.24566666,41.311544,-105.606884
71328,IRVING,US-1  ,Norwood,MA,170,3.694,42.187364,-71.195971
71329,SPEEDWAY #1439,I-20 Exit 100,Mc Calla,AL,615,2.90233333,33.303112,-87.026660
71330,JORDAN MINI MART,SR- 31 & CR-59,Jordan,NY,220,3.799,43.067069,-76.472920
71330,JORDAN MINI MART,SR- 31 & CR-59,Jordan,NY,220,3.859,43.067069,-76.472920
71331,KWIK TRIP #1106,SR-13 & SR-64,Medford,WI,395,3.42233333,45.135433,-90.343502
71332,ALLSUPS CONVENIENCE STORE #2308,SR-128 & SR-18,Jal,NM,710,3.129,32.114838,-103.189996
71333,ALLSUPS CONVENIENCE STORE #2105,"I-20, EXIT 332 & US-183",Cisco,TX,575,2.929,32.387425,-98.981920
71334,ALLSUPS CONVENIENCE STORE #2278,SR-302 & SR-18,Kermit,TX,710,3.089,31.853912,-103.092386
71335,ALLSUPS CONVENIENCE STORE #2367,"I-27/US-87, EXIT 49B & US-70",Plainview,TX,585,2.909,34.191118,-101.723500
71336,ALLSUPS CONVENIENCE STORE #2180,US-84 & US-180,Snyder,TX,612,2.98566666,32.713561,-100.911902
71337,ALLSUPS CONVENIENCE STORE #2229,US-377 & SR-108,Stephenville,TX,630,3.159,32.214544,-98.219885
71338,KWIK TRIP #755,US-18 ,Fennimore,WI,335,3.424,42.985668,-90.653242
71339,CASEYS #3934,"I-35, EXIT 89 & CO-R6F",Ankeny,IA,320,3.099,41.731281,-93.601074
71340,KWIK TRIP #180,US-14/SR-68,New Ulm,MN,425,3.349,44.312067,-94.468896
71341,QUIKTRIP #7147,"I-40, EXIT 172 & SR-46",Dickson,TN,460,2.91566666,36.063320,-87.368842
71342,CASEYS #3505,US-212 ,Stewart,MN,425,3.369,44.723772,-94.486595
71343,ALLSUPS CONVENIENCE STORE #2014,US-377/US-67,Dublin,TX,630,3.159,32.087765,-98.338865
71344,ALLSUPS CONVENIENCE STORE #2061,US-84 & US-380,Post,TX,700,2.944,33.190910,-101.381519
71345,ALLSUPS CONVENIENCE STORE #2084,US-377 & CR-234,Brownwood,TX,575,2.949,31.712856,-98.977053
71346,ALLSUPS CONVENIENCE STORE #2094,US-277 & US-83,Abilene,TX,575,2.889,32.454514,-99.738147
71347,ALLSUPS CONVENIENCE STORE #2128,"I-20, EXIT 301 & CR-276",Clyde,TX,575,2.889,32.405586,-99.503918
71348,ALLSUPS CONVENIENCE STORE #2142,US-62/US-180,Hobbs,NM,593,3.38233333,32.729089,-103.160588
71349,ALLSUPS CONVENIENCE STORE #2204,SR-115 & CR-201,Wink,TX,710,3.089,31.754497,-103.154117
71350,ALLSUPS CONVENIENCE STORE #2206,US-385 & SR-176,Andrews,TX,710,3.39233333,32.321336,-102.551846
71351,ALLSUPS CONVENIENCE STORE #2207,US-377/US-67 & SR-36,Comanche,TX,575,3.159,31.900484,-98.604364
71352,ALLSUPS CONVENIENCE STORE #2223,US-285 & SR-357,Artesia,NM,700,3.399,32.852173,-104.424570
71353,ALLSUPS CONVENIENCE STORE #2246,US-84 & SR-268,Melrose,NM,585,3.81233333,34.429478,-103.629365
71354,ALLSUPS CONVENIENCE STORE #2247,US-377 & SR-16,Comanche,TX,575,3.16233333,31.900484,-98.604364
71355,ALLSUPS CONVENIENCE STORE #2249,US-377 & US-281 ,Stephenville,TX,630,3.159,32.214544,-98.219885
71356,ALLSUPS CONVENIENCE STORE #2266,I-20 & US-285 ,Pecos,TX,710,3.379,31.471918,-103.701761
71357,ALLSUPS CONVENIENCE STORE #2279,SR-115 & SR-18,Kermit,TX,710,3.089,31.853912,-103.092386
71358,ALLSUPS CONVENIENCE STORE #2285,US-285 & US-62,Carlsbad,NM,593,3.194,32.400790,-104.241012
71359,ALLSUPS CONVENIENCE STORE #2350,"I-20, EXIT 285 & US-83",Abilene,TX,575,2.87566666,32.454514,-99.738147
71360,ALLSUPS CONVENIENCE STORE #2353,US-76/US-277,San Angelo,TX,612,3.19566666,31.441078,-100.450499
71362,ALLSUPS CONVENIENCE STORE #2359,US-377/US-67 & CR-498,Stephenville,TX,630,3.159,32.214544,-98.219885
71363,ALLSUPS CONVENIENCE STORE #2360,FM-988 & FM-8,Stephenville,TX,630,3.159,32.214544,-98.219885
71364,QUICK FUEL #3188,I-75 ,Sidney,OH,317,3.33233333,40.289527,-84.166729
71365,COLES BP,SR 49,Brownsville,WI,582,3.099,43.614608,-88.495215
71366,AMOCO,SR 31,Kenosha,WI,444,3.719,42.587526,-87.879996
71367,ROAD RANGER #280,"I-20, EXIT 79 & SR-464",Monahans,TX,710,3.459,31.655721,-103.083694
71368,Kwik Star #1071,I-280 E and US-61 N,Davenport,IA,270,3.324,41.556820,-90.603948
71369,MR GAS TRAVEL CENTER #21,I-84 EXIT 59A,Boise,ID,785,3.69566666,43.598050,-116.231596
71370,MAVERIK COUNTRY STORE #645,"I-40, Exit 16",Gallup,NM,580,3.159,35.513753,-108.743733
71371,BREAK TIME #3167,US-65 & HWY-HH,Sedalia,MO,310,3.294,38.705239,-93.235819
71372,Simonson Station,US-71 & SR-34,Park Rapids,MN,458,3.599,46.916394,-95.057932
71376,7-ELEVEN #41127,SR-29,Labelle,FL,95,3.559,26.720952,-81.452477
71377,7-ELEVEN #38485,I-76 Exit 25,Brighton,CO,800,3.599,39.965676,-104.794056
71378,QUIKTRIP #1410,"I-10, EXIT 136B & SR-202, EXIT 78A",Phoenix,AZ,930,3.369,33.572154,-112.090132
71379,QUIKTRIP #7211,"I-30/US-67/US-70, EXIT 128 ",Little Rock,AR,695,3.049,34.725393,-92.358556
71381,KWIK TRIP #1112,US-63 & SR-77,Hayward,WI,295,3.639,46.006588,-91.489684
71382,KWIK TRIP #346,US-151 BUS & CR-G/CR-D,Beaver Dam,WI,582,3.19566666,43.475368,-88.827871
71383,Caseys #3940,I-69 & SR 4,Ashley,IN,465,3.59733333,41.521494,-85.061398
71384,CASEYS #3944,I-29 & CR-106,Tea,SD,530,3.199,43.455572,-96.824052
71385,CASEYS #3907,I-675 & SR-235,Fairborn,OH,411,3.679,39.799578,-84.008482
71386,CASEYS #3952,SR-1 & SR-9,Hoopeston,IL,368,3.249,40.460824,-87.663572
71386,CASEYS #3952,SR-1 & SR-9,Hoopeston,IL,368,3.259,40.460824,-87.663572
71386,CASEYS #3952,SR-1 & SR-9,Hoopeston,IL,368,3.189,40.460824,-87.663572
71386,CASEYS #3952,SR-1 & SR-9,Hoopeston,IL,368,3.239,40.460824,-87.663572
71387,CASEYS #3954,"I-80, Exit 168",Newton,IA,320,3.249,41.696337,-93.040512
71388,CASEYS #3850,US HWY 77 ,Wahoo,NE,319,3.174,41.217120,-96.617844
71389,SPEEDWAY #1590,"I-95, EXIT 193",Dillon,SC,205,3.12566666,34.425179,-79.369294
71390,SPEEDWAY #7269,I-270 EXIT 6B,Granite City,IL,540,3.519,38.729283,-90.125472
71390,SPEEDWAY #7269,I-270 EXIT 6B,Granite City,IL,540,3.379,38.729283,-90.125472
71390,SPEEDWAY #7269,I-270 EXIT 6B,Granite City,IL,540,3.459,38.729283,-90.125472
71391,QUIKTRIP #7210,I-40 EXIT 142,North Little Rock,AR,695,3.049,34.781752,-92.235057
71392,Loves Travel Stop #834,SR 17 & SR 1,Grant Park,IL,290,3.329,41.242747,-87.635847
71392,Loves Travel Stop #834,SR 17 & SR 1,Grant Park,IL,290,3.379,41.242747,-87.635847
71393,CASEYS #3303,HWY 15 AND HWY 55,Kimball,MN,451,3.199,45.314330,-94.300807
71394,QUIKTRIP #955,"I-35W, EXIT 26A & US-67",Alvarado,TX,630,2.97566666,32.409379,-97.210786
71395,KWIK TRIP #340,US-18 & SR-23,Dodgeville,WI,420,3.489,42.966011,-90.129717
71397,RACEWAY #6971,US-82/SR-520,Leesburg,GA,10,3.109,31.732058,-84.168546
71398,KWIK STAR #1089,SR 415,Polk City,IA,320,3.159,41.781886,-93.722758
71399,Loves Travel Stop  #809,"I-70 & MO Hwy D, Exit 31",Bates City,MO,400,3.22066666,39.003936,-94.063391
71401,KWIK TRIP #1169,"I-694, EXIT 52B & SR-36",Saint Paul,MN,448,3.51566666,44.948901,-93.104063
71402,FIREBIRD FUEL #6196,US-60 & SR-303,Surprise,AZ,930,3.383,33.670801,-112.452546
71404,Flyers #3200,"I-17, Exit 215B",Phoenix,AZ,930,3.35233333,33.572154,-112.090132
71405,FLYERS #3201,"US-60, Exit 157",Phoenix,AZ,930,3.369,33.572154,-112.090132
71406,FLYERS #3203,"I-10, Exit 139",Phoenix,AZ,930,3.319,33.572154,-112.090132
71407,FLYERS #3204,SR 202,Phoenix,AZ,930,3.35233333,33.572154,-112.090132
71408,Flyers #3205,"I-17, Exit 195B",Phoenix,AZ,930,3.38233333,33.572154,-112.090132
71410,Flyers #3213,"US-60, Exit 181",Mesa,AZ,930,3.35233333,33.399355,-111.715968
71411,Flyers #3214,"I-10, Exit 161C",Chandler,AZ,930,3.35233333,33.282765,-111.851819
71412,FLYERS #3215,SR 87,Chandler,AZ,930,3.35233333,33.282765,-111.851819
71413,Flyers #3216,"US 60, Exit 194",Apache Junction,AZ,930,3.42233333,33.382766,-111.540509
71416,FLYERS #3225,"I-10, Exit 255",Tucson,AZ,980,3.359,32.153036,-110.870773
71417,Flyers #3227,"I-10, Exit 263A",Tucson,AZ,980,3.35566666,32.153036,-110.870773
71418,Quick Fuel #3228,"I-10, Exit 264",Tucson,AZ,980,3.36233333,32.153036,-110.870773
71421,FLYERS #3236,"SR 601, Exit 22",El Paso,TX,640,3.229,31.847780,-106.431106
71428,KWIK TRIP #1140,SR-69/SR-92 & HWY-CC,Belleville,WI,420,3.604,42.864018,-89.539616
71429,QUIKTRIP #1432,SR 202 EXIT 76,Phoenix,AZ,930,3.369,33.572154,-112.090132
71430,QUIKTRIP #7144, US-31W,Goodlettsville,TN,460,2.91566666,36.333030,-86.704229
71433,Kwik Star #1146,US HWY 151,Cedar Rapids,IA,380,3.624,41.964190,-91.679170
71434,KWIK STAR #1154,"SR 18 & SR 60, Exit 34",Sheldon,IA,433,3.199,43.179596,-95.843346
71435,QUIKTRIP #1036,I-85 Exit 40,Charlotte,NC,46,3.304,35.209045,-80.830990
71436,GOOD 2 GO #213,I-90 EXIT 58 & US-16,Buffalo,WY,836,3.525,44.338545,-106.715344
71437,GOOD 2 GO #121,I-15 EXIT 113,Idaho Falls,ID,825,3.479,43.489616,-112.035340
71438,LOVES TRAVEL STOP #893,US-80 & SR-307,Savannah,GA,195,3.289,32.012457,-81.194157
71439,LOVES TRAVEL STOP #802,I-10 EXIT 26,Milton,FL,20,3.339,30.629636,-87.051407
71440,MAVERIK COUNTRY STORE #667,"I-90, EXIT 289 & SR-27",Spokane,WA,970,3.989,47.666935,-117.433322
71440,MAVERIK COUNTRY STORE #667,"I-90, EXIT 289 & SR-27",Spokane,WA,970,3.999,47.666935,-117.433322
71440,MAVERIK COUNTRY STORE #667,"I-90, EXIT 289 & SR-27",Spokane,WA,970,3.969,47.666935,-117.433322
71440,MAVERIK COUNTRY STORE #667,"I-90, EXIT 289 & SR-27",Spokane,WA,970,3.979,47.666935,-117.433322
71441,MAVERIK COUNTRY STORE #678,US-191,Vernal,UT,835,3.44233333,40.451670,-109.538083
71442,RACETRAC #2597,"I-65, EXIT 91 & US-31W",Elizabethtown,KY,415,2.919,37.703738,-85.879869
71443,LOVES TRAVEL STOP #810,US-33 & SR-540,Bellefontaine,OH,411,3.35233333,40.362468,-83.762780
71444,One9 #1318,"I-44, Exit 88",Strafford,MO,416,2.98566666,37.268711,-93.117963
71445,SPEEDWAY #1051,I-90 & I-94 Exit 69,Mauston,WI,420,3.299,43.799976,-90.079554
71446,SPEEDWAY #4221,I-80 Exit 292,Davenport,IA,320,3.749,41.556820,-90.603948
71447,KWIK TRIP #612,SR-116 ,Winneconne,WI,582,3.53233333,44.111314,-88.711977
71449,MAVERIK COUNTRY STORE #628,I-15 & CR-215,Las Vegas,NV,910,3.35566666,36.233499,-115.264037
71450,MAVERIK COUNTRY STORE #664,I-25 EXIT 203 ,Los Lunas,NM,580,3.20233333,34.800870,-106.788691
71452,ALLSUPS CONVENIENCE STORE #2016,SR-214 & SR-114,Morton,TX,700,3.399,33.724820,-102.759210
71453,ALLSUPS CONVENIENCE STORE #2025,US-285,Roswell,NM,593,3.28566666,33.373442,-104.529393
71454,ALLSUPS CONVENIENCE STORE #2036,SR-18,Hobbs,NM,593,3.399,32.729089,-103.160588
71455,ALLSUPS CONVENIENCE STORE #2043,US-62,Idalou,TX,700,2.96566666,33.662399,-101.683697
71456,ALLSUPS CONVENIENCE STORE #2058,"I-40, Exit 332 & SR-209",Tucumcari,NM,585,3.355,35.170291,-103.705046
71457,ALLSUPS CONVENIENCE STORE #2075,US-70 & SR-6,Crowell,TX,770,3.199,33.983561,-99.724374
71458,ALLSUPS CONVENIENCE STORE #2082,SR-70,Spur,TX,700,3.199,33.476582,-100.850215
71460,ALLSUPS CONVENIENCE STORE #2101,SR-136,Fritch,TX,585,3.149,35.643066,-101.596432
71461,ALLSUPS CONVENIENCE STORE #2111,US-87 & ,Texline,TX,585,2.96566666,36.376494,-103.018876
71462,ALLSUPS CONVENIENCE STORE #2138,CR-61,Hobbs,NM,593,3.38233333,32.729089,-103.160588
71463,ALLSUPS CONVENIENCE STORE #2146,SR-18,Hobbs,NM,593,3.21233333,32.729089,-103.160588
71464,ALLSUPS CONVENIENCE STORE #2153,US-277,Haskell,TX,575,3.539,33.159775,-99.732032
71465,ALLSUPS CONVENIENCE STORE #2173,US-20,Sweetwater,TX,575,2.84566666,32.469389,-100.408651
71466,ALLSUPS CONVENIENCE STORE #2185,US-380 & 9TH ST,Aspermont,TX,575,3.36566666,33.140921,-100.224867
71467,ALLSUPS CONVENIENCE STORE #2192,SR-86 & SR-207,Silverton,TX,585,3.159,34.471372,-101.304049
71468,ALLSUPS CONVENIENCE STORE #2212,SR-6,Stamford,TX,575,3.129,33.046193,-99.597021
71469,ALLSUPS CONVENIENCE STORE #2227,SR-114 ,Morton,TX,700,3.399,33.724820,-102.759210
71470,ALLSUPS CONVENIENCE STORE #2267,"I-20, EXIT 42 & CR-761",Pecos,TX,710,3.379,31.471918,-103.701761
71471,ALLSUPS CONVENIENCE STORE #2269,SR-524 & CR-658 ,Carlsbad,NM,593,3.249,32.400790,-104.241012
71472,ALLSUPS CONVENIENCE STORE #2276,HWY 84 & CR-466,Hermleigh,TX,612,2.97233333,32.640775,-100.750485
71473,ALLSUPS CONVENIENCE STORE #2378,US-BUS 287 & SR-25,Electra,TX,770,2.999,34.032294,-98.920245
71474,PILOT #1292,US-290 & SR-21,Paige,TX,765,3.499,30.212944,-97.125841
71476,KWIK TRIP #493,US HWY 12,Whitewater,WI,420,3.499,42.837439,-88.734282
71477,KWIK TRIP #1141,SR 54,Luxemburg,WI,582,3.48233333,44.544227,-87.706721
71478,RACEWAY #6970,SR-1 & Coker Rd,Rome,GA,193,3.199,34.266133,-85.186052
71479,RACETRAC #118,I-575 & SR-15,Jasper,GA,193,3.309,34.466199,-84.435863
71480,Loves Travel Stop #836,US-87,Dalhart,TX,585,3.43566666,36.057423,-102.512212
71481,Loves Travel Stop #843,"I-29, Exit 187",Drayton,ND,341,3.56566666,48.562060,-97.179496
71482,LOVES TRAVEL STOP #789,"I-15, Exit 277",Great Falls,MT,815,3.77233333,47.502518,-111.299970
71484,CIRCLE K #2745064,"I-75/SR-401, EXIT 101 & US-280/SR-30",Cordele,GA,10,2.999,31.956090,-83.770077
71485,Circle K #2709088,US-521 & SR-9,Lancaster,SC,46,3.299,34.724035,-80.779336
71486,HUCKS FOOD & FUEL #338,US-50/US-150 & US-41 BUS,Vincennes,IN,510,3.959,38.676621,-87.509956
71486,HUCKS FOOD & FUEL #338 DBA PILOT DEALER #1294,US-50/US-150 & US-41 BUS,Vincennes,IN,510,3.959,38.676621,-87.509956
71487,LOVES TRAVEL STOP #835,"I-15, EXIT 163 & SR-99",Fillmore,UT,835,3.685,38.964259,-112.338671
71487,LOVES TRAVEL STOPS #835,"I-15, EXIT 163 & SR-99",Fillmore,UT,835,3.599,38.964259,-112.338671
71488,LOVES TRAVEL STOP #816,"I-90, EXIT 284",Kimball,SD,506,3.57066666,43.746962,-98.956559
71490,LOVES TRAVEL STOP #818,"I-20, EXIT 205 & SR-46",Heflin,AL,615,3.20733333,33.647400,-85.569339
71491,SPEEDWAY #1520,"I-55, EXIT 58 & SR-80",Matthews,MO,460,3.189,36.756800,-89.567477
71492,LOVES TRAVEL STOP #839,"I-64, EXIT 92",Leavenworth,IN,415,3.949,38.200084,-86.350105
71493,NEW TRAVEL PLAZA,I-20 EXIT 86,Ruston,LA,590,3.06566666,32.532986,-92.635327
71494,SPEEDWAY/7FLEET #7008,"I-90, EXIT 48A & SR-77",Corfu,NY,190,3.889,42.961163,-78.402610
71495,SPEEDWAY #1212,"I-65, EXIT 99 & US-31",Greenwood,IN,375,3.59733333,39.603372,-86.105227
71496,SPEEDWAY/7fleet #1052,US-30 & SR-57,Orrville,OH,249,3.499,40.848267,-81.776894
71498,KWIK TRIP #1143,US HWY 45,Antigo,WI,395,3.50733333,45.141269,-89.155225
71499,KWIK TRIP #1130,US HWY 151/18,Mount Horeb,WI,420,3.589,43.005939,-89.731704
71500,KWIK TRIP #1114,SR-35,Holmen,WI,515,3.33066666,43.971004,-91.266306
71502,ROAD RANGER #281,I-20 EXIT 332,Cisco,TX,575,3.14066666,32.387425,-98.981920
71503,LOVES TRAVEL STOP #093,US-80 & US-400/US-50,Garden City,KS,525,3.729,37.975876,-100.850884
71504,MAVERIK COUNTRY STORE #378,"I-84/I-15, EXIT 346 & SR-126",Ogden,UT,835,3.379,41.228391,-111.968147
71505,KWIK TRIP #1029,I-43 & SR-20,East Troy,WI,444,3.174,42.785184,-88.395573
71506,KWIK STAR #1165,SR-60  ,Sibley,IA,433,3.224,43.401476,-95.743031
71509,MAPLEFIELDS IRVING,I-91 & US-2,Saint Johnsbury,VT,39,3.599,44.430445,-72.008582
71510,RACETRAC #2601,"I-64, Exit 58",Frankfort,KY,410,2.919,38.194966,-84.865877
71511,RACETRAC #2592,US HWY 29,Athens,GA,16,3.31233333,33.927979,-83.353823
71512,RACETRAC #2603,Country Road 527,Orlando,FL,140,3.299,28.472818,-81.320242
71514,LOVES TRAVEL STOP #817,SR-136,Santa Teresa,NM,640,3.26233333,31.871360,-106.673424
71515,LOVES TRAVEL STOP #824,"I-64 & SR-37, Exit 80",Mount Vernon,IL,574,3.589,38.314205,-88.917470
71515,LOVES TRAVEL STOP #824,"I-64 & SR-37, Exit 80",Mount Vernon,IL,574,3.349,38.314205,-88.917470
71515,LOVES TRAVEL STOP #824,"I-64 & SR-37, Exit 80",Mount Vernon,IL,574,3.449,38.314205,-88.917470
71515,LOVES TRAVEL STOP #824,"I-64 & SR-37, Exit 80",Mount Vernon,IL,574,3.389,38.314205,-88.917470
71516,LOVES TRAVEL STOP #833,"I-90, EXIT 61 & US-20",Ripley,NY,38,3.879,42.265686,-79.712302
71517,7-ELEVEN #41905,I-85 & CR-2120,Salisbury,NC,46,3.749,35.666161,-80.492629
71518,SPEEDWAY/7Fleet #9305,SR-18 & SR-1,Forrest City,AR,460,3.174,35.013599,-90.793207
71519,SPEEDWAY #1506,US-231 & SR-271,Montgomery,AL,720,3.04233333,32.348503,-86.267307
71520,KWIK TRIP #1104,SR-35/65 & SR-29,River Falls,WI,451,3.40566666,44.860850,-92.625708
71521,KWIK TRIP #1065,US-12 & SR-89,Whitewater,WI,420,3.424,42.837439,-88.734282
71522,Y NOT STOP BARBER SPUR,SR-10 & SR-13,Ville Platte,LA,730,3.499,30.689858,-92.274165
71523,QUIKTRIP #7170,I-59 EXIT 77,Cottondale,AL,615,2.91566666,33.193047,-87.454861
71524,Loves Travel Stop #813,"I-77, Exit 112",North Canton,OH,249,3.62733333,40.874177,-81.397228
71525,LOVES TRAVEL STOP #796,"I-40, EXIT 432B & U-25W/US-411/US-70",Newport,TN,405,3.689,35.961640,-83.197695
71526,LOVES TRAVEL STOP #820,"I-90, EXIT 41 & SR-414",Waterloo,NY,190,4.149,42.904586,-76.859023
71527,D & C FUEL EAST,US-6/SR-92,Tunkhannock,PA,200,3.699,41.541084,-75.949058
71528,GOOD 2 GO #218,I-90 EXIT 25 & US-14,Sheridan,WY,836,3.44233333,44.796219,-106.964166
71529,Kwik Trip #1161,US-BUS 53,Eau Claire,WI,295,3.40733333,44.818343,-91.494769
71531,BERT'S TRAVEL PLAZA,SR-33,Wellsville,KS,400,3.31566666,38.717662,-95.077862
71534,GOLDEN GATE - YERINGTON,SR-339 & US-95 ALT,Yerington,NV,966,3.71566666,38.955477,-119.110120
71535,GOLDEN GATE BATTLE MOUNTAIN,"I-80, EXIT 233",Battle Mountain,NV,966,3.339,40.628371,-116.948553
71536,PILOT TRAVEL CENTERS  #1106,"I-25/US-85, EXIT 215 & SR-47",Albuquerque,NM,580,3.56566666,35.104780,-106.646809
71542,CIRCLE K #2706625,US-85,Eaton,CO,795,3.399,40.525685,-104.712987
71543,THE SOCO GROUP #4,SR-111,El Centro,CA,900,4.839,32.786351,-115.560206
71555,Kwik Trip #307,SR-35/US-18,Prairie Du Chien,WI,335,3.599,43.041618,-91.135408
71556,KWIK TRIP #1167,"HWY 29, EXIT 108",Thorp,WI,295,3.45233333,44.957957,-90.802185
71557,MUSKOGEE TRAVEL PLAZA,US-69,Muskogee,OK,560,3.01566666,35.743797,-95.356405
71558,ALLSUPS #2384,US-60,Friona,TX,585,2.994,34.639434,-102.723118
71559,ALLSUPS CONVENIENCE STORE #2228,US-83 & CR-613,Tuscola,TX,575,2.91733333,32.211560,-99.798256
71560,CIRCLE K #2709675,"I-25, EXIT 41 & SR-543/SR-26",Hatch,NM,640,3.799,32.673119,-107.161993
71561,ABBOTTS TRAVEL CENTER,I-35 EXIT 359,Abbott,TX,765,3.06566666,31.885139,-97.074106
71562,PILOT #1317,I-90 EXIT 28,Fultonville,NY,12,3.999,42.946229,-74.369778
71563,Kwik Star #1081,SR-9 ,Decorah,IA,515,3.579,43.301618,-91.784750
71564,GRAB N GO,SR-200 & SR-22,Killdeer,ND,273,3.549,47.368751,-102.746201
71565,CIRCLE K #2741253,"SR 375, Exit 39",El Paso,TX,640,3.19566666,31.847780,-106.431106
71566,Mankato Travel Center,US HWY 14 & SR 22,Mankato,MN,425,3.499,44.171126,-93.975048
71567,PRIDE CONVENIENCE STORE,"I-91, EXIT 40 & SR-20",East Granby,CT,100,3.649,41.929718,-72.745384
71568,QUIKTRIP #294,I-35 ,Gardner,KS,485,2.999,38.808984,-94.920564
71570,STEELE 66 TRUCK PLAZA,Hwy O & CR-425,Steele,MO,418,3.399,36.094790,-89.862102
71571,RACETRAC #2587,I-75 & US-98,Brooksville,FL,140,3.299,28.516578,-82.404665
71572,7-ELEVEN #41525,US-460 & SR-630,Disputanta,VA,180,2.999,37.123551,-77.224856
71573,RACETRAC #2588,I-4 & US-301,Tampa,FL,225,3.299,27.970086,-82.479673
71574,RACETRAC #2594,US-441 ,Dublin,GA,85,2.999,32.535471,-82.928807
71575,Racetrac #2308,SR-161,Irving,TX,630,2.93566666,32.857748,-96.970022
71576,RACETRAC #2429,SR-161,Irving,TX,630,2.90066666,32.857748,-96.970022
71577,TOOT N TOTUM #130,US-87 & Dorsey Rd,Clayton,NM,585,3.199,36.446033,-103.148863
71578,RACETRAC #2595,I-65 EXIT 284,Alabaster,AL,615,2.999,33.214355,-86.823080
71579,KWIK TRIP #1138,SR 28,Sheboygan,WI,444,3.24233333,43.738713,-87.731531
71580,MAVERIK COUNTRY STORE #676,"I-15/I-84, EXIT 376 & SR-13",Tremonton,UT,835,3.444,41.718178,-112.187719
71582,LOVES TRAVEL STOP #847,US-601 & SR-207,Pageland,SC,46,3.38566666,34.770117,-80.385705
71583,CIRCLE K #2706993,SR 27 N,Lake Wales,FL,225,3.799,27.920697,-81.599505
71586,ALLTOWN FRESH,US-9 & SR-23,Livingston,NY,12,3.699,42.138944,-73.797118
71586,ALLTOWN FRESH,US-9 & SR-23,Livingston,NY,12,3.659,42.138944,-73.797118
71590,TA SPRINGER,I-25 EXIT 419,Springer,NM,580,3.529,36.365411,-104.600218
71592,THE WOODSHED,US-59 & SR-10,Welch,OK,307,3.099,36.874408,-95.094399
71594,BP,US-20 & SR13,Middlebury,IN,465,3.799,41.670559,-85.708679
71595,Hucks Market #100,US-36,Hannibal,MO,494,3.13233333,39.710208,-91.394044
71597,Allsups #2380,US-84,Sudan,TX,700,3.199,34.066414,-102.524194
71598,Allsups #2381,SR-199,Azle,TX,630,2.919,32.895547,-97.539230
71600,TA EXPRESS #290,"I-45, EXIT 198 & FM-27",Fairfield,TX,765,3.439,31.717440,-96.170483
71601,Circle K #2723479,"I-40, EXIT 306B & US-70",Garner,NC,205,3.369,35.689477,-78.614599
71603,FLYERS #3223,US-70/191,Safford,AZ,980,3.86233333,32.833298,-109.697418
71604,MAVERIK COUNTRY STORE #669,"I-80, Exit 113 & SR-172",Salt Lake City,UT,835,3.44566666,40.776928,-111.930991
71605,Allsups Convenience Store #2377,US-70 & US-54,Alamogordo,NM,640,3.06233333,32.883619,-105.963607
71606,Allsups #2396,HWY 62 82 179,Wolfforth,TX,700,2.91566666,33.508510,-102.005497
71607,Loves Travel Stop #827,"I-90, Exit 174",Moses Lake,WA,970,3.889,47.127850,-119.276384
71608,Loves Travel Stop #842,"I-194, eXIT 164",Saint Cloud,MN,448,3.29066666,45.526658,-94.171007
71609,QUIKTRIP #73,"US-75, US 62",Henryetta,OK,560,3.02566666,35.441655,-95.986416
71610,FRIENDLY GUS #25,US-80 & SR-338,Dudley,GA,85,3.83233333,32.533480,-83.083619
71612,RACEWAY #6898,"I-95, EXIT 373 & HWY A1A",Yulee,FL,75,3.27066666,30.635418,-81.569584
71614,7-ELEVEN #41808,"I-85, EXIT 106 & US-29",Blacksburg,SC,210,3.359,35.122089,-81.518119
71615,HUTCHS #128,US-62 & US-281/SR-8,Anadarko,OK,483,2.999,35.065296,-98.244469
71616,ALLSUPS CONVENIENCE STORE #2382,"I-20, EXIT 366 & US-281 ",Mineral Wells,TX,630,2.94566666,32.823483,-98.078798
71617,CIRCLE K #2709087,US-98/US-19,Chiefland,FL,75,3.58233333,29.491791,-82.866119
71618,Loves Travel Stop #837,"I-35, Exit 52",Cameron,MO,400,3.689,39.743977,-94.232367
71619,7-ELEVEN # 41365,"I-840/I-785, EXIT 18 & US-70",Greensboro,NC,65,3.199,36.094850,-79.823624
71621,TOOT N TOTUM #127,"I-27, Exit 49B",Plainview,TX,585,2.89566666,34.191118,-101.723500
71622,Circle K #2706628,SR-193 & SR-163 ,Theodore,AL,715,3.39233333,30.538686,-88.187573
71623,Circle K #2706637,US-43,Grove Hill,AL,715,3.719,31.698670,-87.772868
71624,MAVERIK COUNTRY STORE #681,"I-80, Exit 410",West Wendover,NV,835,3.38566666,40.740253,-114.078633
71625,MAVERIK COUNTRY STORE #679,US-160/285 & SR-17,Alamosa,CO,803,3.349,37.474528,-105.876956
71627,QUIKTRIP #1730,I-75 EXIT 185,Forsyth,GA,85,3.089,33.039361,-83.934443
71628,QUIKTRIP #7171,I-65 EXIT 231,Calera,AL,615,2.999,33.122319,-86.745644
71629,KWIK TRIP #1139,SR-95 & SR-65,Cambridge,MN,451,3.399,45.560772,-93.227702
71630,CIRCLE K #2701524,"US-52, Exit 134 & SR-268",Pilot Mountain,NC,65,3.429,36.383939,-80.474220
71631,RACEWAY #6891,SR-20 & SR-67,Decatur,AL,615,3.099,34.572995,-86.989901
71632,Loves Travel Stop #819,SR-21 & SR-275,Rincon,GA,195,3.33066666,32.294690,-81.235348
71634,76,"US HWY 278, US HWY 45",Tupelo,MS,742,3.149,34.270604,-88.732455
71635,Racetrac #2610,US-231,Murfreesboro,TN,460,3.049,35.853915,-86.421224
71636,RACETRAC #2580,US-41 & SR-268,Murfreesboro,TN,460,3.03233333,35.853915,-86.421224
71637,HORSESHOE #4,SR-114,Smyer,TX,700,2.959,33.587382,-102.163501
71638,QUIKTRIP #4032,"I-35, EXIT 176",Schertz,TX,740,2.91566666,29.563327,-98.250866
71639,PAR MAR FOOD STORE #13,"I-77, EXIT 1 & SR-7",Hannibal,OH,430,3.899,39.671843,-80.871549
71640,RACETRAC #2544,SR-81 & SR-316,Bethlehem,GA,16,3.31233333,33.937948,-83.709982
71641,76,I-17,Phoenix,AZ,930,3.23233333,33.572154,-112.090132
71642,MAVERIK COUNTRY STORE #398,HWY 89 & LAKE POWELL BLVD,Page,AZ,930,3.45566666,36.941815,-111.513283
71643,Pilot #1319,I-35 Exit 30,Alvarado,TX,630,3.20566666,32.409379,-97.210786
71644,CHISUM TRAVEL CENTER #38,I-20 EXIT 210,Colorado City,TX,612,2.92566666,32.399486,-100.858304
71646,SPEEDWAY #6542,"I-10, Exit 192",Midway,FL,155,3.599,28.792398,-81.231279
71647,QUIKTRIP #667,I-44 Exit 189,Rolla,MO,392,2.98233333,37.945940,-91.761202
71648,QUIKTRIP #7149,I-24 Exit 8,Clarksville,TN,460,2.91566666,36.566430,-87.345216
71649,Allsups Convenience Store #2385,US-183 & US-180,Breckenridge,TX,575,3.30733333,32.756751,-98.912985
71650,ALLSUPS CONVENIENCE STORE #2405,SR-208 & SR-158,Robert Lee,TX,612,3.26566666,31.895705,-100.485006
71651,QUIKTRIP #4151,"I-35, Exit 220",Buda,TX,595,2.91566666,30.074520,-97.851239
71652,CIRCLE K #4705575,SR-261,Akron,OH,249,3.769,41.080456,-81.521429
71653,MAVERIK COUNTRY STORE #701,US-160,Durango,CO,614,3.299,37.264534,-107.874124
71654,LOVES TRAVEL STOP  #851,"I-39/US-51, EXIT 111 & SR-72",Monroe Center,IL,520,3.749,42.099934,-88.994399
71656,CASEYS #3268,US-59 & SR-119,Appleton,MN,522,3.44566666,45.199475,-96.022226
71657,CASEYS #2855,US HWY 63,Cabool,MO,535,3.259,37.126482,-92.103217
71659,Loves Travel Stop #646,"I-84, Exit 71",Willington,CT,100,4.359,41.897267,-72.251848
71661,Loves Travel Stop #822,"I-40,  Exit 57 & S Crawford St",Clarksville,AR,695,3.39233333,35.453918,-93.481558
71662,PUMP & PANTRY #33,SR-22/39,Genoa,NE,330,3.289,41.445874,-97.733273
71663,Allsups #2388,I-27 & SR-217,Canyon,TX,585,2.90066666,34.990291,-101.918951
71664,RUTTERS #95,SR-9,Martinsburg,WV,22,3.999,39.457769,-77.978212
71666,Circle K#2746513,SR-13/SIOUX TRL,Savage,MN,448,3.799,44.759057,-93.364213
71667,7-Eleven #38986,"I-75, EXIT 301 & US-98",Brooksville,FL,225,3.399,28.516578,-82.404665
71668,7-ELEVEN #41572,I-77 & US-70,Statesville,NC,46,2.859,35.783369,-80.871654
71672,7-ELEVEN #41573,US-67,Glen Rose,TX,765,3.589,32.246824,-97.748052
71673,7-ELEVEN #41792,"I-85, EXIT 27",Anderson,SC,30,2.959,34.521487,-82.643517
71674,Kwik Trip #1177,SR-65,Cambridge,MN,451,3.424,45.560772,-93.227702
71676,CIRCLE K #4702409,US-52,Lafayette,IN,375,3.15733333,40.399410,-86.862806
71679,TOOT N TOTUM #22,FM 1541 & FM 1151,Amarillo,TX,585,2.96733333,35.199903,-101.830194
71680,Alexs Shelby Truck Stop,US HWY 278 & SR 32,Shelby,MS,655,3.199,33.950528,-90.765091
71681,WASPYS TRUCK STOP,US-71,Audubon,IA,319,3.31566666,41.718019,-94.928372
71682,Gas N Wash,"SR 83, SR 50, I-294",Alsip,IL,365,3.399,41.670270,-87.737085
71682,Gas N Wash,"SR 83, SR 50, I-294",Alsip,IL,365,3.499,41.670270,-87.737085
71682,Gas N Wash,"SR 83, SR 50, I-294",Alsip,IL,365,3.299,41.670270,-87.737085
71683,GAS N WASH,US HWY 6,Joliet,IL,365,3.799,41.516866,-88.147963
71685,ON THE ROAD 110,US-59,Diboll,TX,618,3.199,31.188315,-94.782885
71686,Allsups #2391,I-20 Exit 269,Merkel,TX,575,2.87566666,32.469731,-100.011096
71687,ALLSUPS #2386,I-20 EXIT 216,Colorado City,TX,612,2.94233333,32.399486,-100.858304
71688,KWIK TRIP #1151,"I-90, EXIT 183 & CR-BT",Beloit,WI,420,3.374,42.523506,-89.017660
71691,ALLSUPS #2399,US-287 & SR-207,Claude,TX,585,2.929,35.107367,-101.362882
71692,GXP #200,"I-85/SR-403, EXIT 140 & SR-82",Jefferson,GA,16,3.239,34.136239,-83.602157
71694,J&H Family Store,"I-96, Exit 19",Coopersville,MI,456,3.599,43.065467,-85.933752
71694,J&H Family Store,"I-96, Exit 19",Coopersville,MI,456,3.499,43.065467,-85.933752
71695,KWIK TRIP #1126,US-14/US-61,La Crosse,WI,444,3.384,43.824685,-91.224616
71696,SUPER SAVE #10,I-220 EXIT 1A,Shreveport,LA,745,3.199,32.466879,-93.792193
71697,LOVES TRAVEL STOP #829,I-80 EXIT 81,Brookville,PA,14,4.019,41.161676,-79.082652
71698,Kwik Star #1142,hwy 6,Iowa City,IA,380,3.134,41.655654,-91.530863
71699,KWIK TRIP #597,"I-94, EXIT 344 & SR-31",Kenosha,WI,444,3.744,42.587526,-87.879996
71700,ARCO,US-19/US-98/US-27Alt & CR-30A,Perry,FL,75,3.699,30.109053,-83.582275
71701,CIRCLE K #2746510,SR 32,De Pere,WI,360,3.349,44.430990,-88.079936
71702,SHOP AND SAVE,US-220 & CR-734,Ridgeway,VA,65,3.909,36.578174,-79.858290
71704,QUIKTRIP #962,"I-30, Exit 61A",Garland,TX,630,2.89733333,32.909826,-96.630334
71705,STRIPES #41980,"I-37, EXIT 11A",Corpus Christi,TX,625,3.199,27.754252,-97.173385
71706,QUIKTRIP #1176,I-77Exit 2,West Columbia,SC,135,3.309,33.990130,-81.099354
71707,QUARLES #4437,US HWY 30,Lancaster,PA,208,3.999,40.042061,-76.300990
71708,QUARLES #4936,I-95 Exit 69,Richmond,VA,180,3.699,37.531399,-77.476009
71709,MAPCO EXPRESS #7553,SR 153 EXIT 2,Chattanooga,TN,285,2.994,35.065958,-85.248386
71710,KWIK STAR #1180,SR-141,Perry,IA,320,3.06066666,41.837907,-94.093255
71712,MAVERIK COUNTRY STORE #693,"I-70, Exit 160 & hwy 191",Green River,UT,810,3.28233333,38.993460,-110.173424
71713,Pilot #1383,"I-555, Exit 39",Jonesboro,AR,435,3.489,35.819755,-90.679033
71713,Pilot Dealer #1383,"I-555, Exit 39",Jonesboro,AR,435,3.439,35.819755,-90.679033
71714,RACETRAC #2576,SR-997 & SR-994,Miami,FL,95,3.28733333,25.775163,-80.208615
71715,Allsups Convenience Store #2401,US-87,San Angelo,TX,612,3.19566666,31.441078,-100.450499
71716,Allsups #2404,US-62,Carlsbad,NM,593,3.194,32.400790,-104.241012
71717,Kwik Trip #1199,US-14 ,Darien,WI,345,3.199,42.599001,-88.714273
71718,KWIK STAR #1158,US-30,Ames,IA,320,3.174,42.026327,-93.621264
71719,LOVES TRAVEL STOP #832,"I-35, EXIT 129 ",Forest Lake,MN,515,3.36233333,45.250831,-92.966920
71721,HUCKS FOOD & FUEL #314,US-50/150,Washington,IN,510,3.46233333,38.658226,-87.160361
71722,MAVERIK #5392,FM-16,Keenesburg,CO,800,3.154,40.155173,-104.563420
71723,ALLSUPS CONVENIENCE #2398,SR-70,Pampa,TX,585,3.079,35.547853,-100.965030
71724,ALLSUPS CONVENIENCE #2403,US-180,Mineral Wells,TX,630,3.00566666,32.823483,-98.078798
71725,Allsups Convenience Store #2406,US-67,Rankin,TX,710,3.499,31.225360,-101.939438
71726,Kwik Trip #1152,US HWY 169,Saint Peter,MN,425,3.724,44.329282,-93.967656
71735,Loves Travel Stop #811,US-395,Pasco,WA,925,4.589,46.266113,-119.121426
71735,Love's #811,US-395,Pasco,WA,925,4.589,46.266113,-119.121426
71736,Racetrac #2312,US-41/SR-92,Acworth,GA,18,3.209,34.061991,-84.681121
71737,RACETRAC #2605,"I-295, EXIT 25",Jacksonville,FL,75,3.249,30.336864,-81.661603
71738,KWIK TRIP #1196,"US-151, EXIT 21 ",Platteville,WI,335,3.514,42.727923,-90.468103
71739,TA EXPRESS #418,"I-16/SR-404, EXIT 116 & US-301/25",Register,GA,135,3.28566666,32.364530,-81.880493
71740,SPRINT FOODS #735,US-78/US-1 & SR-19,Aiken,SC,135,3.17233333,33.531594,-81.725073
71741,SPRINT FOOD STORE #733,"I-20, EXIT 183 & US-221",Harlem,GA,135,3.599,33.435349,-82.316065
71769, DUCK THRU FOOD STORE #60,US HWY 64,Spring Hope,NC,205,3.469,35.944126,-78.108966
71770,ONVO TRAVEL PLAZA,"I-81, Exit 155",Mountain Top,PA,200,3.58733333,41.135302,-75.904430
71771,BREAK TIME #3170,SR-13 & HWY-T,Bolivar,MO,535,3.374,37.606697,-93.416709
71772,Kwik Trip #1137,US-8,Saint Croix Falls,WI,451,3.524,45.411370,-92.624694
71773,KWIK STAR #710,US-30 EXIT-202,Toledo,IA,565,3.399,41.990174,-92.580342
71774,CASEYS #4292,1020 5TH ST ,Carrollton,IL,574,3.289,39.294493,-90.406894
71774,CASEYS #4292,1020 5TH ST ,Carrollton,IL,574,3.239,39.294493,-90.406894
71774,CASEYS #4292,1020 5TH ST ,Carrollton,IL,574,3.429,39.294493,-90.406894
71775,Caseys #3950,US-270 & US-54,Liberal,KS,525,3.319,37.046108,-100.927706
71776,QUIKTRIP #7172,"I-85/US-29, EXIT 58 & SR-169",Opelika,AL,50,2.999,32.660739,-85.378890
71779,TCI PHOENIX,"I-10, EXIT 138 & US-202, EXIT 76 ",Phoenix,AZ,930,2.92233333,33.572154,-112.090132
71784,7-ELEVEN #41750,I-4 & SR-33,Lakeland,FL,225,3.289,28.055496,-81.954772
71785,7-ELEVEN #41266,I-81 & SR-924,Hazleton,PA,200,3.839,40.950470,-75.972509
71786,SHEETZ #751,I-76 EXIT 91,Donegal,PA,165,3.259,40.112020,-79.380772
71787,PUMP & PANTRY #55,US-159 & US-73,Falls City,NE,486,3.239,40.062208,-95.599013
71792,KWIK TRIP #1147,US-71 & SR-60,Windom,MN,425,3.349,43.873552,-95.119136
71793,QUARLES #4602,"SR-267, EXIT 8B & SR-606",Sterling,VA,60,3.659,39.004733,-77.405368
71794,KWIK TRIP #1174,US-51 & US-2,Ironwood,MI,334,3.479,46.452209,-90.150432
71794,KWIK TRIP #1174,US-51 & US-2,Ironwood,MI,334,3.139,46.452209,-90.150432
71794,KWIK TRIP #1174,US-51 & US-2,Ironwood,MI,334,3.459,46.452209,-90.150432
71794,KWIK TRIP #1174,US-51 & US-2,Ironwood,MI,334,3.159,46.452209,-90.150432
71794,KWIK TRIP #1174,US-51 & US-2,Ironwood,MI,334,3.179,46.452209,-90.150432
71795,CIRCLE  K #2654290,I-85 EXIT 13,Lagrange,GA,50,3.899,33.026980,-85.038261
71797,KWIK STAR #1186,"I-80/US-6, EXIT 142 & US-65",Altoona,IA,320,3.199,41.650639,-93.480018
71798,Space Age #202,"I-5, EXIT 52 ",Castle Rock,WA,935,3.659,46.271858,-122.903925
71800,Stuckeys Travel Plaza,"I-44, EXIT 179",Newburg,MO,535,2.97233333,37.915584,-91.900374
71801,Love's Travel Stop #869,US HWY 75,Le Mars,IA,527,3.45566666,42.781514,-96.173311
71802,ALLSUPS #2407,I-10 EXIT 259,Fort Stockton,TX,710,3.029,30.892574,-102.884210
71803,KENT KWIK #321,I-20 EXIT 143,Midland,TX,710,2.94066666,32.024642,-102.113467
71804,GAS N WASH,I-88 EXIT 114,Montgomery,IL,290,3.599,41.721028,-88.358114
71805,RACETRAC #2583,I-24E,La Vergne,TN,460,2.899,36.022237,-86.559384
71806,RACETRAC #2600,SR-70,Okeechobee,FL,140,3.299,27.241608,-80.829311
71807,KWIK TRIP #1270,SR-172,Green Bay,WI,582,3.29066666,44.521542,-87.986568
71808,WEIGELS #100,SR 153,Chattanooga,TN,405,3.01566666,35.065958,-85.248386
71811,7-ELEVEN #41826,SR-722 & SR-283,Lancaster,PA,70,4.129,40.042061,-76.300990
71812,KWIK TRIP #1198,I-43 & Hwy AA,Oostburg,WI,444,3.24233333,43.624134,-87.788108
71813,Kweik Star #1156,SR-150 & SR-3,Oelwein,IA,565,3.58233333,42.671581,-91.912787
71814,TEX-BEST #531,US-90,Uvalde,TX,740,2.874,29.215184,-99.777215
71815,MAVERIK COUNTRY STORE #688,I-15 EXIT 339,Ogden,UT,835,3.38566666,41.228391,-111.968147
71816,MAVERIK COUNTRY STORE #694,I-15 EXIT 222,Nephi,UT,835,3.40566666,39.704759,-111.833365
71817,KWIK TRIP #1128,US-12,Altoona,WI,295,3.33233333,44.799963,-91.439585
71818,TA EXPRESS RIVERTON #433,I-72 EXIT 108,Riverton,IL,318,3.469,39.846145,-89.536367
71818,TA EXPRESS RIVERTON #433,I-72 EXIT 108,Riverton,IL,318,3.439,39.846145,-89.536367
71818,TA EXPRESS RIVERTON #433,I-72 EXIT 108,Riverton,IL,318,3.409,39.846145,-89.536367
71823,MARKER 126,US HWY 20,Duncombe,IA,343,3.059,42.469788,-93.996792
71824,QuikTrip #4052,US 181 S,San Antonio,TX,740,2.92233333,29.462809,-98.524635
71826,KWIK TRIP #1183,US-2,Bessemer,MI,334,3.159,46.477579,-90.049836
71826,KWIK TRIP #1183,US-2,Bessemer,MI,334,3.139,46.477579,-90.049836
71826,KWIK TRIP #1183,US-2,Bessemer,MI,334,3.179,46.477579,-90.049836
71826,KWIK TRIP #1183,US-2,Bessemer,MI,334,3.479,46.477579,-90.049836
71826,KWIK TRIP #1183,US-2,Bessemer,MI,334,3.459,46.477579,-90.049836
71827,KWIK TRIP #1188,US-12,Cokato,MN,451,3.474,45.076721,-94.187548
71828,KWIK TRIP #1209,SR-42,Sturgeon Bay,WI,582,3.58233333,44.822676,-87.369806
71829,KWIK TRIP #1043,US-53/SR-194,Duluth,MN,334,3.499,46.774458,-92.134135
71830,One9 #1330,"I-40/US-63, EXIT 216 & US-49",Brinkley,AR,695,3.199,34.889781,-91.189819
71830,One9 Travel Center #1330,"I-40/US-63, EXIT 216 & US-49",Brinkley,AR,695,3.199,34.889781,-91.189819
71831,Loves Travel Stop #865,"I-35, Exit 186",Perry,OK,483,3.389,36.280149,-97.308190
71832,SHEETZ #753,SR 3,Seville,OH,249,3.08233333,41.020726,-81.867136
71833,Circle K #2706636,US HWY 43,Jackson,AL,715,3.899,31.532321,-87.891183
71835,CUZZS TRAVEL DEPOT,US 43 N,Thomasville,AL,715,3.599,31.915011,-87.737204
71836,DUCK THRU FOOD STORE #59,US 13 EXIT 119,Greenville,NC,205,3.499,35.596431,-77.375256
71837,RUTTERS #86,"US-15, EXIT 17 & SR-26",Frederick,MD,70,3.899,39.436891,-77.411952
71839,RUTTERS #92,US-222 & SR-737,Kutztown,PA,90,3.699,40.521313,-75.777288
71840,NEON MARKETPLACE,"SR-79, EXIT 10",Fall River,MA,175,3.949,41.725351,-71.094162
71841,Quick Fuel #3193,US-69,Kansas City,KS,400,3.34566666,39.122539,-94.741781
71844,HD EXPRESS MART,US 20,Clyde,OH,550,3.379,41.303585,-82.979425
71845,ALLSUPS #2424,US 180,Millsap,TX,630,2.984,32.749910,-98.011469
71848,CLIFTON SUPER STOP,"I-16, EXIT 104",Metter,GA,195,3.249,32.394510,-82.062432
71849,TOOT N TOTUM #128,I-40 EXIT 57,Amarillo,TX,585,3.089,35.199903,-101.830194
71850,CEDAR GROVE OASIS,"I-43, Exit 113",Cedar Grove,WI,444,3.239,43.568247,-87.822969
71851,PWI #164,I-35/US-77 & FM-3115,Abbott,TX,765,2.89233333,31.885139,-97.074106
71852,KWIK TRIP #1164,US-63,Spooner,WI,295,3.599,45.825917,-91.886125
71853,Landmark Travel Center,I-20 EXIT 301,Clyde,TX,575,2.90066666,32.405586,-99.503918
71854,EXXON DBA Pilot #1289,US 75 EXIT 72,Denison,TX,630,3.239,33.766936,-96.580667
71855,BYRNE DAIRY #136,I-90 Exit 37,Liverpool,NY,220,3.659,43.105566,-76.209664
71856,GO TIME #7,"I-75, EXIT 29",Corbin,KY,410,2.999,36.931584,-84.100790
71857,QUIKTRIP #1196,"I-20, EXIT 11 & SR-144",Graniteville,SC,135,3.159,33.564682,-81.809231
71858,QUIKTRIP #7224,"I-20, EXIT 112",West Monroe,LA,719,2.89233333,32.512341,-92.151068
71859,ALLSUPS #2415,SR 6,Meridian,TX,765,2.96566666,31.926600,-97.649091
71860,PILOT #1347,"I-59, EXIT 5A",Pearl River,LA,725,3.164,30.371353,-89.750359
71862,Loves Travel Stop #863,I-90 & SR-528,Madison,OH,305,3.849,41.772258,-81.052983
71864,MPC #30,"I-44, Exit 195",Saint James,MO,540,2.98566666,38.002356,-91.613372
71865,RACETRAC #574,"I-30, EXIT 68",Rockwall,TX,630,2.924,32.918056,-96.438050
71866,RACETRAC #2615,"I-65, EXIT 128",Louisville,KY,415,2.919,38.224728,-85.740614
71867,HOLIDAY STATIONSTORE #2653855,US-12,Aberdeen,SD,530,3.10733333,45.464678,-98.468104
71868,RACETRAC #2456,SR-44 & CR-491,Lecanto,FL,140,3.31566666,28.825093,-82.499790
71869,PORT FUEL CENTER,"I-516, EXIT 7B & SR-21",Port Wentworth,GA,195,3.18233333,32.192015,-81.205725
71870,Circle K #2706479,US-280,Sylacauga,AL,615,3.799,33.188670,-86.274799
71871,KWIK TRIP #1133,US-10 & SR-85,Durand,WI,295,3.43066666,44.622405,-91.960308
71872,KWIK STAR #1189,"I-80, EXIT 110",De Soto,IA,320,3.224,41.537777,-94.009953
71873,KWIK TRIP #1182,"I-35E, EXIT 123B",Hugo,MN,448,3.37733333,45.164225,-92.960105
71874,Rutters #85,I-76 & US-30,Bedford,PA,14,4.099,40.015115,-78.503017
71875,LOVES TRAVEL STOP #615,US-59 & US-79,Carthage,TX,618,3.10233333,32.152046,-94.337111
71876,LOVES TRAVEL STOP #861,"I-75, EXIT 72 & SR-72",Loudon,TN,285,3.58733333,35.737244,-84.362102
71877,LOVES TRAVEL STOP #859,"I-80, EXIT 116 & US-6",Morris,IL,290,3.789,41.380229,-88.424332
71878,LOVES TRAVEL STOP #872,SR-78 & CR-27,Lancaster,OH,315,3.27566666,39.725228,-82.605246
71879,Gas N Wash Schoolhouse,FM-74,New Lenox,IL,399,3.699,41.510022,-87.970002
71883,QUIKTRIP #4178,SR-130,Hutto,TX,595,2.91566666,30.540966,-97.543009
71886,QUIKTRIP #7136,US-17,Brunswick,GA,195,3.074,31.136149,-81.466936
71887,SHELL,I-80 & SR-63,Greenwood,NE,413,3.399,40.961687,-96.443043
71888,KJS ALPINE,US HWY 26,Alpine,WY,825,3.799,43.172857,-111.020875
71889,Payson Cardlock,SR 260 & SR 87,Payson,AZ,930,3.709,34.243841,-111.318964
71890,Carter Flagstaff Cardlock (Bulk Plant),I-40 Exit 198,Flagstaff,AZ,930,3.689,35.185212,-111.620698
71892,Tropic Fleet Bradenton Cardlock,US 301,Bradenton,FL,225,3.499,27.489798,-82.576804
71893,Tropic Fleet Rechtien Cardlock,SR-934,Miami,FL,95,3.471,25.775163,-80.208615
71894,Majors 663 Nacogdoches Truck Plaza,US-259 & US-59,Nacogdoches,TX,618,3.029,31.612364,-94.652046
71897,ONE9 XPRESS FUEL #1349,I-10 EXIT 140B,Van Horn,TX,640,3.459,31.040670,-104.834156
71898,Loves Travel Stop #867,I-55 Exit 165,Normal,IL,280,3.389,40.520140,-88.992234
71898,Loves Travel Stop #867,I-55 Exit 165,Normal,IL,280,3.489,40.520140,-88.992234
71899,LOVES TRAVEL STOP #882,US-61/SR-92 ,Muscatine,IA,270,3.439,41.419058,-91.067946
71902,MURPHY EXPRESS #8928,FM-1472,Laredo,TX,693,2.84566666,27.560379,-99.489181
71903,ALLSUPS #2412,SR 199 W,Springtown,TX,630,2.919,32.969300,-97.680424
71904,SHEETZ #745,I-90 EXIT 212,Madison,OH,305,3.08233333,41.772258,-81.052983
71906,COMPASS TRAVEL CENTER,"I-65, EXIT 230",Demotte,IN,365,3.24233333,41.199271,-87.195453
71909,RACETRAC #2604,I-75 Exit 126,Mcdonough,GA,67,3.199,33.439611,-84.148899
71910,KWIK TRIP #793,"I-35, EXIT 59",Faribault,MN,448,3.424,44.299709,-93.278946
71911,MAVERIK COUNTRY STORE #706,SR-10,Castle Dale,UT,835,3.439,39.221661,-111.022676
71912,FUEL CITY WYLIE,SR-78,Wylie,TX,630,2.96566666,33.029144,-96.527032
71913,Circle K #4702456,I-69,Martinsville,IN,375,3.599,39.414711,-86.431699
71914,HUCKS FOOD & Fuel #309,I-169 Exit 8,Hopkinsville,KY,490,3.474,36.839284,-87.473544
71916,Spinx 317,US-17 ALT,Moncks Corner,SC,42,3.31233333,33.199763,-79.986603
71919,THE SPORTSMAN 2 TRAVEL PLAZA,I-35 EXIT 480,Sanger,TX,630,2.97566666,33.382098,-97.165412
71922,Plaza of The Flint Hills,I-70 Exit 32B,Alma,KS,553,3.299,39.015681,-96.287096
71923,SHEETZ #740,US-23  & SR-752,Ashville,OH,315,3.10233333,39.725092,-82.955291
71924,JIFFY,I-80 Exit 60,Shippenville,PA,240,4.13233333,41.250993,-79.462626
71925,QUIKTRIP #7140,"I-24, EXIT 175 & US-41",Chattanooga,TN,285,2.91566666,35.065958,-85.248386
71926,QUIKTRIP #186,SR-150,Grandview,MO,400,3.199,38.881359,-94.522744
71927,Allsups Convenience #2420,US 283,Altus,OK,770,2.979,34.657061,-99.309046
71929,STUCKEYS TRAVEL CENTER,I-10 & FM-365,Beaumont,TX,610,2.824,30.084912,-94.145330
71931,QUIKTRIP #7071,I-75 & SR-133/401,Valdosta,GA,10,3.03233333,30.850126,-83.278833
71932,MCCLURE OIL #60,US 35,Logansport,IN,370,3.799,40.748067,-86.354722
71933,RHODES CONVENIENCE STORES,US-62,Sikeston,MO,275,3.35066666,36.883729,-89.587199
71934,SHEETZ #759,I-71 & SR-734,Jeffersonville,OH,315,3.06566666,39.649616,-83.558138
71935,SPEEDWAY #1695,I-87 EXIT 23,Albany,NY,12,3.849,42.665745,-73.798353
71936,QUIKTRIP #7907,I-44 EXIT 1D,Wichita Falls,TX,770,2.859,33.906654,-98.525848
71937,KWIK TRIP #1173,CR-10,Waconia,MN,451,3.60733333,44.841530,-93.790092
71941,RACETRAC #2628,I-85 EXIT 62 & US-280,Opelika,AL,50,2.999,32.660739,-85.378890
71942,BYRNE DAIRY #135,I-81 & SR-481,Liverpool,NY,220,4.199,43.105566,-76.209664
71943,DK #11823,I-20 & FM-1768,Midland,TX,612,2.98233333,32.024642,-102.113467
71944,DK #13903,SR-108,Texarkana,AR,635,3.04066666,33.436339,-93.987118
71945,DK #13904,I-40 EXIT 233 & SR-261,Palestine,AR,695,3.01566666,34.970307,-90.908225
71946,Allsups #102450,US-87,Eden,TX,739,3.179,31.216246,-99.843965
71947,PETRO USA,I-76 EXIT 2 & SR-3,Seville,OH,305,3.079,41.020726,-81.867136
71948,19 AND 75 FILLING STATION,US-75 & SR-19,Ivanhoe,MN,432,3.394,44.464282,-96.251729
71949,24 STORE SHELBY,SR-61,Shelby,OH,249,3.499,40.885138,-82.658308
71950,77/36 DUCHESS,I-77 & US-36,Newcomerstown,OH,542,3.299,40.275264,-81.596034
71951,7-ELEVEN #39448,I-81 & SR-682,Mount Crawford,VA,185,3.31566666,38.360875,-78.941035
71953,ALEX'S TRUCK STOP,US-61,Tunica,MS,435,3.299,34.688137,-90.380937
71957,B&M Quickstop,SR-8,Mineral Point,MO,540,3.699,37.945577,-90.724632
71958,BELL STORES,I-77 & CR-80,Dover,OH,249,3.399,40.530048,-81.481028
71960,BELL STORES #1159,US-30 & CR-144,Wooster,OH,249,3.659,40.819060,-81.931557
71961,BELL STORES #54,US-250 & SR-241,Mount Eaton,OH,249,3.499,40.694805,-81.702164
71962,BELLSTORES,SR-598,Galion,OH,315,3.499,40.738216,-82.781327
71965,CIRCLE K #2709989,US-167 & CR-405,Sheridan,AR,695,3.599,34.321575,-92.443067
71966,BLACK DIAMOND TRAVEL CENTER,I-26 & SR-173,Unicoi,TN,405,3.40233333,36.221771,-82.329224
71967,BLOC STOP TRAVEL CENTER,US-19 & SR-133,ALBANY,GA,10,3.799,31.578117,-84.176224
71968,BLONDIES FOOD AND FUEL,US-90 & SR-69,Grand Ridge,FL,20,3.59066666,30.704252,-85.015205
71969,BORDERVIEW GROCERY,US-11 & CR-19,Champlain,NY,39,3.799,44.988281,-73.432429
71970,BLUE BIRD 3 EXPRESS,"US-78, EXIT 1",Olive Branch,MS,435,3.199,34.955752,-89.841153
71971,BOUND BROOK BP,I-287 Exit 13B & SR-28,Bound Brook,NJ,202,3.249,40.567749,-74.537250
71972,BOWMAN,I-81 Exit 1,Williamsport,MD,22,3.83233333,39.597350,-77.817972
71973,SHEETZ #703,I-40 & US-70,Garner,NC,177,2.859,35.689477,-78.614599
71975,BP,I-81 & SR-177,Christiansburg,VA,185,3.799,37.140663,-80.404512
71976,Loves Travel Stop #828,"I-295, EXIT 33",Jacksonville,FL,75,3.28233333,30.336864,-81.661603
71977,BP,SR-47,Sugar Grove,IL,296,3.599,41.777407,-88.446525
71978,BP,I-29 & US-34,Pacific Junction,IA,319,3.399,41.017975,-95.799453
71979,KENT KWIK #219,SR-338,Odessa,TX,710,3.00733333,31.880461,-102.345314
71980,KENT KWIK #433,US-87,San Angelo,TX,739,3.13233333,31.441078,-100.450499
71981,SHEETZ #488,US-13 & US-264,Greenville,NC,205,2.899,35.596431,-77.375256
71982,MAVERIK COUNTRY STORE #665,SR-201,Magna,UT,835,3.399,40.759538,-112.182730
71983,MAVERIK COUNTRY STORE #702,I-80 Exit 59,Sidney,NE,475,3.11233333,41.133633,-102.969540
71984,BP,I-43 & SR-11,Elkhorn,WI,420,3.149,42.671601,-88.536256
71985,Brew #12,US-20 & SR-31,Correctionville,IA,527,3.559,42.477592,-95.783158
71988,C AND W GLOBAL,SR-429 & SR-438,Winter Garden,FL,140,3.074,28.541217,-81.597043
71990,Allsups #2418,US-84,Snyder,TX,612,2.97233333,32.713561,-100.911902
71991,TA Express Fairview #943,US 36,Fairview,KS,570,3.299,39.839579,-95.728101
71992,7-ELEVEN #41263,US-13,Bridgeville,DE,243,3.399,38.725150,-75.602811
71994,7-ELEVEN #42058,SR-572,Lakeland,FL,225,3.48233333,28.055496,-81.954772
71996,BP,"I-43, EXIT 164 & CR-Z",Maribel,WI,360,3.249,44.278597,-87.802126
71997,7-ELEVEN #41287,SR-29,Immokalee,FL,64,3.679,26.424012,-81.421556
71999,7-ELEVEN #41813,"I-85, EXIT 60",Duncan,SC,46,3.099,34.930707,-82.143754
72000,7-ELEVEN #41309,US-41,Nokomis,FL,225,3.379,27.123799,-82.435785
72001,7-Eleven #41963,"I-65, EXIT 98",Goodlettsville,TN,460,3.049,36.333030,-86.704229
72003,7-ELEVEN #42012,"I-77, EXIT 24 & US-21",Blythewood,SC,210,3.109,34.209247,-80.995293
72004,7-ELEVEN #41578,US-13,Seaford,DE,243,3.359,38.657254,-75.613378
72006,CIRCLE K #4707123,SR-2,Canaan,ME,26,3.759,44.782176,-69.546316
72008,CASHS #4469,US-278 & US-63,Warren,AR,635,3.499,33.611829,-92.067718
72009,CEFCO #1059,SR-274,Kemp,TX,641,2.909,32.437379,-96.226017
72011,CEFCO #107,US 190,Lampasas,TX,595,2.899,31.064037,-98.182783
72012,CEFCO #108,US-77,Waco,TX,765,2.99233333,31.557994,-97.189750
72013,CEFCO #1081,US-59,Queen City,TX,723,3.024,33.150196,-94.153230
72014,CEFCO #1086,US-259,Longview,TX,766,2.959,32.520234,-94.761114
72015,CEFCO #1096,US-82,Paris,TX,723,2.96566666,33.668929,-95.546616
72016,Cefco #11,US-84,Waco,TX,765,2.99566666,31.557994,-97.189750
72017,CEFCO #1102,SR-24 & SR-286,Paris,TX,723,2.96566666,33.668929,-95.546616
72018,CEFCO #2071,US-377 & FM-381,Early,TX,739,2.92566666,31.742153,-98.936602
72019,CEFCO #2081,US-84,Post,TX,700,2.94233333,33.190910,-101.381519
72020,CEFCO #2082,SR-206 & SR-36,Cross Plains,TX,575,3.159,32.127068,-99.165775
72021,CEFCO #30,US-77 & SR-320,Lott,TX,765,3.011,31.206257,-97.033576
72022,CEFCO #65,US-84 & FM-116,Gatesville,TX,765,2.96566666,31.438667,-97.746027
72024,CENEX,US-2 ,Stanley,ND,452,3.58233333,48.313784,-102.397321
72025,CENEX,US-2 ,Devils Lake,ND,355,3.24066666,48.112578,-98.874762
72026,CENEX,"I-94, EXIT 84 & SR-8",Richardton,ND,273,3.509,46.884816,-102.339088
72028,CENEX,US-52 & SR-15,Fessenden,ND,390,3.531,47.649308,-99.627008
72029,CENEX,SR-40,Tioga,ND,452,3.57566666,48.394617,-102.943490
72030,CENEX,I-90 & SR-51,Gillette,WY,822,3.489,44.272580,-105.498936
72031,CENEX HARWOOD,"I-29/US-81, EXIT 72",Harwood,ND,341,3.359,46.977008,-96.881035
72033,CHARLIE BS,SR-246,Greenwood,SC,30,2.987,34.195397,-82.153665
72034,CHARLIES MARKET,SR-172,Salt Lake City,UT,835,3.459,40.776928,-111.930991
72038,CHEVRON,I-55 & SR-570,McComb,MS,759,3.28233333,31.244474,-90.471593
72039,CHEVRON,SR-20 & SR-65,Hosford,FL,145,3.299,30.403387,-84.808087
72041,CHEVRON,SR-20 & SR-71,Blountstown,FL,145,3.299,30.442850,-85.045401
72044,Maverik Country Store #709,I-40 Exit 163,Williams,AZ,930,3.219,35.246640,-112.183296
72045,MAVERIK COUNTRY STORE #710,US-6,Helper,UT,835,3.44566666,39.689628,-110.859599
72046,CHEVRON DBA ONE9 #1429,US-30 & US-95,Fruitland,ID,785,3.349,44.016796,-116.920703
72046,CHEVRON,US-30 & US-95,Fruitland,ID,785,3.39233333,44.016796,-116.920703
72054,CHEVRON,US-45,Guntown,MS,742,3.299,34.444829,-88.666279
72060,CHEVRON FOOD MART #20,US-45 & SR-16,Scooba,MS,705,3.199,32.830179,-88.477118
72063,CIRCLE K #2655785,US-301,Upper Marlboro,MD,60,3.999,38.816495,-76.753670
72066,CIRCLE K #2741094,SR-46 ,Seguin,TX,740,2.959,29.590227,-97.968607
72067,CIRCLE K #2741822,US-90 & FM-471,Castroville,TX,740,2.91233333,29.362271,-98.854753
72071,7-Eleven #42182,Ashley Phosphate Rd & Cross Country Rd,North Charleston,SC,42,3.459,32.917881,-80.065000
72072,PARKERS #92,SR 17,Guyton,GA,195,2.999,32.332270,-81.390385
72073,CIRCLE K #2723791,I-85 & SR-54,Graham,NC,65,3.609,36.056356,-79.389436
72074,CIRCLE K #2741566,US-84 & FM-2837,Woodway,TX,765,2.999,31.498334,-97.230789
72075,CITGO SAMS FOOD STORE,"US-5, Exit 87",Hartford,CT,100,3.499,41.765933,-72.681579
72077,COLDWATER TRAVEL CENTER,I-55 & SR-306,Coldwater,MS,435,3.099,34.690376,-89.975517
72078,STRIPES #42150,"I-69C, Exit 9 & US-281",Edinburg,TX,598,3.00566666,26.318374,-98.153480
72080,Corner Store,US-180/62,Seminole,TX,710,3.129,32.722194,-102.649813
72081,STRIPES #2146,US-181 & SR-361,Ingleside,TX,625,3.299,27.870608,-97.207906
72082,COUNTRYMARK,SR-124,Bluffton,IN,370,3.76566666,40.743479,-85.172111
72083,DANDY DANS,US-49/SR-42,Hattiesburg,MS,620,3.06566666,31.307305,-89.317434
72084,DANDY MINI MART #60,US-6 & SR-14,Troy,PA,31,3.999,41.783315,-76.792222
72086,DELT EXPRESS,SR-52,SAMSON,AL,127,3.699,31.112417,-86.046735
72087,DELTA,US-9,Jersey City,NJ,115,3.239,40.711417,-74.064760
72089,CASEYS #4567,SR-55,Columbia,KY,410,3.159,37.103437,-85.307537
72090,DOMINO #128,US-81 & SR-66,El Reno,OK,483,3.199,35.541833,-97.961268
72091,DUCK THRU FOOD STORE #54,US-64,Columbia,NC,470,3.523,35.923406,-76.240480
72092,DUCK THRU FOOD STORE #57,SR-42/SR-43,Pinetops,NC,205,3.574,35.791136,-77.637775
72096,EXPRESS #29,SR-29,East Dublin,GA,85,3.63233333,32.546925,-82.866967
72097,EXPRESSWAY SERVICE STATION,US-287 & SR-25,Electra,TX,770,2.999,34.032294,-98.920245
72100,Exxon,"I-22/US-78, Exit 10 &  SR-178",Byhalia,MS,435,3.199,34.869188,-89.689993
72101,EXXON,US-24,Redford,MI,325,3.699,42.394788,-83.294018
72104,LOVES TRAVEL STOP #170,I-44 EXIT 166 & SR-18,CHANDLER,OK,483,3.08733333,35.712784,-96.836198
72105,LOVES TRAVEL STOP #171,SR-375 & SR-31,McAlester,OK,560,3.43733333,34.926128,-95.773619
72106,Loves Country Store #118,US-77 & SR-29,Wynnewood,OK,569,2.989,34.642789,-97.162467
72108,FARMERS UNION OIL OF CARPIO,US-52 & SR-28,Carpio,ND,452,3.384,48.443445,-101.716317
72110,FAST STOP,US-84 & CR-1800,Lubbock,TX,700,2.999,33.561901,-101.888883
72111,FAST STOP,"I-40, Exit 81 & FM-1912",Amarillo,TX,585,2.944,35.199903,-101.830194
72112,Flyers #3219,US-60,Claypool,AZ,930,3.849,33.406101,-110.841873
72113,Food N Fuel,US-6 & CR-4,New Lenox,IL,296,3.399,41.510022,-87.970002
72113,Food N Fuel,US-6 & CR-4,New Lenox,IL,296,3.499,41.510022,-87.970002
72114,Gas  House,"I-77, Exit 49B",Statesville,NC,46,3.424,35.783369,-80.871654
72115,FRIENDSHIP FOOD & FUEL,SR-15 & CR-244,Ecru,MS,576,3.799,34.347992,-89.025632
72116,FRIENDSHIP FOOD MART #90,I-90 & SR-57,Elyria,OH,305,3.779,41.378235,-82.104505
72118,GAS N WASH,I-355 & SR-7,HOMER GLEN,IL,296,3.599,41.605179,-87.952373
72118,GAS N WASH,I-355 & SR-7,HOMER GLEN,IL,296,3.599,41.605179,-87.952373
72118,GAS N WASH,I-355 & SR-7,HOMER GLEN,IL,296,3.599,41.605179,-87.952373
72118,GAS N WASH,I-355 & SR-7,HOMER GLEN,IL,296,3.599,41.605179,-87.952373
72118,GAS N WASH,I-355 & SR-7,HOMER GLEN,IL,296,3.599,41.605179,-87.952373
72118,GAS N WASH,I-355 & SR-7,HOMER GLEN,IL,296,3.599,41.605179,-87.952373
72119,Gas N Wash Cicero,SR-50,Berwyn,IL,291,3.599,41.843333,-87.790926
72119,Gas N Wash Cicero,SR-50,Berwyn,IL,291,3.569,41.843333,-87.790926
72120,GAS PRO TRAVEL CENTER,US-301/25,Statesboro,GA,195,3.129,32.437726,-81.775637
72122,KWIK TRIP #1115,US-63 & US-8,Turtle Lake,WI,295,3.65566666,42.732285,-88.677540
72124,GET GO #3016,I-376 & SR-18,Monaca,PA,96,5.499,40.683423,-80.273427
72125,GETGO #7520,I-65 & US-31,Edinburgh,IN,375,3.359,39.351870,-85.963755
72126,GETGO #7526,I-69 & SR-332,Yorktown,IN,457,3.343,40.181891,-85.508155
72128,GETGO #7545,I-65 & SR-400,Whitestown,IN,375,3.30233333,39.971672,-86.371739
72130,GILBERTS SHELL,SR-72 & CR-59,Gilberts,IL,290,3.279,42.109981,-88.371882
72132,GO TIME 4,I-64 Exit 94 & SR-1958,Winchester,KY,410,2.90733333,38.002364,-84.190586
72134,Gulf,US-422 & SR-528/168,Parkman,OH,573,3.649,41.372206,-81.055012
72136,HANA TRAVEL CENTER,"I-30, EXIT 153 & SR-185",Winfield,TX,723,3.079,33.165434,-95.111225
72139,HOLMES EXPRESS,US-78 & SR-175,Memphis,TN,435,3.399,35.109164,-89.968511
72142,CASEYS #3990,"I-90E, exit 96 and SR-17",Elkhart,IN,465,3.629,41.692081,-85.962567
72143,Caseys #4023,US 36 & US 183,Phillipsburg,KS,357,3.29233333,39.751215,-99.320973
72144,HUCKS FOOD & FUEL #397,US-68 & SR-432,Bowling Green,KY,487,3.499,36.976832,-86.433661
72145,JP ZEBULON,US-19,Zebulon,GA,67,3.135,33.090996,-84.339467
72146,HUTTER'S,SR-72,Jonestown,PA,70,3.719,40.412972,-76.480726
72148,IRON HORSE TRAVEL CENTER,I-20 EXIT 270 & FM-1235,Merkel,TX,575,2.87566666,32.469731,-100.011096
72149,IVOR MART,US-460,Hopewell,VA,180,3.699,37.291010,-77.298944
72150,J AND R MARKET,SR-105 & SR-326,Sour Lake,TX,610,3.159,30.137746,-94.404277
72153,Jet Food Store,SR-15 & SR-46,Soperton,GA,85,3.41566666,32.378268,-82.594019
72154,JET FOOD STORE #93,US-280 & SR-135,Vidalia,GA,195,3.43233333,32.212079,-82.402187
72155,JIFFY TRIP #142,US-77,Newkirk,OK,500,3.059,36.881797,-97.055292
72156,JORDANS KWIK STOP #5,US-412,Portia,AR,418,3.37566666,36.084865,-91.071044
72157,JORDANS KWIK STOP #52,US-67 & SR-304,Pocahontas,AR,418,3.31233333,36.263366,-90.971224
72160,KENJO MARKET #52,US-321,Maryville,TN,405,3.249,35.747810,-83.980234
72162,Krazy K's,US-45,Buckatunna,MS,620,3.149,31.553199,-88.534283
72163,KWIK FILL,US-206,Hillsborough,NJ,115,3.399,40.508074,-74.652880
72170,STRIPES # 41977,"I-2, EXIT 168",La Feria,TX,639,3.219,26.155307,-97.825027
72171,LAWTEY SHELL SERVICE,US-301 ,Lawtey,FL,75,3.599,30.048440,-82.072478
72175,ALLSUPS #2410,"I-35/US-77, EXIT 368 & SR-22",Whitney,TX,765,2.96566666,31.952447,-97.319770
72180,LITTLEFIELD EXPRESS #4,I-40 Exit 321,Muldrow,OK,645,3.419,35.403420,-94.597523
72181,LITTLEFIELD EXPRESS #7,US-167,Cave City,AR,418,3.349,35.947801,-91.546977
72182,LULING MINI MART,I-10 Exit 628 & SR-80,Luling,TX,595,2.96566666,29.681747,-97.646696
72184,MACS 33,US-49,Florence,MS,620,2.899,32.155615,-90.122454
72185,Circle K #2709332,US-231/SR-53,Montgomery,AL,720,3.259,32.348503,-86.267307
72188,MARATHON,US-61 & SR-637,Reserve,LA,623,3.749,30.072962,-90.555022
72189,MARATHON,I-75 & CR-20,Middletown,OH,317,3.21566666,39.502952,-84.364893
72190,Minuteman Food Mart #37,US-74,Leland,NC,245,3.389,34.213736,-78.043181
72191,MARATHON RIVERSIDE GAS,I-80 & CR-6,Elkhart,IN,465,3.499,41.692081,-85.962567
72192,MASSEY FUEL,"I-95, EXIT 30",Bridgeport,CT,100,3.399,41.187393,-73.195757
72193,MERRIMAN COUNTRY STORE,SR-1 & CR-3700,Allen,OK,569,3.099,34.877628,-96.412889
72194,Mobil,I-57,Riverdale,IL,365,3.699,41.642695,-87.635640
72195,MOBIL,US-46,Columbia,NJ,90,3.079,40.925868,-75.094062
72196,MORGAN OIL,US-224 & CR-231,Lowellville,OH,573,3.399,41.037167,-80.542180
72197,MOTOMART #3369,SR-370 E,Saint Charles,MO,540,3.04233333,38.795702,-90.515364
72199,MPC #99A,I-270 Exit 22B,Hazelwood,MO,540,3.059,38.794706,-90.396002
72199,ZX,I-270 Exit 22B,Hazelwood,MO,540,3.059,38.794706,-90.396002
72200,Swift Mart,I-55/SR-7 & US-51,Grenada,MS,655,3.36566666,33.781445,-89.811547
72201,MUDD CREEK COUNTRY STORE,US-79,Franklin,TX,670,3.194,31.025014,-96.487494
72202,MUSTANG MARKET,I-80 Exit 73,Sparks,NV,966,4.199,39.574341,-119.715154
72205,NIC'S,SR-97,Bainbridge,GA,20,3.379,30.904933,-84.573047
72206,NORTHLAKE BP,I-294 & US-45,Melrose Park,IL,290,3.699,41.902995,-87.863644
72206,NORTHLAKE BP,I-294 & US-45,Melrose Park,IL,290,3.599,41.902995,-87.863644
72207,NZT,I-294,Alsip,IL,365,3.389,41.670270,-87.737085
72207,NZT,I-294,Alsip,IL,365,3.589,41.670270,-87.737085
72210,CITGO,US-70,Princeton,NC,205,3.699,35.466360,-78.163242
72212,PARKERS #72,US-52 & SR- 402,Moncks Corner,SC,42,3.25566666,33.199763,-79.986603
72215,PIT STOP #1,SR-31 & SR-34,Weedsport,NY,220,3.899,43.048124,-76.563607
72216,Pit Stop #14,US-20/US-16,Worland,WY,836,3.829,44.020402,-107.961653
72217,PIEDMONT PETROLEUM,US-501,Lynchburg,VA,185,3.459,37.399016,-79.195458
72222,RAINY LAKE OIL,CR-332 & CR-24,International Falls,MN,334,3.379,48.586353,-93.407743
72224,RAYMOND TRUCK STOP,US-1/US-9,Newark,NJ,115,3.259,40.724220,-74.172574
72225,SHEETZ #144,US-220 & SR-55,Moorefield,WV,60,3.289,39.067419,-78.962411
72226,REBEL GAS MART,SR-7,Oxford,MS,435,3.049,34.351262,-89.536981
72227,RED BANKS VALERO,I-22 & SR-178,Red Banks,MS,435,2.999,34.834689,-89.563407
72228,REFUEL #1043,US-15,Sumter,SC,42,3.09566666,33.940848,-80.395543
72229,REFUEL #1047,US-521,Sumter,SC,42,3.00566666,33.940848,-80.395543
72230,REFUEL #1116,US-64,Apex,NC,177,3.799,35.725577,-78.879919
72231,RENO JUNCTION TRAVEL PLAZA,SR-59 & SR-387,Wright,WY,822,3.509,43.749153,-105.494834
72232,RICKY ROCKETS FUEL,I-294 & US-12,HICKORY HILLS,IL,291,3.999,41.724778,-87.828005
72232,RICKY ROCKETS FUEL,I-294 & US-12,HICKORY HILLS,IL,291,3.899,41.724778,-87.828005
72233,ROAD RANGER #284,I-27 & FM-1729,New Deal,TX,700,2.98566666,33.732334,-101.844475
72235,ROC ONE STOP #1,SR-34,Galatia,IL,473,3.559,37.841977,-88.616482
72236,ROYAL FARMS #108,US-13,Cape Charles,VA,130,3.47233333,37.249726,-76.014156
72237,ROYAL FARMS #135,SR-404 & SR-16,Denton,MD,194,3.339,38.879421,-75.824452
72238,ROYAL FARMS #169,I-895 & US-40,Baltimore,MD,22,3.259,39.300032,-76.610476
72239,ROYAL FARMS #171,US-13 & SR-24,Laurel,DE,194,3.259,38.571457,-75.571134
72241,ROYAL FARMS #242,I-95 Exit 27,Philadelphia,PA,160,3.799,40.009376,-75.133346
72243,Racetrac #2611,"I-65, EXIT 116",Shepherdsville,KY,415,2.959,37.981425,-85.702007
72247,SEVEN MART,I-20 & SR-17,Delhi,LA,719,3.199,32.452843,-91.489976
72248,SHELBY EXPRESS,SR-175,Memphis,TN,435,3.699,35.109164,-89.968511
72250,RACEWAY #6854,US-278 & SR-113,Rockmart,GA,18,3.17233333,34.008306,-85.044978
72251,SHELL,I-94 & US-12,Detroit,MI,325,3.699,42.383037,-83.102237
72251,SHELL,I-94 & US-12,Detroit,MI,325,3.899,42.383037,-83.102237
72256,SHELL,US-1,Warren,ME,203,3.999,44.128010,-69.243885
72257, DUCK THRU #55,US-13BYP & SR-308,Windsor,NC,205,3.239,35.993046,-76.939899
72259,SHELL,SR-72 & SR-25,Dundee,IL,293,3.279,42.110435,-88.301351
72260,Duck Thru #58,US-13 & CR-677,Suffolk,VA,130,3.449,36.697157,-76.634781
72261,SHELL,US-45 & CR-520,Shannon,MS,742,3.199,34.114416,-88.693131
72262,7-ELEVEN #38855,"I-95, exit 58",Colonial Heights,VA,180,3.509,37.261685,-77.396804
72263,SPARTAN FUELS,US-80 & SR-22,Columbus,GA,50,3.309,32.510191,-84.874946
72264,CIRCLE K #2654249,SR 24 & SR 286,Paris,TX,723,2.959,33.668929,-95.546616
72266,SHELL SERVICE STATION,I-65 Exit 14 & US-64,Pulaski,TN,655,3.209,35.193306,-87.033547
72267,SHELL SERVICE STATION,I-90 Exit 52,Elgin,IL,290,3.279,42.038963,-88.325671
72268,SHORT STOP,US-67/283,Santa Anna,TX,575,3.499,26.669238,-98.557884
72273,SPINX #341,SR-41,Charleston,SC,42,3.33233333,32.828017,-79.972896
72274,SPINX #366,SR-642,Summerville,SC,42,3.279,33.005836,-80.179306
72276,STAR 001,US-20 & SR-23,SOUTH BEND,IN,465,3.73233333,41.676643,-86.268809
72277,STOP N GAS,SR-15 & SR-39,Yorkshire,NY,38,4.099,42.523364,-78.475525
72278,SUN DO,I-74 Exit 197,Maxton,NC,63,3.439,34.736500,-79.352731
72279,AMOCO,US-30,Clarence,IA,380,3.399,41.885751,-91.057925
72281,SUNOCO,I-95 Exit 77B & SR-24,Edgewood,MD,22,3.299,39.420290,-76.296846
72282,SUNOCO,I-278 Exit 48,Bronx,NY,105,4.539,40.848711,-73.852939
72285,CUSSETA TRAVEL CENTER,SR 520,Cusseta,GA,50,3.199,32.272544,-84.748796
72287,CASEY'S #4522,US-81,Hennessey,OK,483,3.059,36.105811,-97.898615
72288,S&G #88,I-475 Exit 13 & US-20,Toledo,OH,550,3.009,41.664071,-83.581861
72289,SUNOCO,SR-12 & FM-1136,Orange,TX,610,2.899,30.123528,-93.754548
72290,SUNSTOP,US-19,Thomasville,GA,20,3.28233333,30.839422,-83.978781
72292,SUNSTOP #336,SR-121 & CR-18,Lake Butler,FL,75,3.59233333,30.017687,-82.343360
72293,SUNSTOP INLAND DBA ONE9 #1402,I-10 & SR-71,Marianna,FL,20,3.299,30.794456,-85.228410
72293,ONE9 #1402,I-10 & SR-71,Marianna,FL,20,3.299,30.794456,-85.228410
72294,SWANTON SUNOCO,I-89 & SR-78,Swanton,VT,39,3.539,44.924538,-73.119353
72295,SWIFT,US-69,Nederland,TX,610,2.98566666,29.969288,-94.001714
72296,SWIFT STOP #5,US-84 & US-380,Post,TX,700,2.943,33.190910,-101.381519
72297,T & M FOOD STORE,SR-113,Taylorsville,GA,193,3.367,34.085129,-84.985629
72298,TARZAN AND JANE,I-20 & SR-137,Stanton,TX,612,3.299,32.131695,-101.792457
72302,TEXACO,SR-114 & SR-156,Pennington,AL,705,3.19733333,32.200612,-88.037572
72303,TEXACO #378602,I-59 Exit 85 & SR-590,Ellisville,MS,620,3.199,31.597277,-89.210269
72305,THE ANCHOR,US-60 & CR-3500,Mountain View,MO,535,3.03233333,36.993719,-91.701863
72308,Racetrac #2609,SR-60,Okeechobee,FL,140,3.299,27.241608,-80.829311
72309,Racetrac #2608,"I-59, EXIT 181 & SR-77",Gadsden,AL,587,2.999,34.006597,-86.016078
72310,RACETRAC #2387,US-19,Hudson,FL,225,3.31566666,28.359232,-82.689659
72313,THOMPSON'S CORNER,US-25,Millen,GA,135,3.31566666,32.806892,-81.942039
72314,THORNTONS #0333,SR-59 & SR-56,Warrenville,IL,346,3.549,41.820977,-88.187454
72314,THORNTONS #0333,SR-59 & SR-56,Warrenville,IL,346,3.599,41.820977,-88.187454
72315,THORNTONS #221343,US-14 & SR-31,Crystal Lake,IL,293,3.499,42.233209,-88.334360
72315,THORNTONS #221343,US-14 & SR-31,Crystal Lake,IL,293,3.449,42.233209,-88.334360
72316,THORNTONS #221344,SR-120,Mchenry,IL,297,3.699,42.336204,-88.291651
72316,THORNTONS #221344,SR-120,Mchenry,IL,297,3.649,42.336204,-88.291651
72317,THORNTONS #261169,SR-1747 & SR-2052,Louisville,KY,415,3.28066666,38.224728,-85.740614
72318,THORNTONS #330,I-55 & SR-50,Cicero,IL,290,3.549,41.844537,-87.759290
72318,THORNTONS #330,I-55 & SR-50,Cicero,IL,290,3.599,41.844537,-87.759290
72319,THORNTONS #5,I-55 & SR-50,Cicero,IL,290,3.599,41.844537,-87.759290
72319,THORNTONS #5,I-55 & SR-50,Cicero,IL,290,3.649,41.844537,-87.759290
72320,THORNTONS #616,SR-265,Lebanon,TN,460,2.87566666,36.199381,-86.344634
72321,Thorntons #617,I-24 Exit 64,La Vergne,TN,460,2.88233333,36.022237,-86.559384
72324,TREE CITY TRAVEL PLAZA,US-421,Greensburg,IN,375,3.989,39.351019,-85.501189
72325,TREX MART #17,I-29 & SR-371,Platte City,MO,400,2.999,39.359733,-94.756317
72326,CIRCLE K #4700101,I-65 Exit 50,Seymour,IN,375,3.499,38.946847,-85.889180
72328,Tropic Fleet Hialeah Cardlock,SR-953 & SR-934,Miami,FL,95,3.479,25.775163,-80.208615
72329,TROTTERS,SR-2 ,Broken Bow,NE,475,3.299,41.405188,-99.640758
72330,TRUE NORTH #325,SR-57 & SR-113,Elyria,OH,414,3.679,41.378235,-82.104505
72331,TUPELO TRAVEL STOP,SR-48 & SR-3,Tupelo,OK,569,2.999,34.602685,-96.420791
72332,TXB #82 DBA KWIK CHEK FOOD STORES,US-83,Asherton,TX,693,3.259,28.446118,-99.760322
72333,UNITED MARKET,US-84,Blackshear,GA,75,3.76566666,31.290828,-82.252927
72335,VALERO,US-30 & SR-598,Galion,OH,411,3.499,40.738216,-82.781327
72337,VALLEY COUNTRY STORE,I-84 & US-93,Jerome,ID,787,3.43233333,42.717617,-114.515788
72338,VALLEY MART #05,US-90 & SR-173,Hondo,TX,740,3.199,29.354242,-99.161846
72339,VP RACING FUEL,US-231 ,Panama City,FL,145,3.499,30.239496,-85.530292
72340,WARREN OIL,US-6,Channahon,IL,399,3.779,41.422789,-88.262954
72340,WARREN OIL,US-6,Channahon,IL,399,3.629,41.422789,-88.262954
72342,WHITE RIVER,US-231 & SR-58,Bloomfield,IN,546,3.759,39.026134,-86.937364
72343,WOLF DEN,US-97,Wapato,WA,925,3.409,46.443632,-120.421507
72344,WOW FOOD MART,I-75 & US-25,Richmond,KY,410,3.609,37.729145,-84.299364
72345,YAKAMART,US-97,Toppenish,WA,925,3.509,46.380242,-120.312583
72346,Y-NOT STOP,US-165 & SR-10,Oakdale,LA,730,3.699,30.816418,-92.655855
72347,MARATHON,I-94 Exit 121,Albion,MI,431,3.699,42.247855,-84.759191
72348,7-ELEVEN #34718,"I-294, EXIT 25",Hinsdale,IL,290,3.719,41.800683,-87.928172
72348,7-ELEVEN #34718,"I-294, EXIT 25",Hinsdale,IL,290,3.739,41.800683,-87.928172
72348,7-ELEVEN #34718,"I-294, EXIT 25",Hinsdale,IL,290,3.839,41.800683,-87.928172
72349,7-ELEVEN #34713,"I-90, EXIT 24",Belvidere,IL,290,3.739,42.265448,-88.887758
72349,7-ELEVEN #34713,"I-90, EXIT 24",Belvidere,IL,290,3.659,42.265448,-88.887758
72349,7-ELEVEN #34713,"I-90, EXIT 24",Belvidere,IL,290,3.879,42.265448,-88.887758
72350,7-ELEVEN #34709,504 N CREGO RD,Dekalb,IL,290,4.439,41.928186,-88.747585
72351,LOVES TRAVEL STOP #874,"I-65, EXIT 175 & SR-25",Lafayette,IN,365,3.67233333,40.399410,-86.862806
72352,LOVES TRAVEL STOP #858,"I-49, EXIT 172 & US-84",Mansfield,LA,745,3.24566666,32.035341,-93.699665
72360,PUMP & PANTRY #22,SR-91 & SR-11,Burwell,NE,330,3.299,41.780044,-99.134214
72361,PUMP & PANTRY #39,I-80 Exit 179 & SR-56G,North Platte,NE,330,3.11566666,41.124960,-100.750359
72362,PUMP & PANTRY #18,US-281 & CR-11,Doniphan,NE,330,3.30733333,40.774319,-98.371294
72363,PUMP & PANTRY #1,US-30,Grand Island,NE,330,3.30733333,40.921352,-98.358559
72368,CHEVRON #352416,I-8 Exit 73,Jacumba,CA,900,6.399,32.636478,-116.190706
72372,Eastland Truck Stop,I-20 Exit 340 & SR-6,Eastland,TX,575,2.93233333,32.402156,-98.817671
72373,Rusty Lantern,SR-4 ,Turner,ME,170,3.899,44.257811,-70.257865
72374,Rusty Lantern,SR-26 & SR-219,West Paris,ME,170,3.96566666,44.319278,-70.522647
72376,SUNOCO,US 84 & SR 39,Donalsonville,GA,20,3.499,31.039691,-84.878424
72378,EB SUNOCO,SR-3 & SR-28,Muncie,IN,457,3.799,40.198826,-85.395059
72380,EXXPRESS MART #12,US-287 & SR-421,Lumberton,TX,610,2.959,30.255733,-94.207864
72382,EXXPRESS MART #4,SR-105,Beaumont,TX,610,3.199,30.084912,-94.145330
72385,GAS N WASH,I-57 & SR-17,Kankakee,IL,399,3.599,41.101654,-87.863690
72387,Williams Fuel Stop,SR-7 & SR-735,Gallipolis,OH,255,3.54066666,38.820082,-82.190972
72389,PILOT #1354,US 385,Odessa,TX,710,3.56566666,31.880461,-102.345314
72390,QUIKTRIP #46,US 169 & SR 266,Tulsa,OK,560,3.14233333,36.127949,-95.902316
72391,QUIKTRIP #56,US-169 & SR-11,Tulsa,OK,560,3.14233333,36.127949,-95.902316
72394,LOVES TRAVEL STOP #871,"I-85, Exit 32",Piedmont,SC,30,3.19733333,34.705617,-82.466746
72395,ALLSUPS #2427,US 84,Gatesville,TX,765,3.00733333,31.438667,-97.746027
72396,RACETRAC #2624,US-1,Marathon,FL,95,3.23566666,24.732338,-81.025122
72402,HAN DEE HUGOS #5,SR-410 & SR-211,Bladenboro,NC,63,3.20566666,34.540870,-78.794660
72403,HAN DEE HUGOS #67,US-70,Raleigh,NC,177,3.999,35.831868,-78.641042
72408,JOURNEY FOOD STORE #2,US-301,Callahan,FL,75,3.399,30.565566,-81.831917
72410,KELLEYS MARKET,I-90 Exit 15 & US-20 BUS,Rockford,IL,520,3.119,42.259300,-89.063478
72410,KELLEYS MARKET,I-90 Exit 15 & US-20 BUS,Rockford,IL,520,2.969,42.259300,-89.063478
72412,KELLEYS MARKET,US-20,Cherry Valley,IL,520,3.699,42.235178,-88.975113
72413,TROPIC OIL COMPANY,SR-17,Lake Wales,FL,140,3.499,27.920697,-81.599505
72418,SHELL,SR-953,Miami,FL,95,3.479,25.775163,-80.208615
72419,Denver 39th Ave Cardlock,I-70/US-36 EXIT-281,Denver,CO,800,3.49066666,39.761850,-104.881105
72420,MAVERIK COUNTRY STORE #620,SR-8,Saint George,UT,791,3.46233333,37.077006,-113.576534
72424,MIDDLESEX FOOD STORE,CR-604,Carteret,NJ,79,3.51566666,40.583790,-74.227457
72425,MINUTEMAN FOOD MART #18,SR-87,Tar Heel,NC,63,4.619,34.733896,-78.790896
72428,QUIKTRIP #7249,US 80 E,Flowood,MS,705,2.91566666,32.336101,-90.072874
72429,PARKERS #16 (DISCOUNT AVAILABLE),SR-21,Port Wentworth,GA,195,3.10566666,32.192015,-81.205725
72430,PATRIOT FUELING CENTER,SR-9,Lineville,AL,587,3.299,33.312832,-85.752278
72432,Yesway #1203,SR-6,Clifton,TX,765,2.969,31.782586,-97.584316
72433,RENFROE STORE,SR-25,Carthage,MS,705,4.099,32.744227,-89.533452
72435,Cedar City Cardlock (Bulk Plant),"I-15, EXIT 59",Cedar City,UT,791,3.459,37.683847,-113.095566
72436,Ricky Rockets,SR-390 &SR-53,Itasca,IL,297,3.559,41.976616,-88.018775
72436,Ricky Rockets,SR-390 &SR-53,Itasca,IL,297,3.399,41.976616,-88.018775
72436,Ricky Rockets,SR-390 &SR-53,Itasca,IL,297,3.499,41.976616,-88.018775
72436,Ricky Rockets,SR-390 &SR-53,Itasca,IL,297,3.579,41.976616,-88.018775
72437,Tropic Oil,US-191,Moab,UT,810,4.169,38.570083,-109.547811
72438,QUIKTRIP #7208,I-290 EXIT 18A,Bellwood,IL,290,3.079,41.882901,-87.876170
72438,QUIKTRIP #7208,I-290 EXIT 18A,Bellwood,IL,290,3.249,41.882901,-87.876170
72438,QUIKTRIP #7208,I-290 EXIT 18A,Bellwood,IL,290,3.199,41.882901,-87.876170
72438,QUIKTRIP #7208,I-290 EXIT 18A,Bellwood,IL,290,3.279,41.882901,-87.876170
72438,QUIKTRIP #7208,I-290 EXIT 18A,Bellwood,IL,290,3.099,41.882901,-87.876170
72440,Rutters #84,US-15 & SR-340,Emmitsburg,MD,22,3.91566666,39.705192,-77.321301
72441,SHEETZ #165,US-6,Coudersport,PA,240,3.699,41.775844,-78.016038
72442,SHEETZ #239,I-70 Exit 57,New Stanton,PA,68,3.28566666,40.222332,-79.608800
72443,SHEETZ #553,I-81 Exit 3,Greencastle,PA,70,3.33233333,39.790670,-77.726674
72444,SHEETZ #597,I-40 Exit 126,Hickory,NC,46,2.859,35.737492,-81.322870
72445,SHEETZ #639,I-80 Exit 223,Youngstown,OH,573,3.059,41.099095,-80.645902
72446,SHEETZ #656,US-219 & US-6,Kane,PA,240,3.699,41.663008,-78.809016
72448,SHELL SERVICE STATION,SR-55,Morrison,TN,285,3.499,35.607118,-85.907448
72456,SPINX #161,I-85 Exit 60 & SR-101,Greer,SC,210,3.159,34.931799,-82.229115
72458,7-ELEVEN #41335,SR-80 & SR-29,Labelle,FL,225,3.599,26.720952,-81.452477
72459,7-ELEVEN #34154,I-75 Exit 128,Fort Myers,FL,225,3.299,26.617839,-81.831725
72462,Story Belgrade Cardlock,"I-90, EXIT 298",Belgrade,MT,786,3.699,45.782706,-111.178256
72466,Holbrook Cardlock,I-40 EXIT 285,Holbrook,AZ,930,3.23233333,34.904624,-110.167210
72467,SUNOCO SERVICE STATION,I-81 Exit 44 & SR-465,Carlisle,PA,70,3.889,40.199994,-77.204149
72468,Springerville Cardlock,US-191,Springerville,AZ,930,3.259,34.171921,-109.306892
72471,THORNTONS #221335,I-55 Exit 263,Bolingbrook,IL,296,3.699,41.687466,-88.106215
72471,THORNTONS #221335,I-55 Exit 263,Bolingbrook,IL,296,3.649,41.687466,-88.106215
72473,Loves Travel Stop #885,US 77,Harlingen,TX,665,3.649,26.191204,-97.697383
72475,Express 24,SR-77 & US-60,Show Low,AZ,930,3.299,34.265053,-110.038321
72476,Mandan Cardlock (Bulk Plant),"I-94, EXIT 153",Mandan,ND,273,3.599,46.829484,-100.887060
72477,Racetrac #2618,US-231 & CR-8,Huntsville,AL,615,2.95066666,34.697720,-86.676670
72478,Racetrac #2621,SR-53,Huntsville,AL,615,3.099,34.697720,-86.676670
72479,CEFCO #2086,US 180 & 84,Snyder,TX,700,2.96566666,32.713561,-100.911902
72480,TA Mt Vernon,I-44,Mount Vernon,MO,535,3.404,37.104812,-93.818669
72481,CASEYS #4323,SR-57 & SR-60,Wanamingo,MN,451,3.499,44.302775,-92.787281
72482,RUTTERS FARM STORE #80,SR 61,Orwigsburg,PA,208,3.859,40.654167,-76.103989
72483,Circle K #4700047,I-65 Exit 34A,Austin,IN,415,3.799,38.740244,-85.810271
72485,ALLSUPS CONVENIENCE STORE #2160,US 70,Roswell,NM,593,3.25566666,33.373442,-104.529393
72486,QUIKTRIP #4216,"I-70 & SR-79, EXIT 304",Bennett,CO,800,3.199,39.741727,-104.428719
72487,PILOT #1380,I-2 EXIT 161,Mercedes,TX,639,3.659,26.153818,-97.912907
72488,MAVERIK COUNTRY STORE #657,I-15 Exit 10,Washington,UT,910,3.42566666,37.126676,-113.487759
72489,CASEYS #3987,LINCOLN HWY,Wanatah,IN,465,3.71566666,41.430561,-86.892347
72490,ASAP GENERAL STORE #322,US-281,Hinton,OK,483,3.13233333,35.493227,-98.354723
72492,CIRCLE K #2709098,US 85,Greeley,CO,800,3.21066666,40.414034,-104.771043
72493,Chiricahua Apache Plaza,I-10 EXIT 102,Deming,NM,640,3.03733333,32.263076,-107.752490
72494,7-ELEVEN #42132,"I-35, EXIT 131",Lytle,TX,740,3.599,29.233189,-98.794650
72495,ROAD RANGER #286,1-40 EXIT 77,Amarillo,TX,585,2.97233333,35.199903,-101.830194
72496,ROAD RANGER #289,I-45 EXIT 189,Teague,TX,765,3.39566666,31.629487,-96.280818
72497,ROAD RANGER #290,"I-44, Exit 13",Joplin,MO,277,3.21233333,37.075218,-94.501259
72498,SHEETZ  #760,"I-71, EXIT 140 Township Rd 256",Marengo,OH,315,3.06566666,40.400820,-82.810994
72499,Bowie Travel Center,I-10,Bowie,AZ,980,3.099,32.324880,-109.484456
72499,One9 dba Bowie Travel Center,I-10,Bowie,AZ,980,3.059,32.324880,-109.484456
72499,Bowie Travel Center Chevron dba One9 #1411,I-10,Bowie,AZ,980,3.014,32.324880,-109.484456
72500,GAS N WASH,US 34,Plano,IL,290,3.499,41.680691,-88.536225
72500,GAS N WASH,US 34,Plano,IL,290,3.599,41.680691,-88.536225
72501,QUIKTRIP #7203,"I-80, EXIT 75 &SR-251",Peru,IL,520,2.969,41.357929,-89.139390
72501,QUIKTRIP #7203,"I-80, EXIT 75 &SR-251",Peru,IL,520,3.249,41.357929,-89.139390
72501,QUIKTRIP #7203,"I-80, EXIT 75 &SR-251",Peru,IL,520,2.999,41.357929,-89.139390
72501,QUIKTRIP #7203,"I-80, EXIT 75 &SR-251",Peru,IL,520,3.099,41.357929,-89.139390
72501,QUIKTRIP #7203,"I-80, EXIT 75 &SR-251",Peru,IL,520,3.159,41.357929,-89.139390
72502,QUIKTRIP #7133,"I-95, EXIT 190 & SR-34",Dillon,SC,63,3.08233333,34.425179,-79.369294
72503,QUIKTRIP #7151,I-55/40 EXIT 278 & SR-191,West Memphis,AR,435,2.999,35.149554,-90.199266
72505,CASEYS #4379,I-59 HWY,Worthington,MN,530,3.14233333,43.628733,-95.599702
72506,CASEYS #4273,SR-56,Madison,IN,375,3.699,38.758829,-85.397135
72507,Golden Gate Fillmore,SR 99,Fillmore,UT,791,3.29733333,38.964259,-112.338671
72510,STUCK FLEET FUELING,US-19,Waynesburg,PA,165,4.499,39.898255,-80.185537
72514,Petro-Card 24 #910722,SR-6,Trenton,MO,276,3.149,40.081255,-93.602387
72515,PETRO-CARD 24 #910520,US-54BUS,Mexico,MO,310,3.229,39.162169,-91.872770
72519,CIRCLE K #2723050,SR-59,Hope Mills,NC,205,2.909,34.969195,-78.959887
72520,PETRO-CARD 24 #910160,US-50,Warrensburg,MO,400,3.299,38.762394,-93.725330
72521,PETRO-CARD 24 #910410,I-44/US-66,Lebanon,MO,535,3.099,37.672131,-92.659670
72522,MFA #910591,US-63 ,La Plata,MO,494,3.339,40.023952,-92.490779
72523,Petro-Card 24 #910820,US-60BUS,Willow Springs,MO,535,3.399,36.986752,-91.961551
72524,QuickChek #189,US-46,Ridgefield,NJ,115,3.25233333,40.832677,-74.014088
72526,PETRO-CARD 24 #911251,US-169,King City,MO,567,3.299,40.050567,-94.525167
72528,MFA #910260,SR-87/240,Glasgow,MO,310,3.3965,38.757878,-90.198437
72529,PETRO-CARD 24 #910530,US-24,Moberly,MO,310,3.419,39.418112,-92.436544
72530,PETRO-CARD 24 #910140,US-50 BUS,California,MO,392,3.459,38.630306,-92.567079
72531,PETRO-CARD 24 #910040,US-60 BUS,Aurora,MO,416,3.209,36.967436,-93.718596
72533,Fuel 4,US-9,Jersey City,NJ,115,3.239,40.711417,-74.064760
72534,Petro-Card 24 #911290,US-59,Mound City,MO,567,3.149,40.136503,-95.233739
72535,MFA #911310,SR-5,Centerville,IA,489,3.12566666,40.729839,-92.872033
72536,MFA 910281,SR-5 ,Milan,MO,276,3.299,40.203239,-93.124004
72537,PETRO-CARD 24 #910210,SR-7,Clinton,MO,400,3.399,38.371172,-93.768142
72538,Petro-Card 24 #910670,SR-51,Qulin,MO,275,3.199,36.595255,-90.246295
72540,MFA #910441,US-54,Louisiana,MO,494,3.049,39.441456,-91.062033
72541,MFA 911021,US-136 ,Tarkio,MO,567,3.329,40.442988,-95.383516
72542,MFA #910731,SR-15,Shelbina,MO,494,2.999,39.693022,-92.039652
72543,PETRO CARD 24,SR-18,Clinton,MO,400,3.399,38.371172,-93.768142
72544,BJS NEW UNDERWOOD,CR-1416,New Underwood,SD,506,3.699,44.099650,-102.838283
72546,MFA OIL #2028,SR-53,Poplar Bluff,MO,275,3.23233333,36.763259,-90.413953
72548,GASQUATCH,US-70/SR-3,Idabel,OK,723,3.10733333,33.907406,-94.822174
72550,TERRIBLE HERBST #388,I-15 Exit 91,Moapa,NV,910,3.549,36.692535,-114.635647
72551,Good 2 Go,US-81,Geneva,NE,350,3.36566666,40.530692,-97.597135
72552,VALLEYWIDE COUNTRY STORE,I- 86 Exit 40,American Falls,ID,787,3.599,42.782846,-112.854211
72553,Friendly Express,I-71 Exit 186 & US-250,Ashland,OH,249,3.199,40.867068,-82.315152
72554,CEFCO #422,SR-4,Baker,FL,127,3.299,30.840277,-86.704096
72556,STARMART,US-183,Goldthwaite,TX,765,3.099,31.450806,-98.573520
72557,LITTLE NECK SHELL,I-16 Exit 152,Bloomingdale,GA,195,3.099,32.124998,-81.308387
72558,Circle K #4703975,SR-109 & US-70,Lebanon,TN,460,2.87233333,36.199381,-86.344634
72559,SUN TRAVEL CENTER,I-55 EXIT 114A,Canton,MS,760,3.499,32.598419,-90.032191
72560,AMOCO,US 131 & US 12,White Pigeon,MI,465,3.559,41.795234,-85.650406
72560,AMOCO,US 131 & US 12,White Pigeon,MI,465,3.599,41.795234,-85.650406
72561,7-ELEVEN #38638,I-25 Exit 235,Erie,CO,800,3.399,40.040287,-105.038310
72562,7-ELEVEN #17703,US HWY 11,Martinsburg,WV,70,3.249,39.457769,-77.978212
72563,RACEWAY #6991,I-65 Exit 19 & US-43,Creola,AL,715,2.949,30.874249,-88.009537
72565,WEIGEL'S #102,I-75 & SR-30,Athens,TN,405,3.34733333,35.456809,-84.604522
72566,Loves  Travel Stop #826,I-70 Exit 75,Parachute,CO,800,3.59566666,39.446642,-108.054907
72567,THE TEXAN #12,US 87,La Vernia,TX,740,3.049,29.353106,-98.125777
72569,RACETRAC #204,US-19 & SR-400,Dawsonville,GA,18,3.319,34.433651,-84.124449
72570,Lake View Cheese & Liquor,I-43,Belgium,WI,444,3.25566666,43.501807,-87.847551
72571,MAVERIK #719,I-82 EXIT 33,Yakima,WA,962,3.909,46.590938,-120.549400
72571,MAVERIK #719,I-82 EXIT 33,Yakima,WA,962,3.899,46.590938,-120.549400
72571,MAVERIK #719,I-82 EXIT 33,Yakima,WA,962,3.929,46.590938,-120.549400
72572,GOOD 2 GO #713/ONE9 #1432,I-76 EXIT 21,Brighton,CO,800,3.269,39.965676,-104.794056
72572,GOOD 2 GO #713 DBA ONE9 #1432,I-76 EXIT 21,Brighton,CO,800,3.199,39.965676,-104.794056
72574,Loves Travel Stop #831,"I-10 & Fort Grant Rd, Exit 340",Willcox,AZ,980,3.33233333,32.251804,-109.835698
72575,Loves Travel Stop #864,US-98,Lucedale,MS,715,3.449,30.931213,-88.595896
72576,Pride Travel Center South,"I-291 & SR-5, EXIT 4",South Windsor,CT,100,3.909,41.838090,-72.577836
72577,QUIKTRIP #7205,"I-80, EXIT 161",Lansing,IL,365,3.079,41.565004,-87.546004
72577,QUIKTRIP #7205,"I-80, EXIT 161",Lansing,IL,365,3.249,41.565004,-87.546004
72577,QUIKTRIP #7205,"I-80, EXIT 161",Lansing,IL,365,3.179,41.565004,-87.546004
72578,QUIKTRIP #7247,"I-55, EXIT 85",Byram,MS,760,2.91566666,32.192137,-90.286965
72579,Raceway #6986,US-378 & CR-467,Sumter,SC,135,2.979,33.940848,-80.395543
72580,KWIK TRIP #1267,SR 29,Chippewa Falls,WI,295,3.39233333,44.934653,-91.389165
72581,FASTRAC MARKET #500266,I-87 Exit 18,Queensbury,NY,12,3.999,43.368207,-73.673872
72582,FASTRAC MARKET #500242,SR-12 & SR-5A,Utica,NY,235,3.999,43.096382,-75.225983
72582,FASTRAC MARKET #500242,SR-12 & SR-5A,Utica,NY,235,3.899,43.096382,-75.225983
72583,SHEETZ #769,I-80 Exit 232,Bloomsburg,PA,138,3.329,41.002717,-76.456580
72584,ONE9 #1359,"I-80, EXIT 30",Sparks,NV,966,3.549,39.574341,-119.715154
72585,GAS N WASH GREEN OAKS,"I-94, EXIT 16",Libertyville,IL,290,3.559,42.284667,-87.966503
72585,GAS N WASH GREEN OAKS,"I-94, EXIT 16",Libertyville,IL,290,3.599,42.284667,-87.966503
72586,Loves Travel Stop #875,"I-49, Exit 15",Opelousas,LA,730,3.08566666,30.524897,-92.081654
72587,Allsups Convenience #2416,I-20 EXIT 244 AND HWY 70,Sweetwater,TX,575,2.884,32.469389,-100.408651
72588,ALLSUPS CONVENIENCE #2430,US 380,Jacksboro,TX,630,3.044,33.225763,-98.159169
72589,ALLSUPS CONVENIENCE #2056,US 287,Memphis,TX,585,2.929,34.726734,-100.541655
72590,MAVERIK #716,I-80 & SR-351,Wells,NV,835,3.39233333,41.113155,-114.953537
72591,Quiktrip #7173,"I-20, EXIT 156",Pell City,AL,587,2.999,33.560312,-86.263634
72592,QUIKTRIP #7191,US-45 & I-57,Effingham,IL,510,3.199,39.120662,-88.550859
72592,QUIKTRIP #7191,US-45 & I-57,Effingham,IL,510,2.999,39.120662,-88.550859
72594,Quiktrip #7900,I-30 & FM-989,Texarkana,TX,766,2.85733333,33.449204,-94.085008
72596,Hucks Food & Fuel #401 dba Pilot #1360,"I-69, EXIT 25",Mayfield,KY,490,3.599,36.737459,-88.644491
72597,CIRCLE K #4705697,US 422,Warren,OH,573,3.61233333,41.239564,-80.816015
72599,FATDOGS LEXINGTON,US-283,Lexington,NE,475,2.979,40.777453,-99.746755
72606,PETRO-CARD 24 #910474,US-65,Malta Bend,MO,276,3.439,39.193986,-93.363500
72607,TOWN PUMP FOOD STORE #6300,I-90 & US-191,Big Timber,MT,786,3.539,45.834782,-109.948266
72608,Petro-Card 24 #910640,US-61,Perryville,MO,275,3.099,37.726330,-89.876493
72610,JORDANS KWIK STOP #6,I-55 Exit 48 & SR-140,Osceola,AR,418,3.01233333,35.690217,-89.988295
72611,Kwik Trip # 1722,SR 35 & SR 553,Gwinn,MI,395,3.819,46.285373,-87.441915
72612,PETRO-CARD 24 #910411,I-44 & SR-32,Lebanon,MO,535,3.099,37.672131,-92.659670
72614,FAST FUEL FOOD STORES,SR-4,Gassaway,WV,44,3.56566666,38.666723,-80.770361
72615,U STOP #4,US-6 ,Lincoln,NE,413,3.399,40.810284,-96.674856
72619,MARTYVILLE MARATHON,SR-25,Tishomingo,MS,742,3.279,34.638284,-88.229144
72620,CENEX,US-2 ,Leeds,ND,452,3.249,48.287207,-99.434292
72621,PETRO-CARD 24 #1047,SR-240,Slater,MO,276,3.459,39.223279,-93.065347
72622,Phillips 66,US- 60 & HWY AD,Dexter,MO,275,3.40233333,36.792821,-89.962969
72623,LENNYS FOOD N FUEL,US-6,Joliet,IL,296,3.499,41.516866,-88.147963
72623,LENNYS FOOD N FUEL,US-6,Joliet,IL,296,3.299,41.516866,-88.147963
72623,LENNYS FOOD N FUEL,US-6,Joliet,IL,296,3.399,41.516866,-88.147963
72623,LENNYS FOOD N FUEL,US-6,Joliet,IL,296,3.659,41.516866,-88.147963
72625,PETRO-CARD 24,SR-46 & US-71,Maryville,MO,567,3.129,40.342515,-94.870048
72626,MFA OIL,SR-18,Lake City,AR,418,3.399,33.329180,-91.284794
72628,Gas Pro 6,SR-121 & US-25,Trenton,SC,135,3.46566666,33.740557,-81.840937
72629,MFA #910600,SR-28,Owensville,MO,392,3.299,38.348438,-91.497361
72630,PETRO-CARD 24 #910250,US-54 BUS,Fulton,MO,392,3.299,38.855146,-91.950802
72631,THORNTONS #221348,I-355 & SR-7,Homer Glen,IL,296,3.849,41.605179,-87.952373
72631,THORNTONS #221348,I-355 & SR-7,Homer Glen,IL,296,3.899,41.605179,-87.952373
72631,THORNTONS #221348,I-355 & SR-7,Homer Glen,IL,296,3.899,41.605179,-87.952373
72631,THORNTONS #221348,I-355 & SR-7,Homer Glen,IL,296,3.899,41.605179,-87.952373
72631,THORNTONS #221348,I-355 & SR-7,Homer Glen,IL,296,3.849,41.605179,-87.952373
72631,THORNTONS #221348,I-355 & SR-7,Homer Glen,IL,296,3.899,41.605179,-87.952373
72633,Petro-Card 24 #910830,SR-52,Windsor,MO,400,3.499,38.532265,-93.522945
72634,MURPHY USA #7827,US-385 & US-60,Hereford,TX,585,2.829,34.822603,-102.400159
72635,GULF,SR-140,Boylston,MA,34,3.839,42.355049,-71.716157
72637,AZTEX #104,I-40 Exit 398,Knoxville,TN,405,3.359,35.970680,-83.949270
72639,ALLSUPS #2423,US-377 & US-70,Madill,OK,253,2.959,34.087080,-96.774665
72640,Kwik Trip # 1721,SR 553 & FM 480,Marquette,MI,395,3.819,46.550698,-87.395833
72642,LOVES TRAVEL STOP #857,US-95 & US-6,Tonopah,NV,910,3.71566666,38.082160,-117.224586
72643,ONCUE #147,"I-44, EXIT 12",Oklahoma City,OK,483,3.049,35.467079,-97.513657
72644,MAVERIK COUNTRY STORE #642,I-25 EXIT 262,Fort Collins,CO,800,3.259,40.548216,-105.064833
72645,MAVERIK #723,"I-10, EXIT 240",Marana,AZ,980,3.04566666,32.465936,-111.135405
72646,TOOT N TOTUM #131,US 87,Lamesa,TX,710,3.109,32.733338,-101.953773
72647,RACEWAY #6972,US-83 & US-43,Demopolis,AL,615,3.07733333,32.499744,-87.826678
72649,Love's Travel Stop #891,US 93,Jackpot,NV,835,3.62733333,41.979455,-114.664598
72650,Loves Travel Stop #862,I-35 Exit 65,Cotulla,TX,693,3.589,28.436376,-99.236711
72651,QUIKTRIP #7132,"I-16, EXIT 152",Bloomingdale,GA,195,3.03233333,32.124998,-81.308387
72652,Quiktrip #4148,I-35 & GRAND AVE PKWY,Pflugerville,TX,595,2.88233333,30.447765,-97.602116
72653,Quiktrip #7153,US-78 & EXIT #4,Olive Branch,MS,435,2.91566666,34.955752,-89.841153
72655,RACEWAY #6988,US-79 & US-41,Clarksville,TN,460,2.999,36.566430,-87.345216
72656,ALLSUPS #2437,HWY 176 & HWY 115,Andrews,TX,710,3.39566666,32.321336,-102.551846
72660,RACEWAY #6989,US-157 & COURT ST ,Moulton,AL,615,3.049,34.488301,-87.282707
72663,LOC STOP TRAVEL CENTER,US-82,Dawson,GA,10,3.499,31.771864,-84.443499
72664,RACETRAC #2606,"I-30, EXIT 32B & SR-181",Grand Prairie,TX,630,2.92566666,32.678930,-97.020743
72666,CIRCLE K #2707043,"I-75/SR-401, EXIT 39 & SR-37",Adel,GA,20,2.999,31.124800,-83.425485
72667,LOVES TRAVEL STOP #884,"I-30, Exit 46",Prescott,AR,635,3.47566666,33.804320,-93.391207
72668,LOVES TRAVEL STOP #350,"I-19, Exit 12",Nogales,AZ,980,3.609,31.361928,-110.934820
72669,Quiktrip #356,US-81 & S Victoria RD,Wichita,KS,570,3.194,37.690638,-97.345836
72672,7-Eleven #42205,US 79,Hearne,TX,765,3.449,30.877062,-96.595217
72674,QUIKTRIP #7190,I-64 EXIT 94,Mount Vernon,IL,540,3.199,38.314205,-88.917470
72674,QUIKTRIP #7190,I-64 EXIT 94,Mount Vernon,IL,540,3.099,38.314205,-88.917470
72674,QUIKTRIP #7190,I-64 EXIT 94,Mount Vernon,IL,540,3.399,38.314205,-88.917470
72675,Maverik Country Store #715,I-80 EXIT 107,Big Springs,NE,475,3.10066666,41.060902,-102.074466
72676,KWIK TRIP #1212,"I 90, EXIT 43 ",Worthington,MN,425,3.164,43.628733,-95.599702
72677,KWIK TRIP #1256,SR 2 E,Iron Mountain,MI,360,3.279,45.826888,-88.059435
72677,KWIK TRIP #1256,SR 2 E,Iron Mountain,MI,360,3.399,45.826888,-88.059435
72677,KWIK TRIP #1256,SR 2 E,Iron Mountain,MI,360,3.289,45.826888,-88.059435
72678,FLYING J #1056,I-90/ I-80,Edon,OH,550,3.899,41.556168,-84.769373
72679,TEX BEST #532,US-281 & HWY 186,Edinburg,TX,639,3.02066666,26.318374,-98.153480
72680,RACEWAY #6990,US-98,Foley,AL,155,3.07566666,30.397071,-87.668458
72681,MAVERIK #691,I-76 EXIT 3,Denver,CO,800,3.284,39.761850,-104.881105
72682,Maverik #695,I-15 EXIT 276,American Fork,UT,835,3.349,40.377877,-111.795074
72683,HUCKS FOOD & FUEL #383,SR-57,Evansville,IN,340,3.759,37.987737,-87.534705
72685,CHUBBYS TRAVEL CENTER,"I-35, Exit 127",Natalia,TX,740,2.97233333,29.185467,-98.852054
72687,Kwik Trip #1203,US-71 & Airport Rd,Redwood Falls,MN,425,3.349,44.547125,-95.102637
72688,SHEETZ #772,I-70 EXIT 59,Springfield,OH,317,3.054,39.928908,-83.794241
72689,ROAD RANGER #285,I-10 EXIT 605,Seguin,TX,740,3.11066666,29.590227,-97.968607
72690,Noble East Lyme,"I-95, EXIT 75",East Lyme,CT,100,3.759,41.356068,-72.229843
72691,KUM & GO #2402,US 60,Springfield,MO,535,3.17566666,37.194157,-93.292642
72693,Kum & Go #2404,US 60,Aurora,MO,535,3.119,36.967436,-93.718596
72694,7-ELEVEN #42195,I-385 EXIT 23,Fountain Inn,SC,30,3.11566666,34.696650,-82.202129
72695,Quiktrip #7906,"I-20, EXIT 617 & US-59",Marshall,TX,766,2.83733333,32.539159,-94.353173
72698,QUIKTRIP #7242,"I-10, EXIT 31",Gulfport,MS,733,2.91566666,30.419487,-89.069022
72699,Quiktrip #7195,"I-355, EXIT 29",Addison,IL,290,3.079,41.930782,-88.008987
72699,Quiktrip #7195,"I-355, EXIT 29",Addison,IL,290,3.269,41.930782,-88.008987
72699,Quiktrip #7195,"I-355, EXIT 29",Addison,IL,290,3.179,41.930782,-88.008987
72700,RACEWAY #6726,"I-30, Exit 172",Thomson,GA,135,3.399,33.469270,-82.495116
72701,Loves Travel Stop #887,I-55 EXIT 178,Herculaneum,MO,540,3.15566666,38.257558,-90.393130
72702,Loves Travel Stop #854,I-49 EXIT 215,Shreveport,LA,745,2.93733333,32.466879,-93.792193
72705,SHEETZ #795,US-460 & CR-629,Disputanta,VA,180,2.98233333,37.123551,-77.224856
72706,Sheetz #790,I-77 EXIT 100,Mount Airy,NC,65,2.859,36.508487,-80.614538
72707,QUIKTRIP #4299,"I-25, EXIT 158",Monument,CO,796,3.159,39.074406,-104.844221
72709,KWIK TRIP #1299,FM 164,Sussex,WI,444,3.28566666,43.134854,-88.226041
72710,KWIK STAR #1285,I-229 EXIT 9,Sioux Falls,SD,530,2.95233333,43.540696,-96.731962
72711,Kwik Trip #1260,FM 65 ,Roberts,WI,448,3.424,44.973298,-92.550082
72713,Kwik Star #1217,FM 11,Sioux Falls,SD,530,2.939,43.540696,-96.731962
72714,LOVES TRAVEL STOP  #771,I-85 & SR-18,West Point,GA,720,3.679,32.898518,-85.141499
72715,FLYING J TRAVEL PLAZA #1372,"I-40, EXIT 28",Yucca,AZ,910,3.849,34.862993,-114.146145
72715,FLYING J #1372,"I-40, EXIT 28",Yucca,AZ,910,3.999,34.862993,-114.146145
72716,RACEWAY #7000,US-1 & SR-40,Folkston,GA,75,3.099,30.839068,-82.007342
72719,TA EXPRESS LITTLEFIELD,"I-15, EXIT 8",Littlefield,AZ,910,3.679,36.865925,-113.935976
72721,Racetrac #2625,SR 72 E & SHIELDS RD,Huntsville,AL,615,2.97733333,34.697720,-86.676670
72723,ONE9 #1362,"I-40, EXIT 253",Winslow,AZ,930,3.22566666,35.024236,-110.709331
72724,ONE9 #484,I-40 EXIT 146,Ash Fork,AZ,930,3.329,35.217187,-112.491300
72725,CASEYS #4481,US 75,Denison,TX,253,2.93566666,33.766936,-96.580667
72727,CASEYS #4319,SR-141,Perry,IA,320,3.129,41.837907,-94.093255
72728,CASEYS #4304,FM 103 & Belten Dr,Crete,NE,413,3.45733333,40.624769,-96.952498
72732,KUM & GO #2212,I-35 EXIT 89,Ankeny,IA,320,3.13233333,41.731281,-93.601074
72733,Parker's #94,US-17 N,Georgetown,SC,42,2.989,33.372432,-79.280793
72734,7-ELEVEN #41940,I-95,West Haven,CT,100,3.999,41.272121,-72.967497
72735,7-Eleven #41376,I-26 Exit 154B,Orangeburg,SC,42,3.22566666,33.493596,-80.866880
72736,FRIENDLY GUS STORE #12,I-16 Exit 49,Dublin,GA,85,3.27566666,32.535471,-82.928807
72737,Mollys Food and Fuel,"I-20, EXIT 175 & SR-150",Thomson,GA,135,3.499,33.469270,-82.495116
72738,BREAK TIME #3172,US-50/US-63,Jefferson City,MO,310,3.33566666,38.567461,-92.175254
72739,MAVERIK #712,US 70 & US 54,Alamogordo,NM,640,3.05566666,32.883619,-105.963607
72740,Caseys #4303,"I-80, EXIT 257 & US-183",Elm Creek,NE,475,3.03233333,40.720084,-99.375590
72741,Caseys #4298,"I-55, EXIT 220 & SR-47",Dwight,IL,368,3.349,41.098705,-88.422077
72743,PEOTONE TRAVEL CENTER,I-57 & SR-25,Peotone,IL,290,3.459,41.330733,-87.796345
72743,PEOTONE TRAVEL CENTER,I-57 & SR-25,Peotone,IL,290,3.499,41.330733,-87.796345
72745,Loves Travel Stop #870,US-81 Exit 12 & SR-12,Watertown,NY,220,4.149,43.973292,-75.910039
72746,PARKERS #103,"I-26, Exit 205A",Ladson,SC,42,3.28233333,33.009482,-80.107993
72747,One9 #1358,"I-40,  EXIT 16",Gallup,NM,580,3.24566666,35.513753,-108.743733
72748,HORIZON TRAVEL PLAZA,US-411,Cartersville,GA,193,2.934,34.164579,-84.801704
72749,KWIK TRIP #1282,FM 42 & S Duluth Ave,Sturgeon Bay,WI,582,3.50733333,44.822676,-87.369806
72750,QUIKTRIP #1943,I-35 EXIT 368 & SR 22,Hillsboro,TX,641,2.919,32.007831,-97.115652
72752,QUIKTRIP #7178,I-65 EXIT 13 & SR 158,Saraland,AL,715,2.95733333,30.854509,-88.109809
72753,QUIKTRIP #7908,I-40 EXIT 73,Amarillo,TX,585,2.874,35.199903,-101.830194
72754,RACETRAC #2495,US 41 & US 19,Griffin,GA,85,3.229,33.243188,-84.271861
72756,Loves Travel Stop #876,I-94 Exit 34A,Michigan City,IN,365,3.789,41.708776,-86.866875
72757,Loves Travel Stop #860,I-59 EXIT 1,Picayune,MS,725,3.15566666,30.530820,-89.670628
72758,CEFCO #1117,I-20 EXIT 617,Marshall,TX,766,2.83233333,32.539159,-94.353173
72759,Allsups Convenience Store #2461,US-87 & SR-137,Lamesa,TX,612,3.099,32.733338,-101.953773
72760,RaceWay #6999,US-84 & US-319,Thomasville,GA,20,3.16566666,30.839422,-83.978781
72761,RACETRAC #2629,US-72/US-43 & SR-20,Tuscumbia,AL,615,2.999,34.718502,-87.702586
72763,FASTRAC MARKET #500270,SR-5/SR-13,Canastota,NY,235,4.349,43.084149,-75.755495
72763,FASTRAC MARKET #500270,SR-5/SR-13,Canastota,NY,235,4.449,43.084149,-75.755495
72764,CUMBERLAND FARMS #004783,US-5,East Windsor,CT,100,4.049,41.904009,-72.564473
72765,FASTRAC MARKET #500203,SR-104 & CR-256,Wolcott,NY,190,3.819,43.222785,-76.812133
72765,FASTRAC MARKET #500203,SR-104 & CR-256,Wolcott,NY,190,3.799,43.222785,-76.812133
72766,QUIKTRIP #1873,US 287  33.054731932354194,Rhome,TX,630,2.899,33.078895,-97.493199
72767,QUIKTRIP #4227,I-25 EXIT 243,Mead,CO,800,3.14733333,40.226999,-104.988323
72768,ROAD RANGER #287,I-57 EXIT 318,Bourbonnais,IL,290,3.339,41.182491,-87.878677
72768,ROAD RANGER #287,I-57 EXIT 318,Bourbonnais,IL,290,3.379,41.182491,-87.878677
72769,TOOT N TOTUM #132,US 84,Lubbock,TX,585,2.97066666,33.561901,-101.888883
72770,RACETRAC #2634,I-95 Exit 77 & US-78,Saint George,SC,42,2.999,33.186073,-80.579459
72771,RACETRAC #2635,I-85 EXIT 44A,Greenville,SC,30,2.899,34.836902,-82.362997
72772,RACEWAY #6998,US-501 & SR-576,Marion,SC,42,3.01566666,34.178658,-79.395659
72773,RaceTrac #2626,I-20 Exit 472,Dallas,TX,630,2.864,32.793333,-96.766513
72774,STUCKEYS TRAVEL CENTER,I-10 EXIT 451,Orange,TX,610,2.80733333,30.123528,-93.754548
72775,CEFCO #2089,I-20 EXIT 288,Abilene,TX,575,2.76566666,32.454514,-99.738147
72776,MARATHON,"1-75, Exit 80",Sycamore,GA,85,3.299,31.671652,-83.635525
72778,KWIK STAR #1208,US-75,Sioux Center,IA,530,3.199,43.076147,-96.171108
72779,KWIK TRIP #1276,"I-90/I-39, EXIT 1 & SR-75",South Beloit,IL,290,3.469,42.484842,-89.027433
72779,KWIK TRIP #1276,"I-90/I-39, EXIT 1 & SR-75",South Beloit,IL,290,3.299,42.484842,-89.027433
72779,KWIK TRIP #1276,"I-90/I-39, EXIT 1 & SR-75",South Beloit,IL,290,3.449,42.484842,-89.027433
72781,SHEETZ #774,I-70 & SR-83,New Concord,OH,430,3.059,39.993658,-81.738064
72783,SHEETZ #770,I-70 & US-42,London,OH,315,2.999,39.892845,-83.438875
72784,Maverik Country Store #724,"I-80/US-30, EXIT 221",Rawlins,WY,838,3.289,41.785130,-107.224653
72785,GAS N WASH,US 30,Crest Hill,IL,290,3.359,41.574360,-88.113261
72785,GAS N WASH,US 30,Crest Hill,IL,290,3.299,41.574360,-88.113261
72786,QUIKTRIP #333,"I-135, EXIT 31",Newton,KS,570,2.949,38.037683,-97.345018
72787,QUIKTRIP #7011,"I-35, EXIT 118",Oklahoma City,OK,483,3.03233333,35.467079,-97.513657
72788,MAVERIK #700,I-25 EXIT 215,Denver,CO,800,3.289,39.761850,-104.881105
72789,RACETRAC #237,HWY 30 & ROBERT WILSON RD,Gonzales,LA,600,3.17233333,30.212739,-90.922402
72791,LOVES TRAVEL STOP #850,SR-491 & RD. G,Cortez,CO,614,3.48233333,37.349783,-108.576687
72792,QUICKLEES,"I-190, EXIT 23",Niagara Falls,NY,38,3.999,43.092841,-79.014743
72793,TA EXPRESS BLAINE #917,"I-5, Exit 275",Blaine,WA,850,4.139,48.987190,-122.748770
72795,REFUEL #1337,SR-45/CR-1625,Buda,TX,595,2.999,30.074520,-97.851239
72796,PILOT #1399,"SR-303, EXIT 107",Litchfield Park,AZ,930,3.599,33.501761,-112.359470
72796,PILOT DEALER #1399,"SR-303, EXIT 107",Litchfield Park,AZ,930,3.584,33.501761,-112.359470
72797,KWIK TRIP #1215,"I-94, EXIT 135",Melrose,MN,451,3.32733333,45.677008,-94.814774
72798,Casey's #4539,US-75,Rock Rapids,IA,530,3.349,43.427899,-96.166347
72799,CASEYS #4384,"I-88 & SR-26, EXIT 54",Dixon,IL,520,3.479,41.843288,-89.477547
72799,CASEYS #4384,"I-88 & SR-26, EXIT 54",Dixon,IL,520,3.499,41.843288,-89.477547
72801,CASEYS #4388,"US-64, EXIT 29",Beebe,AR,645,3.189,35.072433,-91.901059
72802,Racing Mart Store,"I-495, Exit 36A",Wrentham,MA,175,3.899,42.052671,-71.356858
72803,Llanos Country Corner,"I-10/US-83, EXIT 456 & US-377",Junction,TX,740,2.919,30.490759,-99.773222
72805,Stripes #42242,"SR 181, HWY 188",Sinton,TX,625,3.259,28.037188,-97.501457
72806,TA HOSSTON #939,"I-49, Exit 237",Hosston,LA,745,2.92233333,32.886080,-93.882689
72808,Allsups Convenience #2463,US-377,Aubrey,TX,630,2.899,33.308550,-96.979088
72809,LOVES TRAVEL STOP #894,I-95 EXIT 305,Saint Augustine,FL,75,3.44233333,29.896152,-81.311128
72810,QUIKTRIP #7,"I-244/US-412, Exit 10",Tulsa,OK,560,3.119,36.127949,-95.902316
72811,QUIKTRIP #50,SR-51,Broken Arrow,OK,560,3.129,36.036529,-95.780996
72812,Kwik Trip #748,US 8,Barron,WI,295,3.664,45.402192,-91.844350
72813,Allsups #2425,Hwy 144,Granbury,TX,630,3.029,32.432805,-97.775149
72814,ALLSUPS #2468,"I35, EXIT 5",Thackerville,OK,253,2.91733333,33.787526,-97.139182
72815,QUIKTRIP #7194,I-74 EXIT 182,Champaign,IL,280,3.299,40.114099,-88.274619
72815,QUIKTRIP #7194,I-74 EXIT 182,Champaign,IL,280,3.199,40.114099,-88.274619
72815,QUIKTRIP #7194,I-74 EXIT 182,Champaign,IL,280,3.099,40.114099,-88.274619
72816,QUIKTRIP #7914,I-27 EXIT 117,Amarillo,TX,585,2.84566666,35.199903,-101.830194
72817,QUIKTRIP #4174,I-35 Exit 285,Salado,TX,765,2.91566666,30.948383,-97.528337
72818,QUIKTRIP #7174,"I-65, EXIT 168",Montgomery,AL,720,2.999,32.348503,-86.267307
72819,QUIKTRIP #7925,I-69W,Laredo,TX,693,2.85066666,27.560379,-99.489181
72820,QUARLES #54232,us-385,Crane,TX,710,3.88566666,31.391782,-102.350269
72821,QUARLES #54231,CR-23 & CR-33,Eunice,NM,593,3.699,32.436147,-103.149043
72822,QUARLES #54225,US-83,Abilene,TX,575,3.499,32.454514,-99.738147
72827,QUARLES #54259,FM-1936,Odessa,TX,710,3.699,31.880461,-102.345314
72828,QUARLES #54250,US-80,Abilene,TX,575,3.31233333,32.454514,-99.738147
72830,QUARLES #54261,"I-20, EXIT 37",Pecos,TX,710,3.749,31.471918,-103.701761
72831,QUARLES #54262,CR-64,Hobbs,NM,593,3.699,32.729089,-103.160588
72835,QUARLES #54277,SR-137,Big Lake,TX,739,3.849,31.194112,-101.453406
72836,QUARLES #54281,SR-208,Snyder,TX,700,3.66566666,32.713561,-100.911902
72837,QUARLES #54284,US-285,Loving,NM,593,3.799,32.286235,-104.097756
72839,QUARLES #54293,CR-64,Hobbs,NM,593,3.699,32.729089,-103.160588
72841,QUARLES #54296,SR-214 & CR-370,Denver City,TX,700,3.799,32.967871,-102.832225
72844,QUARLES #54332,US-285,Pecos,TX,710,3.759,31.471918,-103.701761
72847,QUARLES #54341,US-87,Big Spring,TX,612,3.649,32.238341,-101.485739
72848,QUARLES #54347,US-67 ,Rankin,TX,710,3.699,31.225360,-101.939438
72849,QUARLES #54349,CR-1140,Midland,TX,710,3.66566666,32.024642,-102.113467
72851,QUARLES #54367,FM-1787,Midland,TX,710,3.799,32.024642,-102.113467
72853,QUARLES #54520,SR-589,Purvis,MS,620,2.979,31.146366,-89.406281
72855,GAS N WASH,SR 59,Plainfield,IL,399,3.559,41.619669,-88.226924
72855,GAS N WASH,SR 59,Plainfield,IL,399,3.599,41.619669,-88.226924
72857,7-ELEVEN #42019,SR-3 & SR-4,Yukon,OK,483,3.159,35.518409,-97.766172
72859,CASEYS #4286,SR-32,Crawfordsville,IN,375,3.56233333,40.041092,-86.897682
72860,Circle K #2707070,"SR 378, Route 467",Sumter,SC,42,2.99233333,33.940848,-80.395543
72861,SPRINT MART #4143,"I-20, EXIT 89",Vance,AL,615,3.059,33.173992,-87.226627
72863,Double Quick #92,US-61,Cleveland,MS,655,3.18233333,33.744008,-90.728476
72864,SUNSTOP #430,US-27,Bainbridge,GA,20,3.599,30.904933,-84.573047
72867,Maverik #731,I-15 EXIT 190,Helena,MT,816,3.549,46.595465,-112.018746
72868,MAVERIK #737,I-15 EXIT 116,Idaho Falls,ID,825,3.40566666,43.489616,-112.035340
72869,MAVERIK #738,I-90 EXIT 129,Gillette,WY,790,3.359,44.272580,-105.498936
72871,Maverik #727,I-8 EXIT 3,Yuma,AZ,930,3.179,32.516286,-114.521782
72872,QUIKTRIP #7926,US 59 & SR 20,Laredo,TX,693,2.859,27.560379,-99.489181
72873,QUIKTRIP #7206,I-39 EXIT 15 & US 20 ,Rockford,IL,520,3.199,42.259300,-89.063478
72873,QUIKTRIP #7206,I-39 EXIT 15 & US 20 ,Rockford,IL,520,3.119,42.259300,-89.063478
72873,QUIKTRIP #7206,I-39 EXIT 15 & US 20 ,Rockford,IL,520,2.969,42.259300,-89.063478
72873,QUIKTRIP #7206,I-39 EXIT 15 & US 20 ,Rockford,IL,520,3.019,42.259300,-89.063478
72874,QUIKTRIP #4076,I-35 EXIT 191,New Braunfels,TX,740,2.91566666,29.699306,-98.115127
72875,QUIKTRIP #4183,SR 195 & Shell RD,Georgetown,TX,595,2.91566666,30.668136,-97.698744
72876,QUIKTRIP #1139,"I-385, EXIT 23",Fountain Inn,SC,30,3.01733333,34.696650,-82.202129
72877,QUIKTRIP #7177,"I-10, EXIT 15A",Theodore,AL,715,2.88233333,30.538686,-88.187573
72879,QUIKTRIP #4002,US-87,Comfort,TX,595,2.96566666,29.972311,-98.904698
72880,PARKERS #97,US 80,Bloomingdale,GA,195,3.03233333,32.124998,-81.308387
72882,CASEYS #4330,"I-40, EXIT 221",Okemah,OK,483,2.92566666,35.429269,-96.300309
72884,CEFCO #435,"I-10, EXIT 44 & US-90",Loxley,AL,715,3.02566666,30.684588,-87.739213
72885,RACEWAY #6960,US-431 & Westgate PKWY,Dothan,AL,10,3.199,31.233698,-85.406823
72886,PILOT #1381,US-190 & Rose Marie Blvd,Hearne,TX,670,3.499,30.877062,-96.595217
72888,STRIPES #42591,US-87,Mason,TX,595,3.299,30.747713,-99.228603
72889,DK,SR 83,Denver City,TX,700,3.319,32.967871,-102.832225
72891,GAS N WASH,"I-57, EXIT 354",Alsip,IL,365,3.599,41.670270,-87.737085
72891,GAS N WASH,"I-57, EXIT 354",Alsip,IL,365,3.399,41.670270,-87.737085
72893,Racetrac #2586,I-95 & 20th ST,Vero Beach,FL,140,3.159,27.647220,-80.393136
72894,Allsups Convenience Store #2458,US-287 & FM-1655,Alvord,TX,630,2.899,33.357052,-97.696224
72895,Allsups#2465,SR 7,Davis,OK,569,2.96733333,34.429427,-97.174438
72896,PILOT #1283,I-45 & SR-31,Corsicana,TX,630,3.04233333,32.082404,-96.466700
72899,RACEWAY #7002,US 79 & 59,Carthage,TX,766,2.82066666,32.152046,-94.337111
72901,FATDOGS GRAND ISLAND TRAVEL CENTER,I-80 & HWY 281,Grand Island,NE,330,2.979,40.921352,-98.358559
72902,CIRCLE K #2704593,SR-24 &  SR-690,Spring Lake,NC,63,3.079,35.184590,-78.994722
72903,Kent Kwik #221,SR-338,Odessa,TX,710,2.989,31.880461,-102.345314
72904,CEFCO #112,US-281,Marble Falls,TX,595,2.929,30.560168,-98.277286
72905,TA EXPRESS PLEASANTON #445,I-37 EXIT 109,Pleasanton,TX,740,3.099,28.964036,-98.495963
72906,Maverik #734,I-25 EXIT 94,Pueblo,CO,796,3.289,38.269228,-104.610816
72907,QUIKTRIP #7913,"I-20, EXIT 20 & SR-18",Monahans,TX,710,2.859,31.655721,-103.083694
72908,QUIKTRIP #1042,"I-85, EXIT 17B & US-321",Gastonia,NC,46,3.264,35.248999,-81.184834
72909,FAT DOGS LINCOLN TC,"I-80, EXIT 399",Lincoln,NE,475,3.099,40.810284,-96.674856
72910,Ogden Cardlock (Bulk Plant),I-15 EXIT 343,Ogden,UT,835,3.489,41.228391,-111.968147
72912,Salina Cardlock (Bulk Plant),I-70 EXIT 56,Salina,UT,791,3.449,38.938839,-111.865209
72916,CASEYS #2562,SR 140 & SR 156,Ellsworth,KS,357,3.46566666,38.733875,-98.228017
72918,QUIKTRIP #7076,"I-75, EXIT 101 ",Cordele,GA,10,3.03233333,31.956090,-83.770077
72919,QUIKTRIP #7096,I-75 & EXIT 51,Dayton,OH,317,3.03233333,39.784743,-84.199632
72920,Circle K #4701686,"I-70, Exit 224 & SR-370",Saint Peters,MO,540,3.05066666,38.781565,-90.604168
72921,CIRCLE K #4701677,"I-44, Exit 226",Sullivan,MO,540,3.324,38.212787,-91.163645
72922,SUNOCO,SR-640,Willoughby,OH,305,3.859,41.645285,-81.414353
72923,76,US-84,Brookhaven,MS,620,3.149,31.580567,-90.443386
72924,SHERMAN TRAVEL CENTER,SR-9 ,Senatobia,MS,435,3.029,34.608650,-89.980994
72925,AMOCO,US-52 & SR-340,Darlington,SC,135,3.199,34.301320,-79.867162
72926,Amoco,US-31 & US-10,Scottville,MI,456,3.359,43.951101,-86.279816
72926,Amoco,US-31 & US-10,Scottville,MI,456,3.399,43.951101,-86.279816
72926,Amoco,US-31 & US-10,Scottville,MI,456,3.379,43.951101,-86.279816
72927,Bell Stores #165,US-30 ,Wooster,OH,249,3.51566666,40.819060,-81.931557
72930,SPARTA CO-OP,SR-27,Sparta,WI,420,3.189,43.938249,-90.812705
72933,CHEVRON #385988,SR-124,Lithonia,GA,18,3.399,33.712954,-84.106200
72934,CIRCLE K #2706987,"I-37, Exit 118",Corpus Christi,TX,625,3.099,27.754252,-97.173385
72935,Circle K #2722258,US-17 & SR-40,Pierson,FL,140,3.40233333,29.241647,-81.456640
72936,Circle K #2707549,SR-471 & SR-48,Bushnell,FL,140,3.499,28.690157,-82.117661
72937,CIRCLE K #2723997,SR024,Stedman,NC,205,3.399,35.013483,-78.700121
72939,CIRCLE K #2655872,"I-75, Exit 252B",Atlanta,GA,18,3.50566666,33.762909,-84.422675
72940,Circle K #3909,SR-236,Clarksville,TN,460,3.329,36.566430,-87.345216
72941,CIRCLE K #2740389,I-55 & US-51,Hammond,LA,600,3.249,30.505650,-90.456493
72942,CIRCLE K #2742777,US-62/180,El Paso,TX,640,3.19066666,31.847780,-106.431106
72943,CIRCLE K #2706805,SR-415 & SR-76,Port Allen,LA,600,3.359,30.443835,-91.207410
72944,Circle K #2709094,US-62 & SR-327,Lubbock,TX,700,3.099,33.561901,-101.888883
72945,CIRCLE K #2707057,SR-59 & CR-12,Foley,AL,715,3.09233333,30.397071,-87.668458
72947,Circle K #9556,SR-202,Phoenix,AZ,930,3.38566666,33.572154,-112.090132
72948,CIRCLE K #2746514,SR-23,Watford City,ND,273,3.599,47.801492,-103.266731
72949,BOURBON TRAVEL PLAZA,US-30,Bourbon,IN,370,3.499,41.299394,-86.116852
72950,Conoco,US-95,MC DERMITT,NV,966,4.299,41.990328,-117.720796
72951,DK,SR-36,Abilene,TX,575,2.849,32.454514,-99.738147
72953,GRAND AVENUE EXPRESS,I-35 & FM-372,Gainesville,TX,253,2.999,33.638647,-97.148413
72956,Handee Hugos #1,SR-87,Riegelwood,NC,245,3.49733333,34.340103,-78.220362
72957,IRVING,SR-11,Augusta,ME,203,3.899,44.334904,-69.734199
72958,Jack Flash Pana,SR-16,Pana,IL,318,3.199,39.394604,-89.090809
72958,Jack Flash Pana,SR-16,Pana,IL,318,3.159,39.394604,-89.090809
72958,Jack Flash Pana,SR-16,Pana,IL,318,3.099,39.394604,-89.090809
72959,JORDANS #75,US-67,Newport,AR,418,3.299,35.623772,-91.231682
72960,KENT KWIK #206,FM-2020,Odessa,TX,710,3.02566666,31.880461,-102.345314
72963,MAVERIK #5358,"I-25, Exit 145",Colorado Springs,CO,796,3.33066666,38.867255,-104.760749
72965,Maverik #674,"I-15, Exit 45",North Las Vegas,NV,910,3.28233333,36.289865,-115.089181
72966,MCCLURE STORE #15,SR-9,Marion,IN,370,3.694,39.589618,-85.755854
72967,BINKS TENAHA QUICK STOP,US-59/US-84,Tenaha,TX,618,3.059,31.943709,-94.245706
72968,LOVES TRAVEL STOP #883,US-52 EXIT 120,Rural Hall,NC,65,3.57733333,36.224504,-80.296908
72969,LOVES TRAVEL STOP #555,US-30,Delphos,OH,411,3.30566666,40.846581,-84.336474
72970,PAC PRIDE,"I-96, Exit 26",Grand Rapids,MI,371,3.729,42.961156,-85.655570
72970,PAC PRIDE,"I-96, Exit 26",Grand Rapids,MI,371,3.659,42.961156,-85.655570
72970,PAC PRIDE,"I-96, Exit 26",Grand Rapids,MI,371,3.679,42.961156,-85.655570
72972,LOVES TRAVEL STOP #886,I-44 EXIT 29,Sarcoxie,MO,277,3.40066666,37.068571,-94.126920
72973,PETE'S 49,US-166 & US-169,Coffeyville,KS,307,3.214,37.032717,-95.651580
72974,USTOP 34,US-77,Lincoln,NE,413,3.499,40.810284,-96.674856
72975,SHEETZ #804,"I-95, Exit 41",Hope Mills,NC,63,2.859,34.969195,-78.959887
72976,RED DOG,"I-10, EXIT 72",Egan,LA,690,3.049,30.245515,-92.511594
72978,SHELL SERVICE STATION,SR-302,Byhalia,MS,435,3.099,34.869188,-89.689993
72979,RICKY ROCKETS,"I-57, EXIT 312",Kankakee,IL,399,3.399,41.101654,-87.863690
72979,RICKY ROCKETS,"I-57, EXIT 312",Kankakee,IL,399,3.379,41.101654,-87.863690
72981,Sprint Mart #2301,I-565 & CR-115,Madison,AL,742,3.49233333,34.710533,-86.762280
72982,SUNOCO,I-10 & SR-328,Breaux Bridge,LA,730,2.85566666,30.283099,-91.905919
72983,SUNSTOP #303,SR-100,Lake City,FL,75,3.55066666,30.188638,-82.642246
72984,TERRIBLE HERBST #341,US-95,Indian Springs,NV,910,3.899,36.571844,-115.720313
72985,THE PRIDE OF VILLA PARK,SR-64,Villa Park,IL,290,3.299,41.885612,-87.978235
72985,THE PRIDE OF VILLA PARK,SR-64,Villa Park,IL,290,3.349,41.885612,-87.978235
72986,THE PRIDE OF ELGIN,SR-31,Elgin,IL,520,3.499,42.038963,-88.325671
72987,The Texan,US-285 & CR-116,Pecos,TX,710,2.999,31.471918,-103.701761
72988,Thorntons #221354,US-12,Lake Zurich,IL,293,3.399,42.195009,-88.087729
72988,Thorntons #221354,US-12,Lake Zurich,IL,293,3.349,42.195009,-88.087729
72989,THORNTONS #442562,SR-63,Monroe,OH,407,3.199,39.445990,-84.365772
72990,TA Express Jonesboro,I-555 EXIT 39,Jonesboro,AR,435,3.39233333,35.819755,-90.679033
72991,THORNTONS #221345,US-20 ,Hanover Park,IL,297,3.759,41.982485,-88.142870
72995,LOVES TRAVEL STOP #569,I-84 EXIT 304,Baker City,OR,982,3.45733333,44.774972,-117.831808
72996,LOVES TRAVEL STOP #504,I-76 EXIT 232,North Lima,OH,573,3.78733333,40.947372,-80.664007
72998,83 FUEL STOP,US-83,Catarina,TX,693,2.959,28.350178,-99.615258
72999,Aeg Petroleum,US-70 & SR-467,Portales,NM,593,3.68566666,34.177289,-103.355084
73000,TXB,FM-2147,Horseshoe Bay,TX,665,2.929,30.540758,-98.380570
73003,GAS PRO TRAVEL CENTER,US-25 & SR-88,Hephzibah,GA,135,3.599,33.292300,-82.095732
73005,NOBLE,US-20,Sturbridge,MA,215,3.999,42.097106,-72.054995
73007,VALERO,"I-85, EXIT 28 & SR-100",Hogansville,GA,50,3.66566666,33.166986,-84.902788
73008,MUSTANG XPRESS,US-183 & FM-1327,Austin,TX,595,3.33233333,30.298622,-97.754134
73009,THRIFT BULL TRUCK STOP,SR-103,San Augustine,TX,618,3.499,31.529899,-94.110894
73012,FUELPORT # 1,FM-143,San Antonio,TX,740,3.049,29.462809,-98.524635
73013,247 TRUCK STOP,I-40 EXIT 247,Widener,AR,435,2.999,35.023498,-90.681934
73014,CIRCLE K #2726298,SR 33 & SR 50,Mascotte,FL,140,3.539,28.605189,-81.905977
73015,76,US 40,Franklinville,NJ,150,3.169,39.618004,-75.072981
73016,PARKERS #112,SR 67,Statesboro,GA,195,3.199,32.437726,-81.775637
73017,U Stop #36,US 136 & SR 50,Tecumseh,NE,413,3.399,40.371817,-96.188706
73018,Smart Stop Travel Center,US 271 & SR 37,Bogata,TX,723,3.199,33.469793,-95.213550
73021,Circle K #2746245,I 35W EXIT 6,Minneapolis,MN,448,3.599,44.963324,-93.268320
73025,151 TRAVEL CENTER,SR 34 & N Central Rd,Darlington,SC,46,3.299,34.301320,-79.867162
73026,Gas N Wash,SR-171,Lemont,IL,290,3.299,41.667328,-87.984411
73026,Gas N Wash,SR-171,Lemont,IL,290,3.599,41.667328,-87.984411
73026,Gas N Wash,SR-171,Lemont,IL,290,3.499,41.667328,-87.984411
73028,PETRO HENDERSON #968,"I-11, EXIT 15A",Henderson,NV,910,3.639,36.008958,-115.026800
73029,One9 #1417,I-35 Exit 323,Lorena,TX,765,2.90233333,31.383111,-97.210204
73030,SPEED TREK TRAVEL CENTER,I-90 EXIT 25,Belvidere,IL,520,3.899,42.265448,-88.887758
73030,SPEED TREK TRAVEL CENTER,I-90 EXIT 25,Belvidere,IL,520,3.699,42.265448,-88.887758
73030,SPEED TREK TRAVEL CENTER,I-90 EXIT 25,Belvidere,IL,520,3.799,42.265448,-88.887758
73031,Travel Refresh,US 59,Corrigan,TX,618,2.949,30.998809,-94.827486
73032,Parkers #110,SR 56,Augusta,GA,135,3.19233333,33.444391,-82.022096
73033,QUARLES #54242,SR-152,Pampa,TX,585,3.499,35.547853,-100.965030
73035,QUIKTRIP #7909,US-10,El Paso,TX,640,2.849,31.847780,-106.431106
73036,Maverik Country Store #741,US-80,Rock Springs,WY,827,3.30733333,41.594705,-109.220921
73037,TA EXPRESS #567,"I-20, EXIT 81 & SR-149",Ruston,LA,745,3.114,32.532986,-92.635327
73039,Spinx  #292,"I-26, EXIT 10",Inman,SC,210,3.16566666,35.046134,-82.089808
73040,TAILGATE #3,SR 21,Bryan,TX,670,3.599,30.666016,-96.381049
73041,Racetrac #182,US- 19,Hampton,GA,67,2.999,33.377704,-84.298974
73042,MAVERIK #728,Hwy 483,Lovington,NM,593,3.094,32.944466,-103.349225
73043,MAVERIK #740,"I-25, EXIT 347",Las Vegas,NM,580,3.16233333,35.604818,-105.217023
73044,Maverik #732,"US 20, EXIT 310",Idaho Falls,ID,825,3.394,43.489616,-112.035340
73045,MAVERIK #717,US-395,Spokane,WA,970,3.979,47.666935,-117.433322
73045,MAVERIK #717,US-395,Spokane,WA,970,3.999,47.666935,-117.433322
73046,Refuel #63,US 501 & SR 544,Conway,SC,46,3.134,33.834533,-79.049173
73048,ALLSUPS CONVENIENCE STORE #2473,US-287,Bowie,TX,630,2.899,33.556959,-97.846101
73051,CIRCLE K #2709540,"I-10, EXIT 10 & SR-90",Sierra Vista,AZ,980,3.629,31.565410,-110.314508
73052,Circle K #2701875,US-78 E,Grovetown,GA,135,3.499,33.449769,-82.207966
73053,Circle K #2746108,"I-90/US-212, EXIT 447",Billings,MT,780,3.579,45.788538,-108.552475
73055,CIRCLE K #4707124,SR-3,Liberty,ME,203,4.099,44.369093,-69.336000
73056,CIRCLE K #2723033,"I-295, EXIT 21A & I-95",Fayetteville,NC,205,3.279,35.082766,-78.973515
73057,CIRCLE K #2703586,US-550 & SR-516,Flora Vista,NM,580,3.719,36.803059,-108.090194
73058,CIRCLE K #4707605,SR-365/SR-69/SR-49 & SR-26,Rome,NY,235,3.999,43.226002,-75.489523
73059,CIRCLE K #4705626,"I-77/US-62, EXIT 105 & SR-172",Canton,OH,249,3.459,40.807650,-81.367228
73061,Circle K #2709045,"US-62 & SR-375, EXIT 39",El Paso,TX,640,3.20233333,31.847780,-106.431106
73062,CIRCLE K #2741849,SR-358 & SR-286,Corpus Christi,TX,625,3.124,27.754252,-97.173385
73063,HOLIDAY STATIONSTORE #2746223,"I-35, EXIT 135 & US-61",Andover,MN,448,3.499,45.252420,-93.337402
73064,7-ELEVEN #42315,"I-85, Exit 88",Lexington,NC,765,3.399,35.797180,-80.274285
73065,RACETRAC #2631,"I-75, EXIT 285 & US-41/SR-3",Emerson,GA,193,2.88733333,34.131182,-84.745362
73066,QUIKTRIP #1499,I-10 EXIT 267,Tucson,AZ,980,3.06233333,32.153036,-110.870773
73067,J STARR,I-29 EXIT 8,Hankinson,ND,341,3.499,46.074053,-96.891028
73068,MAVERIK #5369,SR 21,Colorado Springs,CO,796,3.499,38.867255,-104.760749
73071,7-Eleven #42340,SR-340/SR-6,Woodway,TX,765,2.93233333,31.498334,-97.230789
73072,QUIKTRIP #7204,"I-57, EXIT 337 & SR-50",University Park,IL,365,3.249,41.446894,-87.712969
73072,QUIKTRIP #7204,"I-57, EXIT 337 & SR-50",University Park,IL,365,3.079,41.446894,-87.712969
73072,QUIKTRIP #7204,"I-57, EXIT 337 & SR-50",University Park,IL,365,3.179,41.446894,-87.712969
73073,QUIKTRIP #7075,"I-16/SR-404, EXIT 51 & US-441",Dublin,GA,85,2.999,32.535471,-82.928807
73074,RACETRAC #2641,HWY 59 & FM 989,Texarkana,TX,723,2.85733333,33.449204,-94.085008
73075,ALLSUPS CONVENIENCE STORE #2470,SR 18,Eunice,NM,710,3.099,32.436147,-103.149043
73076,MAVERIK #5148,US 40,Kremmling,CO,800,3.679,40.056542,-106.378216
73078,Shelee's Travel Center,"I-10, Exit 146",Coachella,CA,900,3.949,33.690380,-116.143128
73078,Shelee's Travel Center,"I-10, Exit 146",Coachella,CA,900,3.959,33.690380,-116.143128
73079,PILOT DEALER #1433,I-10 EXIT 160,Chandler,AZ,930,3.504,33.282765,-111.851819
73079,PILOT #1433,I-10 EXIT 160,Chandler,AZ,930,3.499,33.282765,-111.851819
73080,Circle K #2707255,"I-75, Exit 60",Tifton,GA,10,3.06233333,31.462099,-83.520499
73081,ALLSUPS #2476,I-40 EXIT 38 & SR 6,Elk City,OK,483,2.93066666,35.389612,-99.428749
73082,KWIK STAR #1153,US 71,Milford,IA,433,3.324,43.341717,-95.145709
73083,Kwik Star #1213,I-380 EXIT 2,North Liberty,IA,380,3.159,41.743619,-91.611179
73084,Kwik Trip #747,I-94 ALT & US-12,Baldwin,WI,448,3.499,44.954096,-92.371826
73085,Loves Travel Stop #550,I-75 EXIT 13,Valdosta,GA,982,3.22233333,30.850126,-83.278833
73090,Quiktrip #1148,I-26 EXIT 53,Flat Rock,NC,210,2.849,36.508005,-80.582180
73092,QUIKTRIP #4042,I-10,Converse,TX,740,2.94566666,29.512488,-98.304625
73093,GAS N WASH,I-355 EXIT 7,Lockport,IL,365,3.499,41.591001,-88.029697
73093,GAS N WASH,I-355 EXIT 7,Lockport,IL,365,3.399,41.591001,-88.029697
73094,MARATHON,US-24,Taylor,MI,325,3.539,42.225283,-83.267691
73094,MARATHON,US-24,Taylor,MI,325,3.499,42.225283,-83.267691
73095,Quiktrip #7250,US 49,Richland,MS,760,2.91566666,32.230413,-90.159622
73096,KWIK TRIP #748,US 8,Barron,WI,295,3.64733333,45.402192,-91.844350
73098,KWIK TRIP #1269,SR 27,Cadott,WI,448,3.40066666,44.949802,-91.153760
73099,Kwik Star #1296,SR 115,Harrisburg,SD,448,2.939,43.434258,-96.712429
73100,MAVERIK #747,I-215 Exit 21,Salt Lake City,UT,835,3.39233333,40.776928,-111.930991
73101,7-ELEVEN 42279,"I-76, Exit 39",Keenesburg,CO,800,3.149,40.155173,-104.563420
73103,RaceTrac #2654,I-20 EXIT 130,Greensboro,GA,16,3.399,33.563569,-83.189093
73106,ALLSUPS CONVENIENCE STORE #2472,US-75,Atoka,OK,253,2.96733333,34.386353,-96.131101
73112,SHEETZ #831,I-26 EXIT 44 & US 25,Hendersonville,NC,210,2.859,35.324302,-82.456282
73114,ROAD RANGER #319,"I-35E, EXIT 381",Milford,TX,630,3.03066666,32.121506,-96.950010
73117,MAVERIK #722,"I-29, EXIT 304",Baker City,OR,925,3.459,44.774972,-117.831808
73118,ALLSUPS #2432,US 287 & SR 34,Ennis,TX,630,2.929,32.325067,-96.633799
73119,Stinker #122,I-84 EXIT 36,Nampa,ID,785,3.40233333,43.586441,-116.563890
73120, Kwik Star #1184,US 61,Dubuque,IA,335,3.489,42.498901,-90.707258
73125,KWIK TRIP #1283,SR 83 & W CAPITOL DR,Hartland,WI,444,3.749,43.102352,-88.335595
73126,Kwik Trip #1298,US 10,Mondovi,WI,295,3.349,44.570255,-91.666851
73127,Gas N Wash,"I-55, EXIT 285",Chicago,IL,290,3.399,41.837045,-87.684939
73128,ALLSUPS CONVENIENCE STORE #2477,HWY 69 & 11th st ,Kiowa,OK,253,2.95733333,34.723294,-95.902895
73129,SHEETZ #837,I-94,Romulus,MI,325,3.099,42.223649,-83.366036
73130,A One Stop,"I-45, EXIT 246",Ennis,TX,630,2.93566666,32.325067,-96.633799
73131,Sheetz #838,"I-85, Exit 71",Salisbury,NC,46,2.859,35.666161,-80.492629
